,thermalZone.TAir,totalHeatingPower.y
0,293.15,2498.569637453121
1,293.217233333439,4997.139274906242
2,295.09084251031436,7495.708912359363
3,297.13643454492575,9994.278549812483
4,299.23352074752364,12492.848187265603
5,301.3713658218102,12492.848187265603
6,301.6386192441771,12492.848187265603
7,301.75956931363345,12492.848187265603
8,301.85723735877224,12492.848187265603
9,301.9417924549243,12492.848187265603
10,302.0172723199882,12492.848187265603
11,302.0851843313867,12492.848187265603
12,302.1460201200976,12492.848187265603
13,302.2007157804872,12492.848187265603
14,302.2501477351584,12492.848187265603
15,302.2947047038077,12492.848187265603
16,302.3346022688751,12492.848187265603
17,302.36988615229785,12492.848187265603
18,302.4012289688971,12492.848187265603
19,302.4296185443645,12492.848187265603
20,302.45635257080914,12492.848187265603
21,302.48235845857704,12492.848187265603
22,302.5075904702914,12492.848187265603
23,302.53144934842607,12492.848187265603
24,302.5531911654001,12492.848187265603
25,302.57273667932213,12492.848187265603
26,302.59090178110534,12492.848187265603
27,302.6082022287678,12492.848187265603
28,302.6246968179995,12492.848187265603
29,302.640448114071,12492.848187265603
30,302.65559744939173,12492.848187265603
31,302.67022370561426,12492.848187265603
32,302.6849941299107,12492.848187265603
33,302.7012873382485,12492.848187265603
34,302.7205959481175,12492.848187265603
35,302.744590597085,12492.848187265603
36,302.7723409425167,12492.848187265603
37,302.8049939215959,12492.848187265603
38,302.8432041597879,12492.848187265603
39,302.8843746831017,12492.848187265603
40,302.92564933463194,12492.848187265603
41,302.9648930909772,12492.848187265603
42,303.0030828994978,12492.848187265603
43,303.0397058077274,12492.848187265603
44,303.07358754014933,12492.848187265603
45,303.108505270315,12492.848187265603
46,303.14848421113373,12492.848187265603
47,303.2071566062571,9994.278549812483
48,301.3949952661221,7495.708912359361
49,299.4167130899296,4997.13927490624
50,297.3716792084804,2498.56963745312
51,295.2541085725724,0.0
52,293.08838033837424,0.0
53,292.79005206890787,0.0
54,292.63297540521836,0.0
55,292.49053573290433,0.0
56,292.3517530080291,0.0
57,292.216221928384,0.0
58,292.0858467654873,0.0
59,291.9752197603112,0.0
60,291.92388321393616,0.0
61,291.8977774460042,0.0
62,291.8394813006236,0.0
63,291.7287800376015,0.0
64,291.55028055184636,0.0
65,291.334991011718,0.0
66,291.1275917752869,0.0
67,290.9692109424774,0.0
68,290.839183355123,0.0
69,290.73660086707304,0.0
70,290.64153384325186,0.0
71,290.54928430033436,0.0
72,290.4590534788092,0.0
73,290.37077316589415,0.0
74,290.28460736107513,0.0
75,290.1995789027921,0.0
76,290.1146631638132,0.0
77,290.02186624988025,0.0
78,289.9101057599367,0.0
79,289.789969880516,0.0
80,289.6767666279935,0.0
81,289.5786958628801,0.0
82,289.48669013410245,0.0
83,289.39930862998074,0.0
84,289.3176661385424,0.0
85,289.2412382471008,0.0
86,289.166717005569,0.0
87,289.0937061715698,0.0
88,289.022564913224,0.0
89,288.95373389928244,0.0
90,288.88668314929527,1784.6925981808004
91,290.18143231660014,3569.3851963616007
92,291.60224242929246,5354.077794542401
93,293.05643286772937,7138.770392723201
94,294.53530459051444,8923.462990904001
95,296.03735095961406,10708.155589084801
96,297.5616825401087,12492.848187265603
97,299.1069111495944,12492.848187265603
98,299.3109000688142,12492.848187265603
99,299.407241905053,12492.848187265603
100,299.487466559416,12492.848187265603
101,299.5635918360993,12492.848187265603
102,299.64321875275397,12492.848187265603
103,299.72236379086695,12492.848187265603
104,299.79452998321074,12492.848187265603
105,299.852773029971,12492.848187265603
106,299.89684068695703,12492.848187265603
107,299.93507345798736,12492.848187265603
108,299.977193412547,12492.848187265603
109,300.03117998562516,12492.848187265603
110,300.0946954399679,12492.848187265603
111,300.16101389357254,12492.848187265603
112,300.22278568878164,12492.848187265603
113,300.27660363904647,12492.848187265603
114,300.3271214742953,12492.848187265603
115,300.3745248869362,12492.848187265603
116,300.4173732077312,12492.848187265603
117,300.4542939042148,12492.848187265603
118,300.48609268345194,12492.848187265603
119,300.5157515158051,12492.848187265603
120,300.5468603534815,12492.848187265603
121,300.58174364845087,12492.848187265603
122,300.619143404435,12492.848187265603
123,300.6571851239524,12492.848187265603
124,300.6941954917324,12492.848187265603
125,300.72658177854925,12492.848187265603
126,300.75223516196246,12492.848187265603
127,300.77863337780224,12492.848187265603
128,300.81605296366365,12492.848187265603
129,300.8675307812279,12492.848187265603
130,300.92409137298984,12492.848187265603
131,300.98806338572484,12492.848187265603
132,301.06803436771366,10708.155589084803
133,299.8022294721755,8923.462990904003
134,298.40527146012636,7138.770392723201
135,296.9508515015205,5354.0777945424015
136,295.4464823016418,3569.385196361602
137,293.9115687478745,1784.692598180801
138,292.3587517287519,0.0
139,290.8127295394524,0.0
140,290.65751640455943,0.0
141,290.63978784490166,0.0
142,290.6294406986137,0.0
143,290.5962231930831,0.0
144,290.5585422333222,0.0
145,290.519170769832,0.0
146,290.4814064970454,0.0
147,290.44301647553624,0.0
148,290.40098878647774,0.0
149,290.3508666324842,0.0
150,290.29153057650444,0.0
151,290.22449655581283,0.0
152,290.15422078320347,0.0
153,290.0842656161687,0.0
154,290.014131498829,0.0
155,289.9424154203801,0.0
156,289.86566876086965,0.0
157,289.7866635679432,0.0
158,289.70922071565536,0.0
159,289.6360339267622,0.0
160,289.5633970340737,0.0
161,289.4863082021237,0.0
162,289.4052126730688,0.0
163,289.3262390567542,0.0
164,289.25205327343974,0.0
165,289.1853696297281,0.0
166,289.1215449224653,0.0
167,289.05984716063205,0.0
168,289.0006983516433,0.0
169,288.945133408046,0.0
170,288.89335748299544,0.0
171,288.84353193868344,0.0
172,288.7933178529753,0.0
173,288.7370890139842,0.0
174,288.67082311185254,0.0
175,288.60562749035364,0.0
176,288.555155071876,0.0
177,288.52485905984463,0.0
178,288.4994232266002,0.0
179,288.475205049018,0.0
180,288.45196989690845,0.0
181,288.4297232191028,0.0
182,288.4083664194583,0.0
183,288.38787041205535,0.0
184,288.3682334196196,0.0
185,288.34665994754613,0.0
186,288.3182502148024,6246.4240936328015
187,293.04940438590125,12492.848187265603
188,298.22306907119594,12492.848187265603
189,298.75517178900515,12492.848187265603
190,298.93423046383884,12492.848187265603
191,299.07381408878206,12492.848187265603
192,299.1990748517352,12492.848187265603
193,299.31359637849465,12492.848187265603
194,299.4184831419247,12492.848187265603
195,299.51544682075127,12492.848187265603
196,299.60627134117294,12492.848187265603
197,299.69507161168315,12492.848187265603
198,299.78579913556587,12492.848187265603
199,299.872798083955,12492.848187265603
200,299.9483243904477,12492.848187265603
201,300.0072196946896,12492.848187265603
202,300.05366038680904,12492.848187265603
203,300.09196528232457,12492.848187265603
204,300.12607384564564,12492.848187265603
205,300.1554723450464,12492.848187265603
206,300.1762006518452,12492.848187265603
207,300.19623366830757,12492.848187265603
208,300.22616770270133,12492.848187265603
209,300.2728113522414,12492.848187265603
210,300.3295518609661,12492.848187265603
211,300.3910588506902,12492.848187265603
212,300.45293076572284,12492.848187265603
213,300.5128580539132,12492.848187265603
214,300.5728240028129,6246.4240936328015
215,295.86824435885114,0.0
216,290.72001731014626,0.0
217,290.2040423368965,0.0
218,290.0151702144292,0.0
219,289.8541676378377,0.0
220,289.71460213766835,0.0
221,289.60826880454425,0.0
222,289.52707204323065,0.0
223,289.46091972352866,0.0
224,289.4028201316618,0.0
225,289.3552130893219,0.0
226,289.2871288121912,0.0
227,289.30174086441923,0.0
228,289.54494909047,0.0
229,289.8172462322722,0.0
230,289.98800720678645,0.0
231,290.03094731148406,0.0
232,290.02394347754574,0.0
233,290.03622443542963,0.0
234,290.020494589676,0.0
235,289.9998315549827,0.0
236,289.99654074891964,0.0
237,289.99838560069907,0.0
238,290.0166723463938,0.0
239,290.0566287872122,0.0
240,290.1090285333247,0.0
241,290.1750190793724,0.0
242,290.3078870070906,0.0
243,290.4231690334173,0.0
244,290.51169835406535,0.0
245,290.6121585616565,0.0
246,290.69601077966877,0.0
247,290.7818419012201,0.0
248,290.8335699257808,0.0
249,290.8418326103628,0.0
250,290.8027473952353,0.0
251,290.7064222262298,0.0
252,290.55079609795695,0.0
253,290.3234261261614,0.0
254,290.107951554929,0.0
255,289.8749209892729,6246.4240936328015
256,294.315089218619,12492.848187265603
257,299.2128043342073,12492.848187265603
258,299.54331421869597,12492.848187265603
259,299.6239633261698,12492.848187265603
260,299.6884826252201,12492.848187265603
261,299.75097070516983,12492.848187265603
262,299.82161696646403,12492.848187265603
263,299.89761097957904,12492.848187265603
264,299.97280741331247,12492.848187265603
265,300.04492612257576,12492.848187265603
266,300.1164913443665,12492.848187265603
267,300.18446995624817,12492.848187265603
268,300.2441316919901,12492.848187265603
269,300.2937957413245,12492.848187265603
270,300.33902224820224,12492.848187265603
271,300.3813477408382,12492.848187265603
272,300.42112446510663,12492.848187265603
273,300.45818564282877,12492.848187265603
274,300.4925768727808,12492.848187265603
275,300.52529182354044,12492.848187265603
276,300.5574559584736,12492.848187265603
277,300.59103156214184,12492.848187265603
278,300.6273899768194,12492.848187265603
279,300.6650513654837,12492.848187265603
280,300.70185794778365,12492.848187265603
281,300.7365474230013,12492.848187265603
282,300.7700209596974,12492.848187265603
283,300.80267180877536,12492.848187265603
284,300.8345754067686,12492.848187265603
285,300.8662428753337,12492.848187265603
286,300.8984171998028,12492.848187265603
287,300.93073956150465,12492.848187265603
288,300.96249822256186,12492.848187265603
289,300.9921768161586,12492.848187265603
290,301.0185815577838,12492.848187265603
291,301.0434993178787,12492.848187265603
292,301.0695305489271,12492.848187265603
293,301.10533800941363,12492.848187265603
294,301.1604240790932,12492.848187265603
295,301.2229107213981,12492.848187265603
296,301.2762092418951,12492.848187265603
297,301.3122528628725,12492.848187265603
298,301.3435293498743,12492.848187265603
299,301.3737889868968,12492.848187265603
300,301.40426656934255,12492.848187265603
301,301.43521746802634,12492.848187265603
302,301.46613869503386,12492.848187265603
303,301.49756958045043,12492.848187265603
304,301.5303375108863,6246.4240936328015
305,296.8039373726846,0.0
306,291.6454182328603,0.0
307,291.136489388914,0.0
308,290.9796597327887,0.0
309,290.85773825856484,0.0
310,290.7487998697575,0.0
311,290.6476503705066,0.0
312,290.55026618929935,0.0
313,290.4536113568483,0.0
314,290.35898606832774,0.0
315,290.26789777127885,0.0
316,290.1815986908148,0.0
317,290.1016643487385,0.0
318,290.02807017343633,0.0
319,289.95924823377067,0.0
320,289.89377209484064,0.0
321,289.81523480251116,0.0
322,289.7010383572163,0.0
323,289.57359960159505,0.0
324,289.46780058910645,0.0
325,289.4011112141951,0.0
326,289.35201830978656,0.0
327,289.3495293678318,0.0
328,289.4681468641952,0.0
329,289.61942984441316,0.0
330,289.79379003000486,0.0
331,289.8852393226565,0.0
332,289.941045974613,0.0
333,289.98063516706867,0.0
334,290.0148056402723,0.0
335,290.0572527898822,0.0
336,290.1456648056077,0.0
337,290.23895265809455,0.0
338,290.32934815841816,0.0
339,290.4274617569755,0.0
340,290.5226875632646,0.0
341,290.5737471994939,0.0
342,290.6055017149733,0.0
343,290.6217626755166,0.0
344,290.61029844314805,0.0
345,290.55234899347374,0.0
346,290.41434273508935,0.0
347,290.2155066246066,0.0
348,289.86915862269296,0.0
349,289.47101167685753,1784.6925981808004
350,290.50444614270884,3569.3851963616007
351,291.8454045636185,5354.077794542401
352,293.26003472024865,7138.770392723201
353,294.7102434645282,8923.462990904001
354,296.1923107421221,10708.155589084801
355,297.70454499250445,12492.848187265603
356,299.24238920689857,12492.848187265603
357,299.4456161042705,12492.848187265603
358,299.5533930745283,12492.848187265603
359,299.6498831752997,12492.848187265603
360,299.7349628201758,12492.848187265603
361,299.8037335047385,12492.848187265603
362,299.85906379623816,12492.848187265603
363,299.906939033351,12492.848187265603
364,299.9535985855499,12492.848187265603
365,300.00359642450564,12492.848187265603
366,300.05527000428026,12492.848187265603
367,300.1057150326413,12492.848187265603
368,300.152058811069,12492.848187265603
369,300.19029987175117,12492.848187265603
370,300.21925285128043,12492.848187265603
371,300.24431375612085,12492.848187265603
372,300.27224918523547,12492.848187265603
373,300.3094943012843,12492.848187265603
374,300.356035479485,10708.155589084803
375,299.0450363132155,8923.462990904003
376,297.60375274689653,7138.770392723201
377,296.12259098514807,5354.0777945424015
378,294.61403669276285,3569.385196361602
379,293.0766161404544,1784.692598180801
380,291.50643645933224,0.0
381,289.9023372010261,0.0
382,289.63497249729824,0.0
383,289.472845016453,0.0
384,289.327745795226,0.0
385,289.19185517669837,0.0
386,289.0627451471539,0.0
387,288.93851244485523,0.0
388,288.81871569135626,0.0
389,288.7017739234689,0.0
390,288.5864971307225,0.0
391,288.47320089580603,0.0
392,288.36266155214474,0.0
393,288.2636764186386,0.0
394,288.18919641914295,0.0
395,288.1272442648723,0.0
396,288.06041778007716,0.0
397,287.97328576757843,0.0
398,287.8679797904446,0.0
399,287.7586782733195,0.0
400,287.661395627665,0.0
401,287.5856870669137,0.0
402,287.5217044752458,0.0
403,287.46135964562427,0.0
404,287.39796050912895,0.0
405,287.3278166842305,0.0
406,287.255186460844,0.0
407,287.1828753741145,0.0
408,287.11283814542344,0.0
409,287.0462224955787,0.0
410,286.9816334669322,0.0
411,286.91808105008835,0.0
412,286.85487181497257,0.0
413,286.7895299488888,0.0
414,286.71991337302023,0.0
415,286.6526553160808,0.0
416,286.59797949772826,0.0
417,286.56443233839366,1041.0706822721336
418,287.342223399572,2082.141364544267
419,288.2293627700408,3123.2120468164007
420,289.22613738661175,4164.282729088534
421,290.29045240141284,5205.353411360667
422,291.3583091778253,6246.4240936328015
423,292.4821631975949,7287.494775904934
424,293.63624048897566,8328.565458177069
425,294.78448198644617,9369.636140449202
426,295.92430751386837,10410.706822721335
427,297.0373660735245,11451.777504993468
428,298.13500960699895,12492.848187265603
429,299.2237041506477,12492.848187265603
430,299.5186231622648,12492.848187265603
431,299.7567509249622,12492.848187265603
432,299.94248841309957,12492.848187265603
433,300.0820860806956,12492.848187265603
434,300.19404744482193,12492.848187265603
435,300.29500301532846,12492.848187265603
436,300.3686677998051,12492.848187265603
437,300.3857797042425,12492.848187265603
438,300.41841429422215,12492.848187265603
439,300.46809654800694,12492.848187265603
440,300.5558078053767,12492.848187265603
441,300.6575935275114,12492.848187265603
442,300.73260956126006,12492.848187265603
443,300.7154097870444,12492.848187265603
444,300.55529015593135,12492.848187265603
445,300.29801009004257,12492.848187265603
446,300.0758119423319,12492.848187265603
447,299.9799291517187,12492.848187265603
448,299.90134060445325,12492.848187265603
449,299.82877921213714,12492.848187265603
450,299.79262227870004,12492.848187265603
451,299.7827424284355,12492.848187265603
452,299.7880963885786,12492.848187265603
453,299.8069415926775,12492.848187265603
454,299.8323470389581,12492.848187265603
455,299.86067504959107,12492.848187265603
456,299.88960798223127,12492.848187265603
457,299.91788891383385,12492.848187265603
458,299.94583970549394,12492.848187265603
459,299.9735565153191,12492.848187265603
460,300.00096692660344,12492.848187265603
461,300.0175707049335,12492.848187265603
462,300.0076157414505,12492.848187265603
463,299.9879272339849,12492.848187265603
464,299.98265537507393,12492.848187265603
465,300.00919900456483,12492.848187265603
466,300.0578344312551,11451.777504993468
467,299.31981234992,10410.706822721337
468,298.50144582890863,9369.636140449202
469,297.64927174922224,8328.56545817707
470,296.7789057437959,7287.4947759049355
471,295.8934287209722,6246.4240936328015
472,294.9925742700784,5205.353411360669
473,294.0763006294711,4164.282729088535
474,293.1469985660408,3123.2120468164007
475,292.20670470490404,2082.141364544268
476,291.2572553412689,1041.070682272134
477,290.2996663291162,0.0
478,289.3335363062452,0.0
479,289.1526659266803,0.0
480,289.03883754164656,0.0
481,288.93810673364953,0.0
482,288.8455376365098,0.0
483,288.75908257198523,0.0
484,288.67698548103704,0.0
485,288.5984988579663,0.0
486,288.52299736794816,0.0
487,288.4505828809661,0.0
488,288.3808955378379,0.0
489,288.31269283571885,0.0
490,288.24455707443815,0.0
491,288.1773569193311,0.0
492,288.11255230308393,0.0
493,288.05444463268947,0.0
494,288.006965483866,0.0
495,287.9644694271566,0.0
496,287.9190425355933,0.0
497,287.8628189760918,0.0
498,287.7952787133262,0.0
499,287.72425457382053,0.0
500,287.6590965429124,0.0
501,287.6054204923454,0.0
502,287.5576981892227,0.0
503,287.5119319956698,0.0
504,287.4649596332239,0.0
505,287.4144786100577,0.0
506,287.36113233908986,892.3462990904002
507,287.98812051805294,1784.6925981808004
508,288.6806996760526,2677.0388972712003
509,289.3942844262353,3569.3851963616007
510,290.1237373833795,4461.731495452001
511,290.8705793401922,5354.077794542401
512,291.6387924625294,6246.4240936328015
513,292.42669542576857,7138.770392723201
514,293.2277237231844,8031.116691813601
515,294.03928106314294,8923.462990904001
516,294.8614013432473,9815.809289994402
517,295.69394673196416,10708.155589084801
518,296.536555625154,11600.501888175202
519,297.3902062467462,12492.848187265603
520,298.25508098751567,12492.848187265603
521,298.4417742971216,12492.848187265603
522,298.5540650616832,12492.848187265603
523,298.6450875213841,12492.848187265603
524,298.7335812728051,12492.848187265603
525,298.8288535235847,12492.848187265603
526,298.923705380197,12492.848187265603
527,299.01469831443467,12492.848187265603
528,299.0993408173421,12492.848187265603
529,299.1752913065347,12492.848187265603
530,299.2429563347563,12492.848187265603
531,299.3059710329788,12492.848187265603
532,299.3687623838079,12492.848187265603
533,299.43289837988823,12492.848187265603
534,299.4943918359931,12492.848187265603
535,299.55266966002364,12492.848187265603
536,299.6081589023725,12492.848187265603
537,299.6609852546328,11600.501888175204
538,299.03043553310624,10708.155589084803
539,298.3335295486038,9815.809289994402
540,297.61593362233225,8923.462990904003
541,296.8830602766338,8031.116691813602
542,296.1365314390587,7138.770392723201
543,295.37759586182307,6246.4240936328015
544,294.60554927344543,5354.0777945424015
545,293.81786084761154,4461.731495452002
546,293.0116686529642,3569.385196361602
547,292.1946180517444,2677.0388972712008
548,291.3742619000183,1784.692598180801
549,290.55602492934617,892.3462990904012
550,289.73422547842387,0.0
551,288.90595657639915,0.0
552,288.7495232630438,0.0
553,288.645803910209,0.0
554,288.5475722933558,0.0
555,288.45514843870075,0.0
556,288.37317448418986,0.0
557,288.30313642141874,0.0
558,288.2386398682665,0.0
559,288.17751623920464,0.0
560,288.1196149642756,0.0
561,288.0642078825761,0.0
562,288.01127019740346,0.0
563,287.9605138161274,0.0
564,287.9116563651121,0.0
565,287.86326312898,0.0
566,287.8131941267761,0.0
567,287.7621983764643,0.0
568,287.711814517,0.0
569,287.66282582728826,0.0
570,287.614464636965,1388.0942430295113
571,288.6249270663098,2776.1884860590226
572,289.73403234359114,4164.282729088534
573,290.86824233113794,5552.376972118045
574,292.0177696768662,6940.471215147558
575,293.1839506315991,8328.565458177069
576,294.36948364030434,9716.65970120658
577,295.5748721353454,11104.75394423609
578,296.7979238902805,12492.848187265603
579,298.0373672057077,12492.848187265603
580,298.2343938611224,12492.848187265603
581,298.3486017409887,12492.848187265603
582,298.44883154525985,12492.848187265603
583,298.5414121072525,12492.848187265603
584,298.62800272122587,12492.848187265603
585,298.70923061626615,12492.848187265603
586,298.7859027674408,12492.848187265603
587,298.8586133226035,12492.848187265603
588,298.92792507906944,12492.848187265603
589,298.9845425506004,12492.848187265603
590,299.0139867477389,12492.848187265603
591,299.03218057351916,12492.848187265603
592,299.0617334076159,12492.848187265603
593,299.11355784089585,12492.848187265603
594,299.17014481138216,12492.848187265603
595,299.22649108575814,12492.848187265603
596,299.28130611476854,12492.848187265603
597,299.33418146760704,12492.848187265603
598,299.3858470377536,12492.848187265603
599,299.43633359200305,12492.848187265603
600,299.4853275610251,12492.848187265603
601,299.5282934811141,12492.848187265603
602,299.5584339757173,12492.848187265603
603,299.58200684040276,12492.848187265603
604,299.60837719134565,12492.848187265603
605,299.64470183088775,12492.848187265603
606,299.6890090026735,12492.848187265603
607,299.7377338967086,12492.848187265603
608,299.78857715818157,12492.848187265603
609,299.83683174150497,12492.848187265603
610,299.8750456389117,12492.848187265603
611,299.96397329044834,12492.848187265603
612,300.19024122591867,12492.848187265603
613,300.4259304431498,11104.75394423609
614,299.56472277673055,9716.65970120658
615,298.53522986530385,8328.56545817707
616,297.43657993545787,6940.471215147558
617,296.3253157562895,5552.376972118045
618,295.15124785204983,4164.282729088535
619,293.9313482325001,2776.188486059024
620,292.6991380513837,1388.094243029512
621,291.44989046874787,0.0
622,290.1586600937126,0.0
623,289.94571068952985,0.0
624,289.83856372908747,0.0
625,289.7600276688183,0.0
626,289.70476000626314,0.0
627,289.70321435756216,0.0
628,289.7012681440405,0.0
629,289.7072115482118,0.0
630,289.73839014693004,0.0
631,289.7487712767803,0.0
632,289.74418268761946,0.0
633,289.77031806752154,0.0
634,289.78588744348815,0.0
635,289.76718141969064,0.0
636,289.70908074536914,0.0
637,289.6165632617799,0.0
638,289.5010130128887,0.0
639,289.35595249264946,0.0
640,289.15167363946335,0.0
641,288.88022789861634,0.0
642,288.6172618537205,0.0
643,288.43076670052113,0.0
644,288.2913102741849,0.0
645,288.19490009367024,0.0
646,288.1101240609753,0.0
647,288.0307841936865,0.0
648,287.9578264807218,0.0
649,287.8908233730465,0.0
650,287.8263324444602,0.0
651,287.7628197479134,0.0
652,287.6994431322191,12492.848187265603
653,297.16498580015383,12492.848187265603
654,297.9877268286354,12492.848187265603
655,298.1659873755801,12492.848187265603
656,298.28169493952595,12492.848187265603
657,298.3792316702669,12492.848187265603
658,298.4640541940672,12492.848187265603
659,298.53856594101956,12492.848187265603
660,298.60455926123944,12492.848187265603
661,298.663238752695,12492.848187265603
662,298.71521489677565,12492.848187265603
663,298.7612457699793,12492.848187265603
664,298.8022194417955,12492.848187265603
665,298.83759393700393,12492.848187265603
666,298.86521393981,0.0
667,289.35865554220914,0.0
668,288.4933406459715,0.0
669,288.28178265941534,0.0
670,288.15234375740914,0.0
671,288.0462537876889,0.0
672,287.9385069665614,0.0
673,287.81465008040607,0.0
674,287.68358660429647,0.0
675,287.5539844684058,0.0
676,287.4337494364397,0.0
677,287.3261374340896,0.0
678,287.22416337452285,0.0
679,287.1253563035779,0.0
680,287.0284742543291,0.0
681,286.93275133657295,0.0
682,286.8380569444276,0.0
683,286.74451220812665,0.0
684,286.65234589837445,0.0
685,286.56246876240385,0.0
686,286.4770710040891,0.0
687,286.3983885932454,0.0
688,286.32851739722236,0.0
689,286.2755414442355,0.0
690,286.2482624345993,0.0
691,286.2338005323386,0.0
692,286.2144968916384,0.0
693,286.18188491525996,0.0
694,286.14700313343207,0.0
695,286.11025704090287,0.0
696,286.06868598489234,0.0
697,286.02190969278627,0.0
698,285.97469377687617,0.0
699,285.92815786537096,0.0
700,285.88235161644457,0.0
701,285.83726919779144,0.0
702,285.7928972653722,0.0
703,285.7500796760304,3123.2120468164007
704,288.0924350113018,6246.4240936328015
705,290.65489095929627,9369.636140449202
706,293.27075902712926,12492.848187265603
707,295.93085995298514,12492.848187265603
708,296.26048959302875,12492.848187265603
709,296.4212867988512,12492.848187265603
710,296.56256743399695,12492.848187265603
711,296.7047777453702,12492.848187265603
712,296.8707406482439,12492.848187265603
713,297.0496502696549,12492.848187265603
714,297.2110172267969,12492.848187265603
715,297.3192651452275,12492.848187265603
716,297.36592241316896,12492.848187265603
717,297.38928565470894,12492.848187265603
718,297.4271874825149,12492.848187265603
719,297.51156197645236,12492.848187265603
720,297.6361506730454,12492.848187265603
721,297.7770359389616,12492.848187265603
722,297.9041504463672,9369.636140449202
723,295.61754344186113,6246.4240936328015
724,293.09032686248025,3123.2120468164007
725,290.48335268455224,0.0
726,287.80822611859276,0.0
727,287.44561094700515,0.0
728,287.2375393584732,0.0
729,287.05096770488103,0.0
730,286.9024448048866,0.0
731,286.7925575038565,0.0
732,286.69169541040037,0.0
733,286.58886045658835,0.0
734,286.48532485796136,0.0
735,286.3842704216734,0.0
736,286.2888275629143,0.0
737,286.20411355409635,0.0
738,286.130229994617,0.0
739,286.0649126245007,0.0
740,286.00199429762466,0.0
741,285.9383979491922,0.0
742,285.87515100386736,0.0
743,285.81340511360895,2082.141364544267
744,287.3421410427103,4164.282729088534
745,289.02225145249736,6246.4240936328015
746,290.745985258167,8328.565458177069
747,292.5009260366176,10410.706822721335
748,294.2827970804091,12492.848187265603
749,296.0880675216704,12492.848187265603
750,296.3267397086184,12492.848187265603
751,296.4395685917714,12492.848187265603
752,296.5350349416722,12492.848187265603
753,296.62328361381407,12492.848187265603
754,296.70512800357494,12492.848187265603
755,296.78115826048185,12492.848187265603
756,296.8521863310099,12492.848187265603
757,296.9193105725156,12492.848187265603
758,296.9835644173532,12492.848187265603
759,297.04455422180035,12492.848187265603
760,297.1012845850661,12492.848187265603
761,297.1527187547523,12492.848187265603
762,297.19936176242715,12492.848187265603
763,297.2426923227166,12492.848187265603
764,297.2843182356948,12492.848187265603
765,297.3248852599409,12492.848187265603
766,297.364432735003,12492.848187265603
767,297.40299601988175,12492.848187265603
768,297.44084771451816,12492.848187265603
769,297.47936426179854,12492.848187265603
770,297.5200587512084,12492.848187265603
771,297.5610275109418,12492.848187265603
772,297.59990288798974,12492.848187265603
773,297.63453060358256,10410.706822721337
774,296.07722273904983,8328.56545817707
775,294.3716435033793,6246.4240936328015
776,292.62626298039277,4164.282729088535
777,290.85316132419877,2082.141364544268
778,289.0529884595387,0.0
779,287.22725296889666,0.0
780,286.96627622343823,0.0
781,286.8294908900498,0.0
782,286.71208340808363,0.0
783,286.6043268610161,0.0
784,286.5040188055689,0.0
785,286.4101664044095,0.0
786,286.3218929997259,0.0
787,286.2385545342137,0.0
788,286.15941073660844,0.0
789,286.08418341152134,0.0
790,286.01314550366686,0.0
791,285.9459102747129,0.0
792,285.881772767763,0.0
793,285.8212531028312,0.0
794,285.765646087853,1388.0942430295113
795,286.7715390596239,2776.1884860590226
796,287.87466552017906,4164.282729088534
797,289.00299332450425,5552.376972118045
798,290.1517894483368,6940.471215147558
799,291.3199235173986,8328.565458177069
800,292.50569791197734,9716.65970120658
801,293.71046549047804,11104.75394423609
802,294.93785274636144,12492.848187265603
803,296.1868839899974,12492.848187265603
804,296.3934734140267,12492.848187265603
805,296.51871713059427,12492.848187265603
806,296.6370665330323,12492.848187265603
807,296.75199184950105,12492.848187265603
808,296.8602051595197,12492.848187265603
809,296.9581928049638,12492.848187265603
810,297.0474951450637,12492.848187265603
811,297.13122631033616,12492.848187265603
812,297.2119854624955,12492.848187265603
813,297.2923129623207,12492.848187265603
814,297.371007439545,12492.848187265603
815,297.44767376378394,12492.848187265603
816,297.5212459162293,12492.848187265603
817,297.59220695494224,12492.848187265603
818,297.66174024868184,12492.848187265603
819,297.7285768979784,12492.848187265603
820,297.79041040310227,12492.848187265603
821,297.8448854166454,12492.848187265603
822,297.8913373637962,12492.848187265603
823,297.9307141418051,12492.848187265603
824,297.9652591376498,12492.848187265603
825,297.9954341890298,12492.848187265603
826,298.0207980500428,12492.848187265603
827,298.04276844918166,12492.848187265603
828,298.06358252183514,12492.848187265603
829,298.08545770444147,12492.848187265603
830,298.10875029770693,12492.848187265603
831,298.1321308976259,12492.848187265603
832,298.1541062528651,12492.848187265603
833,298.17561995348757,12492.848187265603
834,298.19988601575176,12492.848187265603
835,298.22782733169214,12492.848187265603
836,298.2567271492671,12492.848187265603
837,298.28517293902746,12492.848187265603
838,298.3128364843411,12492.848187265603
839,298.339987057169,12492.848187265603
840,298.36737916518456,12492.848187265603
841,298.3953680148922,12492.848187265603
842,298.42345799571746,12492.848187265603
843,298.45162711665847,12492.848187265603
844,298.47998565671884,12492.848187265603
845,298.50862575242587,12492.848187265603
846,298.5375407732293,12492.848187265603
847,298.56665347989355,11104.75394423609
848,297.5371712442184,9716.65970120658
849,296.4096388084411,8328.56545817707
850,295.25630718803615,6940.471215147558
851,294.082955648744,5552.376972118045
852,292.8906172237403,4164.282729088535
853,291.6797702118113,2776.188486059024
854,290.45122830702593,1388.094243029512
855,289.2070497851854,0.0
856,287.94934069730374,0.0
857,287.73818284141265,0.0
858,287.61281845796316,0.0
859,287.50218298074327,0.0
860,287.39938162277144,0.0
861,287.30305572769925,0.0
862,287.2122601765357,0.0
863,287.12626009763125,0.0
864,287.0445202678034,0.0
865,286.96722654950867,0.0
866,286.8958091624057,0.0
867,286.82860445711844,0.0
868,286.7632002559107,0.0
869,286.69868509505994,1041.0706822721336
870,287.4298440000034,2082.141364544267
871,288.2365490590217,3123.2120468164007
872,289.0650076472601,4164.282729088534
873,289.9099194801504,5205.353411360667
874,290.7695549079246,6246.4240936328015
875,291.64321885468485,7287.494775904934
876,292.52987514743904,8328.565458177069
877,293.43028076084073,9369.636140449202
878,294.34658886706404,10410.706822721335
879,295.2754735092809,11451.777504993468
880,296.2124994955608,12492.848187265603
881,297.15420902966343,12492.848187265603
882,297.3072666146026,12492.848187265603
883,297.394696515736,12492.848187265603
884,297.4721754410711,12492.848187265603
885,297.54591411049614,12492.848187265603
886,297.61514149626873,12492.848187265603
887,297.67992390271934,12492.848187265603
888,297.7408418248979,12492.848187265603
889,297.7982580159981,12492.848187265603
890,297.85273690374476,12492.848187265603
891,297.9047530805786,12492.848187265603
892,297.9543182585985,12492.848187265603
893,298.0044059593247,12492.848187265603
894,298.05903877476715,12492.848187265603
895,298.1154644218926,12492.848187265603
896,298.1696168088759,12492.848187265603
897,298.2190344616118,12492.848187265603
898,298.2651096161455,12492.848187265603
899,298.31413950708964,12492.848187265603
900,298.36897385746346,12492.848187265603
901,298.4350766343913,12492.848187265603
902,298.5117481556962,12492.848187265603
903,298.5924504225545,12492.848187265603
904,298.6696983448402,11451.777504993468
905,297.9458731235979,10410.706822721337
906,297.1456797715347,9369.636140449202
907,296.3224948762278,8328.56545817707
908,295.4798854304401,7287.4947759049355
909,294.61790916276897,6246.4240936328015
910,293.7378196950883,5205.353411360669
911,292.84376617456684,4164.282729088535
912,291.9392554102511,3123.2120468164007
913,291.0265462095908,2082.141364544268
914,290.1032700720599,1041.070682272134
915,289.1692636466998,0.0
916,288.22468473486225,0.0
917,288.0636513191019,0.0
918,287.965086838545,0.0
919,287.875387482752,0.0
920,287.79021200237327,0.0
921,287.7082114960963,0.0
922,287.62835867350975,0.0
923,287.54995098348144,0.0
924,287.472641585047,0.0
925,287.39691620248374,0.0
926,287.32289799608736,0.0
927,287.25077388168074,0.0
928,287.18004878864497,0.0
929,287.1099885995417,0.0
930,287.0398023628433,0.0
931,286.9734197310022,0.0
932,286.9136455863326,0.0
933,286.8618436727978,0.0
934,286.81350662604035,0.0
935,286.76716229138225,0.0
936,286.7220861738738,0.0
937,286.67808404038936,0.0
938,286.6350488999808,0.0
939,286.5929099630053,0.0
940,286.5515870382323,0.0
941,286.5090982889133,0.0
942,286.4623469354436,0.0
943,286.41345145294974,0.0
944,286.3656897523136,0.0
945,286.32151750208624,0.0
946,286.2808187876632,0.0
947,286.24297529200174,2498.569637453121
948,288.1136142794134,4997.139274906242
949,290.16748861717394,7495.708912359363
950,292.28111314216443,9994.278549812483
951,294.4363763397086,12492.848187265603
952,296.6195610942457,12492.848187265603
953,296.91328000534173,12492.848187265603
954,297.0439387723162,12492.848187265603
955,297.1483727795376,12492.848187265603
956,297.2500527893063,12492.848187265603
957,297.35862638162024,12492.848187265603
958,297.46842015506377,12492.848187265603
959,297.57441577804394,12492.848187265603
960,297.67239386523636,12492.848187265603
961,297.76036122701294,12492.848187265603
962,297.8424567154198,12492.848187265603
963,297.9208940478456,12492.848187265603
964,297.9970211589729,12492.848187265603
965,298.071831397314,12492.848187265603
966,298.14538144552995,12492.848187265603
967,298.2185219343446,12492.848187265603
968,298.2920280351379,9994.278549812483
969,296.4637934987041,7495.708912359361
970,294.4689685249701,4997.13927490624
971,292.42914047980844,2498.56963745312
972,290.3505057144932,0.0
973,288.2316602035888,0.0
974,287.98550856032665,0.0
975,287.88525246054985,0.0
976,287.8016723833222,0.0
977,287.7236260314421,0.0
978,287.6520939340783,0.0
979,287.5865808951794,0.0
980,287.5261168919246,0.0
981,287.47016665558834,0.0
982,287.41857595966286,0.0
983,287.370224440808,0.0
984,287.32399765397986,0.0
985,287.27884150740294,0.0
986,287.2344803844845,0.0
987,287.1910976529962,0.0
988,287.1486772444404,0.0
989,287.10741112977354,0.0
990,287.067507548756,0.0
991,287.0287981920755,0.0
992,286.99162437065644,0.0
993,286.95848984072165,0.0
994,286.9324079533412,0.0
995,286.9137007377639,0.0
996,286.8976917085535,0.0
997,286.88354756795775,0.0
998,286.87173303078623,960.9883220973542
999,287.5947850107542,1921.9766441947083
1000,288.38815934095726,2882.9649662920624
1001,289.20304237334284,3843.9532883894167
1002,290.03908228752755,4804.9416104867705
1003,290.88904945424423,5765.929932584125
1004,291.7449281602043,6726.91825468148
1005,292.6018258550007,7687.906576778833
1006,293.46130077110206,8648.894898876186
1007,294.3275870574452,9609.883220973541
1008,295.2029051789832,10570.871543070896
1009,296.08898316921574,11531.85986516825
1010,296.98222838379155,12492.848187265603
1011,297.8817780495763,12492.848187265603
1012,298.0539957417047,12492.848187265603
1013,298.1633253638456,12492.848187265603
1014,298.25809682657825,12492.848187265603
1015,298.3431276955428,12492.848187265603
1016,298.4206522205607,12492.848187265603
1017,298.4847434549365,12492.848187265603
1018,298.52516260418327,12492.848187265603
1019,298.5525437479746,12492.848187265603
1020,298.5828258263249,12492.848187265603
1021,298.623968275534,12492.848187265603
1022,298.6655136883259,12492.848187265603
1023,298.7049836316556,12492.848187265603
1024,298.7425277003854,12492.848187265603
1025,298.779575325256,12492.848187265603
1026,298.81814970458555,12492.848187265603
1027,298.8592794948349,12492.848187265603
1028,298.90156782670874,12492.848187265603
1029,298.9419879786136,12492.848187265603
1030,298.9767356040359,12492.848187265603
1031,299.008340024892,12492.848187265603
1032,299.041542344665,12492.848187265603
1033,299.0791863025657,12492.848187265603
1034,299.11900426088795,12492.848187265603
1035,299.16045690731954,12492.848187265603
1036,299.2036452175018,12492.848187265603
1037,299.2483050771046,12492.848187265603
1038,299.29342348627586,11531.85986516825
1039,298.6053437548918,10570.871543070894
1040,297.84877889821547,9609.88322097354
1041,297.0725643513155,8648.894898876186
1042,296.2809718038086,7687.906576778833
1043,295.4762235218243,6726.918254681478
1044,294.66041803464685,5765.929932584123
1045,293.84030723407227,4804.94161048677
1046,293.0242131630802,3843.9532883894167
1047,292.20456765607537,2882.9649662920615
1048,291.3696239584809,1921.976644194707
1049,290.5142769173127,960.9883220973535
1050,289.6464490247823,0.0
1051,288.7682922020877,0.0
1052,288.6132966425108,0.0
1053,288.5171635490278,0.0
1054,288.4317056483622,0.0
1055,288.3514727165273,0.0
1056,288.2743246769207,0.0
1057,288.1989509515898,0.0
1058,288.1254445535231,0.0
1059,288.05372215055274,0.0
1060,287.98363012091204,0.0
1061,287.91473786728994,0.0
1062,287.8465613408086,0.0
1063,287.7795870117264,0.0
1064,287.7145244768618,0.0
1065,287.6523132404178,0.0
1066,287.59332075022263,0.0
1067,287.5375362454841,0.0
1068,287.4846025814123,0.0
1069,287.43665329521536,0.0
1070,287.3966048734833,0.0
1071,287.36051401235545,0.0
1072,287.3226870954041,0.0
1073,287.2784129957741,0.0
1074,287.2283881254715,0.0
1075,287.17698054861734,0.0
1076,287.12887566921927,0.0
1077,287.087966952333,0.0
1078,287.0530532763749,1784.6925981808004
1079,288.3819730984952,3569.3851963616007
1080,289.83636671981776,5354.077794542401
1081,291.3200544828317,7138.770392723201
1082,292.8233791575389,8923.462990904001
1083,294.34812577572586,10708.155589084801
1084,295.8981521015564,12492.848187265603
1085,297.47923670825395,12492.848187265603
1086,297.73009163262594,12492.848187265603
1087,297.87905127496833,12492.848187265603
1088,298.0099537520069,12492.848187265603
1089,298.12731502996064,12492.848187265603
1090,298.24026637915426,12492.848187265603
1091,298.38653803579933,12492.848187265603
1092,298.61016233023963,12492.848187265603
1093,298.8395489725557,12492.848187265603
1094,299.040654995042,12492.848187265603
1095,299.1763932826846,12492.848187265603
1096,299.22017706414266,12492.848187265603
1097,299.2212613026078,12492.848187265603
1098,299.24240914446625,12492.848187265603
1099,299.3727972911537,12492.848187265603
1100,299.54984011337996,12492.848187265603
1101,299.72922665092324,12492.848187265603
1102,299.9330238407468,12492.848187265603
1103,300.07883830509275,12492.848187265603
1104,300.18806617859275,12492.848187265603
1105,300.2740494858845,12492.848187265603
1106,300.3454738209801,12492.848187265603
1107,300.3956255319771,12492.848187265603
1108,300.36997747729635,12492.848187265603
1109,300.3264436594258,12492.848187265603
1110,300.28017812237476,12492.848187265603
1111,300.31547062023037,12492.848187265603
1112,300.43980341507967,12492.848187265603
1113,300.55588470641055,12492.848187265603
1114,300.6808789591668,12492.848187265603
1115,300.6853561268604,12492.848187265603
1116,300.6478944714307,12492.848187265603
1117,300.61636821284816,10708.155589084803
1118,299.223390387033,8923.462990904003
1119,297.7084553070898,7138.770392723201
1120,296.15248367701855,5354.0777945424015
1121,294.5537915545572,3569.385196361602
1122,292.9576033280361,1784.692598180801
1123,291.3658900520566,0.0
1124,289.7676456151254,0.0
1125,289.52128095714943,0.0
1126,289.3877578621263,0.0
1127,289.2741000705142,0.0
1128,289.17131322291584,0.0
1129,289.079273329915,0.0
1130,289.00112608596135,0.0
1131,288.93156635148927,0.0
1132,288.86361845943355,0.0
1133,288.7880686209487,0.0
1134,288.7008122527124,0.0
1135,288.6117644426872,0.0
1136,288.5327339407211,0.0
1137,288.47079780046033,0.0
1138,288.4173251346544,0.0
1139,288.36738602455495,0.0
1140,288.3176144526201,0.0
1141,288.2666957235659,0.0
1142,288.21677817545094,0.0
1143,288.16732993087635,0.0
1144,288.11711833513965,0.0
1145,288.0654616498655,0.0
1146,288.01330186016594,0.0
1147,287.961417805799,0.0
1148,287.910452319061,0.0
1149,287.8607318525213,0.0
1150,287.81221121528654,0.0
1151,287.7647777154666,0.0
1152,287.7185669140375,0.0
1153,287.676283540016,0.0
1154,287.6421604429142,0.0
1155,287.61157367606194,0.0
1156,287.57794669414704,0.0
1157,287.53693020450675,12492.848187265603
1158,297.02032651832207,12492.848187265603
1159,297.85950822790534,12492.848187265603
1160,298.05643372928165,12492.848187265603
1161,298.19503424163764,12492.848187265603
1162,298.3176028556251,12492.848187265603
1163,298.42950937899406,12492.848187265603
1164,298.5328013233299,12492.848187265603
1165,298.6288957313858,12492.848187265603
1166,298.7185390594434,12492.848187265603
1167,298.8025589204388,12492.848187265603
1168,298.8820865882645,12492.848187265603
1169,298.95808909630085,12492.848187265603
1170,299.03099314834566,12492.848187265603
1171,299.10101006729684,12492.848187265603
1172,299.1679948254263,12492.848187265603
1173,299.2316093342265,12492.848187265603
1174,299.2916225313518,12492.848187265603
1175,299.349313783942,12492.848187265603
1176,299.40588557024347,12492.848187265603
1177,299.4635782443212,12492.848187265603
1178,299.5238726704485,12492.848187265603
1179,299.58500985555213,12492.848187265603
1180,299.644557384369,12492.848187265603
1181,299.70177044711636,12492.848187265603
1182,299.75767634702197,12492.848187265603
1183,299.8101172087562,12492.848187265603
1184,299.8567127878554,12492.848187265603
1185,299.8982899878489,12492.848187265603
1186,299.94057181321426,12492.848187265603
1187,299.9864740418382,12492.848187265603
1188,300.0347508824478,12492.848187265603
1189,300.0847409066448,12492.848187265603
1190,300.134529389883,12492.848187265603
1191,300.18436510161564,12492.848187265603
1192,300.2356121751362,0.0
1193,290.76115483383194,0.0
1194,289.9342122183541,0.0
1195,289.7538534838663,0.0
1196,289.6344466480184,0.0
1197,289.5294499104609,0.0
1198,289.4344511234458,0.0
1199,289.3484726799481,0.0
1200,289.27021141157263,0.0
1201,289.2008944934784,0.0
1202,289.1414965023813,0.0
1203,289.0882428760716,0.0
1204,289.03588466641173,0.0
1205,288.98116240554566,0.0
1206,288.9261957660597,0.0
1207,288.87096004085413,0.0
1208,288.81568229407816,0.0
1209,288.7601808070238,0.0
1210,288.7046940003101,0.0
1211,288.64891586331817,0.0
1212,288.5929753325375,0.0
1213,288.53762565038244,4164.282729088534
1214,291.6601452243614,8328.565458177069
1215,295.0794503270256,12492.848187265603
1216,298.58092167415407,12492.848187265603
1217,298.9672498067918,12492.848187265603
1218,299.1137465385253,12492.848187265603
1219,299.23203924560346,12492.848187265603
1220,299.3387615153985,12492.848187265603
1221,299.4333344560506,12492.848187265603
1222,299.51233600080104,12492.848187265603
1223,299.58271294404994,12492.848187265603
1224,299.6538945143197,12492.848187265603
1225,299.7301585263224,12492.848187265603
1226,299.8045703838386,12492.848187265603
1227,299.8756334473975,12492.848187265603
1228,299.9436741572772,12492.848187265603
1229,300.0084650689975,12492.848187265603
1230,300.06977667293813,12492.848187265603
1231,300.1295256979418,12492.848187265603
1232,300.19019403683126,12492.848187265603
1233,300.2537088044491,12492.848187265603
1234,300.31977111600884,12492.848187265603
1235,300.38682880120444,12492.848187265603
1236,300.45319439305837,12492.848187265603
1237,300.517955307384,12492.848187265603
1238,300.5818408832118,12492.848187265603
1239,300.6452144855846,12492.848187265603
1240,300.7081862584029,12492.848187265603
1241,300.7661510872711,8328.56545817707
1242,297.6355069751914,4164.282729088535
1243,294.2031170904862,0.0
1244,290.69394556857793,0.0
1245,290.31166944065126,0.0
1246,290.17517553511783,0.0
1247,290.0707147114012,0.0
1248,289.9762575698118,0.0
1249,289.8868924859455,0.0
1250,289.80338978001026,0.0
1251,289.72633174543205,0.0
1252,289.6557338060559,0.0
1253,289.5929785355655,0.0
1254,289.5387802715632,0.0
1255,289.48829903071675,0.0
1256,289.43547046239445,0.0
1257,289.37802477371014,0.0
1258,289.32152244042703,0.0
1259,289.2670814345938,0.0
1260,289.21446743890806,0.0
1261,289.1634850021172,0.0
1262,289.1139422889435,0.0
1263,289.06568988799296,0.0
1264,289.0185730159556,0.0
1265,288.9731945151609,0.0
1266,288.9309684216469,0.0
1267,288.8924133076148,0.0
1268,288.8574873198622,0.0
1269,288.8267133236373,0.0
1270,288.80019231600215,0.0
1271,288.7757270662815,0.0
1272,288.7505987839832,0.0
1273,288.7236627953558,0.0
1274,288.6967939859013,0.0
1275,288.67060011465963,0.0
1276,288.6450330261544,0.0
1277,288.62005293479257,0.0
1278,288.5956383397031,0.0
1279,288.5725044024594,0.0
1280,288.5525866088423,0.0
1281,288.53959550384025,0.0
1282,288.53793212908374,0.0
1283,288.5640705960498,0.0
1284,288.65187776338144,1135.7134715696004
1285,289.6515449509102,2271.426943139201
1286,290.7128496150092,3407.1404147088006
1287,291.75602950025325,4542.853886278402
1288,292.8101821668149,5678.567357848002
1289,293.88118427349343,6814.280829417601
1290,294.96522476340544,7949.994300987201
1291,296.1158352248848,9085.707772556803
1292,297.36633641874323,10221.421244126403
1293,298.61123515139894,11357.134715696004
1294,299.841341887827,12492.848187265603
1295,300.8759361178502,12492.848187265603
1296,301.03351943080065,12492.848187265603
1297,301.1025717760889,12492.848187265603
1298,301.1185966856855,12492.848187265603
1299,301.1703833970125,12492.848187265603
1300,301.20417811383277,12492.848187265603
1301,301.2138403131503,12492.848187265603
1302,301.236225584432,12492.848187265603
1303,301.2843128439649,12492.848187265603
1304,301.4495264089114,12492.848187265603
1305,301.6455556410447,12492.848187265603
1306,301.7995195071759,12492.848187265603
1307,301.8517319696798,12492.848187265603
1308,301.78968043444917,12492.848187265603
1309,301.7232317665805,11357.134715696002
1310,300.80117589737455,10221.4212441264
1311,299.8657536445453,9085.707772556803
1312,298.9191914609434,7949.994300987201
1313,297.96459959400784,6814.280829417601
1314,297.00129108901046,5678.567357848002
1315,296.0312678721525,4542.853886278402
1316,295.0509160387856,3407.1404147088006
1317,294.0595272473382,2271.4269431392
1318,293.0541944722573,1135.7134715695993
1319,292.03255834582313,0.0
1320,290.990250295577,0.0
1321,290.79424391097496,0.0
1322,290.66591556679447,0.0
1323,290.54864309164947,0.0
1324,290.43710439195905,0.0
1325,290.3299588202757,0.0
1326,290.2264008101895,0.0
1327,290.1257830670014,0.0
1328,290.0275580087907,0.0
1329,289.94604824366496,0.0
1330,289.90545107675575,0.0
1331,289.8847369890505,0.0
1332,289.85334607145575,0.0
1333,289.7898110067541,0.0
1334,289.7066008112976,0.0
1335,289.6178023233989,0.0
1336,289.5365710907775,0.0
1337,289.47325693389644,0.0
1338,289.42455503081106,0.0
1339,289.3808313712253,960.9883220973542
1340,290.0647224781194,1921.9766441947083
1341,290.79644071944085,2882.9649662920624
1342,291.51883118777533,3843.9532883894167
1343,292.2476291504691,4804.9416104867705
1344,293.0073427824404,5765.929932584125
1345,293.8141430471957,6726.91825468148
1346,294.65306810806965,7687.906576778833
1347,295.5093948717353,8648.894898876186
1348,296.3687172907737,9609.883220973541
1349,297.2240667277761,10570.871543070896
1350,298.08526121462285,11531.85986516825
1351,298.954988612475,12492.848187265603
1352,299.8339590017364,12492.848187265603
1353,299.98921631353966,12492.848187265603
1354,300.08427007012233,12492.848187265603
1355,300.16852534782976,12492.848187265603
1356,300.24656111339556,12492.848187265603
1357,300.31942824667317,12492.848187265603
1358,300.38776817149164,12492.848187265603
1359,300.45224837906926,12492.848187265603
1360,300.5133539013717,12492.848187265603
1361,300.5705427024291,12492.848187265603
1362,300.6224845600733,12492.848187265603
1363,300.6707565541157,12492.848187265603
1364,300.7175572237617,12492.848187265603
1365,300.76991866928523,12492.848187265603
1366,300.83582772853055,12492.848187265603
1367,300.90733465009214,12492.848187265603
1368,300.97297377672453,12492.848187265603
1369,301.0177449825492,12492.848187265603
1370,301.0360094305005,12492.848187265603
1371,301.0450098492824,12492.848187265603
1372,301.0664091761579,12492.848187265603
1373,301.1157631167876,12492.848187265603
1374,301.18380523891267,12492.848187265603
1375,301.2593467209659,12492.848187265603
1376,301.33300890975994,11531.85986516825
1377,300.6639865466117,10570.871543070894
1378,299.92435590067447,9609.88322097354
1379,299.16278548955677,8648.894898876186
1380,298.3864063229607,7687.906576778833
1381,297.5951991476451,6726.918254681478
1382,296.7900758847012,5765.929932584123
1383,295.9889051290856,4804.94161048677
1384,295.225006125099,3843.9532883894167
1385,294.4782426083675,2882.9649662920615
1386,293.7006712860535,1921.976644194707
1387,292.855399914654,960.9883220973535
1388,291.959177037083,0.0
1389,291.0384742867712,0.0
1390,290.85239456808466,0.0
1391,290.7482438999336,0.0
1392,290.6620873521548,0.0
1393,290.5834767430401,0.0
1394,290.50904699721036,0.0
1395,290.4578588586303,0.0
1396,290.45229338914277,0.0
1397,290.47043775300466,0.0
1398,290.4672738298416,0.0
1399,290.41907107056784,0.0
1400,290.3595481105482,0.0
1401,290.2989410631719,0.0
1402,290.24135813002346,0.0
1403,290.19353391016045,0.0
1404,290.18141503930104,0.0
1405,290.1462107770428,2082.141364544267
1406,291.68609015802383,4164.282729088534
1407,293.34736830642873,6246.4240936328015
1408,295.00933791854015,8328.565458177069
1409,296.6791838866724,10410.706822721335
1410,298.3891127497996,12492.848187265603
1411,300.17321360062266,12492.848187265603
1412,300.40588297647804,12492.848187265603
1413,300.51727649955166,12492.848187265603
1414,300.610532595645,12492.848187265603
1415,300.6954848777555,12492.848187265603
1416,300.7750746775372,12492.848187265603
1417,300.8530883497793,12492.848187265603
1418,300.92977232738303,12492.848187265603
1419,301.00300172237183,12492.848187265603
1420,301.0698787179701,12492.848187265603
1421,301.1289077258453,12492.848187265603
1422,301.18279063895216,12492.848187265603
1423,301.2332745140759,12492.848187265603
1424,301.2815920244167,12492.848187265603
1425,301.3285137981677,12492.848187265603
1426,301.3738707494849,12492.848187265603
1427,301.4178031001436,12492.848187265603
1428,301.4605118588518,12492.848187265603
1429,301.503845247552,12492.848187265603
1430,301.54995233057537,12492.848187265603
1431,301.59595090879304,12492.848187265603
1432,301.63804345183246,12492.848187265603
1433,301.6739671101451,12492.848187265603
1434,301.7065419121891,12492.848187265603
1435,301.73701516891816,12492.848187265603
1436,301.765954997047,12492.848187265603
1437,301.7936961657095,10410.706822721337
1438,300.23183447562707,8328.56545817707
1439,298.5211238868916,6246.4240936328015
1440,296.76860806164154,4164.282729088535
1441,294.98297768080363,2082.141364544268
1442,293.1622433373598,0.0
1443,291.31317612628544,0.0
1444,291.0312975207024,0.0
1445,290.8836514978889,0.0
1446,290.7656772913537,0.0
1447,290.6608733225857,0.0
1448,290.5587952001317,0.0
1449,290.45312658717916,0.0
1450,290.34832416702284,0.0
1451,290.2469178007663,0.0
1452,290.1503833651186,0.0
1453,290.0602022991352,0.0
1454,289.97528215813884,0.0
1455,289.8936915606176,0.0
1456,289.81359046900025,0.0
1457,289.73043052872674,0.0
1458,289.64036365980434,0.0
1459,289.54951243903054,0.0
1460,289.465680808998,0.0
1461,289.39572132101995,0.0
1462,289.3372665911607,0.0
1463,289.28422877640253,0.0
1464,289.22996217564275,0.0
1465,289.1698451070669,0.0
1466,289.1056929231999,0.0
1467,289.0420070450187,0.0
1468,288.9831610839585,0.0
1469,288.9318122083394,0.0
1470,288.885261742944,0.0
1471,288.8417024976978,0.0
1472,288.8012365186482,0.0
1473,288.7647588804714,0.0
1474,288.73547038591215,0.0
1475,288.74275502907244,0.0
1476,288.8469397647689,0.0
1477,288.9681675282688,0.0
1478,289.072017284498,0.0
1479,289.1140001047791,0.0
1480,289.07770194816186,0.0
1481,288.96237310130124,0.0
1482,288.8737905092717,0.0
1483,288.9357341467788,0.0
1484,289.1548018348123,0.0
1485,289.4109665007302,0.0
1486,289.54306909335116,12492.848187265603
1487,299.04296053830956,12492.848187265603
1488,299.7568101739471,12492.848187265603
1489,299.77792382117485,12492.848187265603
1490,299.8024342267963,12492.848187265603
1491,299.9319139914536,12492.848187265603
1492,300.07378333459206,12492.848187265603
1493,300.1933674361658,12492.848187265603
1494,300.2833762399761,12492.848187265603
1495,300.3254346380307,12492.848187265603
1496,300.3251788975585,12492.848187265603
1497,300.30506419210224,12492.848187265603
1498,300.29672838923426,12492.848187265603
1499,300.31803735149623,12492.848187265603
1500,300.3486696974017,12492.848187265603
1501,300.38542872438967,12492.848187265603
1502,300.42203321410955,12492.848187265603
1503,300.4565094627104,12492.848187265603
1504,300.4882648001782,12492.848187265603
1505,300.5188791906844,12492.848187265603
1506,300.5507400200163,12492.848187265603
1507,300.5857264474154,12492.848187265603
1508,300.6235831384186,12492.848187265603
1509,300.66236326593247,12492.848187265603
1510,300.699051621596,12492.848187265603
1511,300.73264302500826,12492.848187265603
1512,300.76342850253377,0.0
1513,291.26094348782885,0.0
1514,290.3925629821226,0.0
1515,290.16549724437954,0.0
1516,290.00253262920535,0.0
1517,289.8620491405831,0.0
1518,289.73595464438733,0.0
1519,289.62148573091395,0.0
1520,289.51752249231555,0.0
1521,289.42350802327877,0.0
1522,289.3383677591127,0.0
1523,289.2591831105788,0.0
1524,289.18271551066096,0.0
1525,289.1066512274712,0.0
1526,289.0316672879781,0.0
1527,288.95806527519164,0.0
1528,288.8858932643491,0.0
1529,288.8135721478113,0.0
1530,288.738901481355,0.0
1531,288.66419244543073,12492.848187265603
1532,298.12185044460244,12492.848187265603
1533,298.945681901249,12492.848187265603
1534,299.1377285642355,12492.848187265603
1535,299.27278160572604,12492.848187265603
1536,299.38684554056425,12492.848187265603
1537,299.4782277830281,12492.848187265603
1538,299.5523035453358,12492.848187265603
1539,299.616537227812,12492.848187265603
1540,299.67815750230466,12492.848187265603
1541,299.74070926869075,12492.848187265603
1542,299.8005323462706,12492.848187265603
1543,299.8575005390911,12492.848187265603
1544,299.91238579414767,12492.848187265603
1545,299.9658330604446,12492.848187265603
1546,300.0174446698547,12492.848187265603
1547,300.06687479694216,12492.848187265603
1548,300.11374354360066,12492.848187265603
1549,300.1578977097567,12492.848187265603
1550,300.1998689759146,12492.848187265603
1551,300.240070607626,12492.848187265603
1552,300.2786683751604,12492.848187265603
1553,300.31571865906795,12492.848187265603
1554,300.35095371879953,12492.848187265603
1555,300.3845161668399,12492.848187265603
1556,300.41663500231357,12492.848187265603
1557,300.44592024550724,12492.848187265603
1558,300.47026124572255,12492.848187265603
1559,300.49258853783203,12492.848187265603
1560,300.51715080537485,12492.848187265603
1561,300.5460600885883,12492.848187265603
1562,300.57661534239975,12492.848187265603
1563,300.607822426208,12492.848187265603
1564,300.6393647761415,12492.848187265603
1565,300.6714091154599,12492.848187265603
1566,300.70424928782217,12492.848187265603
1567,300.73668696789434,12492.848187265603
1568,300.76815664674245,12492.848187265603
1569,300.8008524896951,12492.848187265603
1570,300.83922202610654,0.0
1571,291.3555499440741,0.0
1572,290.51579126958444,0.0
1573,290.32257246815794,0.0
1574,290.19133630921516,0.0
1575,290.0779390753553,0.0
1576,289.9767695720233,0.0
1577,289.8864182210601,0.0
1578,289.8065931491935,0.0
1579,289.7351296413592,0.0
1580,289.66790822665513,0.0
1581,289.60585650031726,0.0
1582,289.5520543187962,0.0
1583,289.50204479513536,0.0
1584,289.4485434076581,0.0
1585,289.3885825575622,0.0
1586,289.3275481532793,0.0
1587,289.2666619747839,0.0
1588,289.20575487713904,0.0
1589,289.14438910432307,0.0
1590,289.08208321165836,0.0
1591,289.01876855204085,0.0
1592,288.95485469229243,0.0
1593,288.8899443853514,0.0
1594,288.82349506809106,0.0
1595,288.7550768958354,0.0
1596,288.6852266683475,0.0
1597,288.6109386554075,0.0
1598,288.5270067300216,0.0
1599,288.4394708379179,0.0
1600,288.3564723149248,0.0
1601,288.2836672356669,0.0
1602,288.21672503840966,0.0
1603,288.155602350548,0.0
1604,288.09987328130956,0.0
1605,288.0483528840655,0.0
1606,287.99958035250046,0.0
1607,287.95174876216953,0.0
1608,287.9039544772533,0.0
1609,287.8545071152499,0.0
1610,287.8020869540084,0.0
1611,287.7487945690604,0.0
1612,287.69763056358914,0.0
1613,287.6500755562748,0.0
1614,287.60443995618647,1561.6060234082004
1615,288.75084231797547,3123.2120468164007
1616,290.00870279142754,4684.818070224601
1617,291.29727190264254,6246.4240936328015
1618,292.6102781447705,7808.030117041002
1619,293.9443258738229,9369.636140449202
1620,295.29643292162893,10931.242163857403
1621,296.6531595178214,12492.848187265603
1622,297.99596898773683,12492.848187265603
1623,298.14793716423696,12492.848187265603
1624,298.2104891728705,12492.848187265603
1625,298.2757496218956,12492.848187265603
1626,298.33814872031496,12492.848187265603
1627,298.39915242420943,12492.848187265603
1628,298.46326909690623,12492.848187265603
1629,298.53209394251905,12492.848187265603
1630,298.6002248344794,12492.848187265603
1631,298.6657945157725,12492.848187265603
1632,298.7280600699051,12492.848187265603
1633,298.7863344335399,12492.848187265603
1634,298.8408515353368,12492.848187265603
1635,298.8919039781392,12492.848187265603
1636,298.93980856652,12492.848187265603
1637,298.967772156466,10931.242163857403
1638,297.75737128452477,9369.636140449202
1639,296.4145073870952,7808.030117041002
1640,295.0561509897731,6246.4240936328015
1641,293.7229321831581,4684.818070224601
1642,292.41123334385287,3123.2120468164007
1643,291.09298059578754,1561.6060234082004
1644,289.73536928363507,0.0
1645,288.3191184066868,0.0
1646,288.05696687992327,0.0
1647,287.8843723241219,0.0
1648,287.734773334218,0.0
1649,287.60641219176136,0.0
1650,287.488801870892,0.0
1651,287.3796598031063,0.0
1652,287.27963016823,0.0
1653,287.18924525319414,0.0
1654,287.1075939900315,0.0
1655,287.03362032213937,0.0
1656,286.96602398053,0.0
1657,286.9085859240678,0.0
1658,286.86804740705765,0.0
1659,286.835909322434,0.0
1660,286.80019306154963,0.0
1661,286.74312331757216,0.0
1662,286.6555203952277,0.0
1663,286.5590459066992,0.0
1664,286.4834215667656,0.0
1665,286.4509991317406,0.0
1666,286.45124381103267,0.0
1667,286.4739272286388,0.0
1668,286.5074289412315,0.0
1669,286.5335043003377,0.0
1670,286.5586694069438,0.0
1671,286.5685438397536,0.0
1672,286.58306894904246,0.0
1673,286.6038355671574,0.0
1674,286.6307506558184,0.0
1675,286.6595911879685,0.0
1676,286.68053402511106,0.0
1677,286.6946838387774,0.0
1678,286.70703767657415,0.0
1679,286.71937674270913,0.0
1680,286.72673217220813,0.0
1681,286.72553356786403,0.0
1682,286.71331833488085,0.0
1683,286.6788604015465,960.9883220973542
1684,287.3331783984455,1921.9766441947083
1685,288.0426612161918,2882.9649662920624
1686,288.7965969640607,3843.9532883894167
1687,289.6053003675218,4804.9416104867705
1688,290.43700915133877,5765.929932584125
1689,291.27954184428086,6726.91825468148
1690,292.1299514251339,7687.906576778833
1691,292.9821240897755,8648.894898876186
1692,293.8331884675956,9609.883220973541
1693,294.6823459475582,10570.871543070896
1694,295.5363613550111,11531.85986516825
1695,296.39714093299284,12492.848187265603
1696,297.2652292524075,12492.848187265603
1697,297.40842373447225,12492.848187265603
1698,297.49222432810666,12492.848187265603
1699,297.5684189232628,12492.848187265603
1700,297.64355556820016,12492.848187265603
1701,297.728925258286,12492.848187265603
1702,297.83978325563606,12492.848187265603
1703,297.96257799056804,12492.848187265603
1704,298.07816009388347,12492.848187265603
1705,298.1761034621013,12492.848187265603
1706,298.26667339068956,12492.848187265603
1707,298.35060473727845,12492.848187265603
1708,298.4255035848012,12492.848187265603
1709,298.4881541334251,12492.848187265603
1710,298.539247445151,12492.848187265603
1711,298.58537297719664,12492.848187265603
1712,298.6347241127006,12492.848187265603
1713,298.69090726529737,12492.848187265603
1714,298.74842177771916,12492.848187265603
1715,298.80694615183097,12492.848187265603
1716,298.8677976790703,12492.848187265603
1717,298.9313338150275,12492.848187265603
1718,298.99573108333374,12492.848187265603
1719,299.0598805033086,12492.848187265603
1720,299.12307312918637,12492.848187265603
1721,299.1848276358565,12492.848187265603
1722,299.24579776194145,11531.85986516825
1723,298.5731261586509,10570.871543070894
1724,297.8323286159505,9609.88322097354
1725,297.07346220441195,8648.894898876186
1726,296.3018160119564,7687.906576778833
1727,295.51802000650235,6726.918254681478
1728,294.7220371629447,5765.929932584123
1729,293.91168634443846,4804.94161048677
1730,293.08458878360904,3843.9532883894167
1731,292.2450229325414,2882.9649662920615
1732,291.39872690072355,1921.976644194707
1733,290.5509873013531,960.9883220973535
1734,289.7005834694166,0.0
1735,288.84377303498394,0.0
1736,288.70926860977175,0.0
1737,288.6307834422842,0.0
1738,288.5617372601539,0.0
1739,288.4986195261218,0.0
1740,288.4413437651972,0.0
1741,288.3899502454572,0.0
1742,288.3442847009461,0.0
1743,288.3021645803586,0.0
1744,288.2612224762738,0.0
1745,288.21914392185585,0.0
1746,288.1758794113212,0.0
1747,288.13290979956406,0.0
1748,288.0919973123615,0.0
1749,288.0541113875087,0.0
1750,288.0183469417878,0.0
1751,287.9843097517828,0.0
1752,287.9520355141837,0.0
1753,287.9224351781018,0.0
1754,287.8971865845419,0.0
1755,287.8756478160641,0.0
1756,287.8566860995893,0.0
1757,287.8419862821245,0.0
1758,287.8346907711344,0.0
1759,287.8306855413447,0.0
1760,287.8245950741225,0.0
1761,287.8121437580358,0.0
1762,287.79791920067925,0.0
1763,287.78497447781814,0.0
1764,287.7785649404689,0.0
1765,287.7799269500971,0.0
1766,287.78811148361734,0.0
1767,287.8124903111365,0.0
1768,287.8736340841045,0.0
1769,287.95787561983053,0.0
1770,288.0458911189513,0.0
1771,288.11295616162397,0.0
1772,288.1635860894858,0.0
1773,288.1986308101578,2082.141364544267
1774,289.81291942360224,4164.282729088534
1775,291.56912026422555,6246.4240936328015
1776,293.3582654217412,8328.565458177069
1777,295.1671968852569,10410.706822721335
1778,296.99018118063077,12492.848187265603
1779,298.807165775628,12492.848187265603
1780,299.0000968273397,12492.848187265603
1781,299.0692647000722,12492.848187265603
1782,299.1457154412136,12492.848187265603
1783,299.2563049542144,12492.848187265603
1784,299.37401922133404,12492.848187265603
1785,299.49257717033197,12492.848187265603
1786,299.6132585557539,12492.848187265603
1787,299.72854784920384,12492.848187265603
1788,299.83299952560105,12492.848187265603
1789,299.9221842882707,12492.848187265603
1790,299.9998940358726,12492.848187265603
1791,300.0687523494828,12492.848187265603
1792,300.13046473296566,12492.848187265603
1793,300.1843600026172,12492.848187265603
1794,300.2280234966852,12492.848187265603
1795,300.2709280246266,12492.848187265603
1796,300.3237254521783,12492.848187265603
1797,300.3946140426711,12492.848187265603
1798,300.4796757458004,12492.848187265603
1799,300.56937013201707,12492.848187265603
1800,300.6540224341842,12492.848187265603
1801,300.7293466480893,12492.848187265603
1802,300.8014757431667,12492.848187265603
1803,300.87051622845485,12492.848187265603
1804,300.9346355095934,12492.848187265603
1805,300.99336940086766,10410.706822721337
1806,299.46079621590223,8328.56545817707
1807,297.7791012400292,6246.4240936328015
1808,296.05509041297177,4164.282729088535
1809,294.29938501099855,2082.141364544268
1810,292.51351890992544,0.0
1811,290.7013556826643,0.0
1812,290.4541690366285,0.0
1813,290.33384178023664,0.0
1814,290.23592607667194,0.0
1815,290.1528198518874,0.0
1816,290.08534978473403,0.0
1817,290.0317416593144,0.0
1818,289.9858972754413,0.0
1819,289.94533157699215,0.0
1820,289.9094743853017,0.0
1821,289.8778423820017,0.0
1822,289.84996002948054,0.0
1823,289.8254494115979,0.0
1824,289.8039197313177,0.0
1825,289.74260577193775,0.0
1826,289.5737429439254,0.0
1827,289.3594490128349,0.0
1828,289.1893349099822,0.0
1829,289.1079949471389,0.0
1830,289.047991024688,0.0
1831,288.993889662788,0.0
1832,288.94523618642006,0.0
1833,288.90127897162523,0.0
1834,288.85896478872326,0.0
1835,288.8175179499652,0.0
1836,288.7767784058705,0.0
1837,288.73666455240925,0.0
1838,288.69710459708347,0.0
1839,288.6580426960019,0.0
1840,288.6194333292049,0.0
1841,288.58038352804823,0.0
1842,288.53945669881085,0.0
1843,288.4973667143497,0.0
1844,288.45539890006614,0.0
1845,288.41428319382345,0.0
1846,288.37349492410544,3123.2120468164007
1847,290.71520374061953,6246.4240936328015
1848,293.2784712927001,9369.636140449202
1849,295.9089096898079,12492.848187265603
1850,298.6014430758787,12492.848187265603
1851,298.9596139881558,12492.848187265603
1852,299.1270456300824,12492.848187265603
1853,299.2538561183437,12492.848187265603
1854,299.3636632972062,12492.848187265603
1855,299.4799855326733,12492.848187265603
1856,299.644110464066,12492.848187265603
1857,299.85328628403687,12492.848187265603
1858,300.08329727424984,12492.848187265603
1859,300.32572194432834,12492.848187265603
1860,300.5751835872621,12492.848187265603
1861,300.83545473727474,12492.848187265603
1862,301.08614057193745,12492.848187265603
1863,301.3523974260861,12492.848187265603
1864,301.6549531968704,12492.848187265603
1865,301.96050190751197,12492.848187265603
1866,302.20009300022997,12492.848187265603
1867,302.3394128320216,12492.848187265603
1868,302.3164706057737,12492.848187265603
1869,302.23419793550266,12492.848187265603
1870,302.1895595324212,12492.848187265603
1871,302.2704483404895,12492.848187265603
1872,302.412365127532,12492.848187265603
1873,302.6124560211502,12492.848187265603
1874,302.7449500339868,12492.848187265603
1875,302.82667093837824,12492.848187265603
1876,302.8344461795446,12492.848187265603
1877,302.8507921500199,12492.848187265603
1878,302.9089110892574,9369.636140449202
1879,300.63841080056744,6246.4240936328015
1880,298.22123035605864,3123.2120468164007
1881,295.75575038993907,0.0
1882,293.18856073232644,0.0
1883,292.89628620449815,0.0
1884,292.73878842883425,0.0
1885,292.5622807440866,0.0
1886,292.3567667439432,0.0
1887,292.09468315377586,0.0
1888,291.74632199773265,0.0
1889,291.31384643029895,0.0
1890,290.95979427190036,0.0
1891,290.7873006869348,0.0
1892,290.66633283130653,0.0
1893,290.5633494348322,0.0
1894,290.4727326179294,0.0
1895,290.3894251089976,0.0
1896,290.3091829203686,0.0
1897,290.2269677125469,0.0
1898,290.13933735144246,0.0
1899,290.0511448127078,0.0
1900,289.9684581378147,0.0
1901,289.89542783860173,0.0
1902,289.8285502247826,0.0
1903,289.7643558797755,0.0
1904,289.6999058166366,0.0
1905,289.6333316865405,0.0
1906,289.56545142723195,0.0
1907,289.49762710244704,0.0
1908,289.4308835546539,0.0
1909,289.36777430644275,0.0
1910,289.3101297844413,0.0
1911,289.2546136831095,0.0
1912,289.19657785334914,0.0
1913,289.1289975262548,0.0
1914,289.0482569970253,0.0
1915,288.96270752042136,0.0
1916,288.8833293414346,960.9883220973542
1917,289.54819350355126,1921.9766441947083
1918,290.2839160529923,2882.9649662920624
1919,291.0389986747484,3843.9532883894167
1920,291.80859954395817,4804.9416104867705
1921,292.591274170254,5765.929932584125
1922,293.38570224712043,6726.91825468148
1923,294.19098375278946,7687.906576778833
1924,295.00707261600365,8648.894898876186
1925,295.8332252994503,9609.883220973541
1926,296.6698041563196,10570.871543070896
1927,297.5167443768598,11531.85986516825
1928,298.37397976917663,12492.848187265603
1929,299.24269617808307,12492.848187265603
1930,299.39097134163063,12492.848187265603
1931,299.4807179583694,12492.848187265603
1932,299.55711637668344,12492.848187265603
1933,299.6231663604937,12492.848187265603
1934,299.6828684694926,12492.848187265603
1935,299.73806609755997,12492.848187265603
1936,299.7891600220116,12492.848187265603
1937,299.83680618234155,12492.848187265603
1938,299.8812770493841,12492.848187265603
1939,299.92304144499764,12492.848187265603
1940,299.96229724505395,12492.848187265603
1941,299.9989998997089,12492.848187265603
1942,300.03265934308234,12492.848187265603
1943,300.06379992576234,12492.848187265603
1944,300.0931225279977,12492.848187265603
1945,300.1199304030003,12492.848187265603
1946,300.14292623139835,12492.848187265603
1947,300.1635752682286,12492.848187265603
1948,300.184231402585,11531.85986516825
1949,299.4750950220907,10570.871543070894
1950,298.7031652884383,9609.88322097354
1951,297.9342235097738,8648.894898876186
1952,297.21040337323234,7687.906576778833
1953,296.5286519834677,6726.918254681478
1954,295.8708204303482,5765.929932584123
1955,295.27875296702143,4804.94161048677
1956,294.65672443173054,3843.9532883894167
1957,294.0478566398417,2882.9649662920615
1958,293.43109713839306,1921.976644194707
1959,292.80277912349584,960.9883220973535
1960,292.192654348652,0.0
1961,291.54595126513027,0.0
1962,291.5503417328277,0.0
1963,291.5454222100075,0.0
1964,291.5090418309057,0.0
1965,291.41661717859193,0.0
1966,291.3314751801447,0.0
1967,291.20040289209356,0.0
1968,291.04832434053804,0.0
1969,290.90407159369835,0.0
1970,290.7968255700051,0.0
1971,290.7722689457695,0.0
1972,290.7643317679416,0.0
1973,290.7573791936831,0.0
1974,290.744039883842,0.0
1975,290.72066241718596,0.0
1976,290.69064237487515,0.0
1977,290.65284835379185,0.0
1978,290.6067585365041,0.0
1979,290.5461365611121,0.0
1980,290.46257587858315,0.0
1981,290.3638391349202,0.0
1982,290.22231767185184,0.0
1983,290.11166182802395,0.0
1984,289.9914131163732,0.0
1985,289.8442146463038,0.0
1986,289.6915351846006,0.0
1987,289.5562796115052,0.0
1988,289.43271695945737,0.0
1989,289.316991937608,0.0
1990,289.19529072001257,0.0
1991,289.0752593331758,0.0
1992,288.96983542363,0.0
1993,288.8933080833984,0.0
1994,288.8441886377389,0.0
1995,288.8072270192626,0.0
1996,288.76475924634207,0.0
1997,288.70654744017503,0.0
1998,288.64252371587366,0.0
1999,288.57777347214557,0.0
2000,288.5154499170898,0.0
2001,288.4574685522039,0.0
2002,288.40278359952305,0.0
2003,288.3505573583196,0.0
2004,288.3001923163252,0.0
2005,288.254889394229,0.0
2006,288.21997848062034,0.0
2007,288.1894641895193,0.0
2008,288.15482552997724,1135.7134715696004
2009,288.96811791917065,2271.426943139201
2010,289.8354662497231,3407.1404147088006
2011,290.7160601019271,4542.853886278402
2012,291.6278763185551,5678.567357848002
2013,292.5824869120026,6814.280829417601
2014,293.56264961333403,7949.994300987201
2015,294.5590664353933,9085.707772556803
2016,295.56469568225407,10221.421244126403
2017,296.57725872133346,11357.134715696004
2018,297.6001926851066,12492.848187265603
2019,298.63245332587405,12492.848187265603
2020,298.80541155649786,12492.848187265603
2021,298.90286846912284,12492.848187265603
2022,298.98328869821773,12492.848187265603
2023,299.05524382754726,12492.848187265603
2024,299.1231955202325,12492.848187265603
2025,299.1892895980159,12492.848187265603
2026,299.25227416102496,12492.848187265603
2027,299.31191073690513,12492.848187265603
2028,299.36826668371526,12492.848187265603
2029,299.4217793336489,12492.848187265603
2030,299.4732976374301,12492.848187265603
2031,299.52336910159283,12492.848187265603
2032,299.57225945028483,12492.848187265603
2033,299.6351290363112,12492.848187265603
2034,299.734979775827,12492.848187265603
2035,299.84979662220906,12492.848187265603
2036,299.94768310937263,12492.848187265603
2037,300.01244092633567,12492.848187265603
2038,300.06652987666075,12492.848187265603
2039,300.115964462669,12492.848187265603
2040,300.1614738436571,12492.848187265603
2041,300.20240971280566,12492.848187265603
2042,300.2383830472203,12492.848187265603
2043,300.2732549280566,12492.848187265603
2044,300.31187820564134,12492.848187265603
2045,300.35986029154225,11357.134715696002
2046,299.55234046733364,10221.4212441264
2047,298.670114177387,9085.707772556803
2048,297.76688249037113,7949.994300987201
2049,296.8458326425517,6814.280829417601
2050,295.9147261715715,5678.567357848002
2051,294.98280917581394,4542.853886278402
2052,294.06021448508915,3407.1404147088006
2053,293.1577980372787,2271.4269431392
2054,292.2443164566748,1135.7134715695993
2055,291.3100826356584,0.0
2056,290.3469178020002,0.0
2057,290.22011746311694,0.0
2058,290.1620002785613,0.0
2059,290.1176306601438,0.0
2060,290.0787976721499,0.0
2061,290.0469793978939,0.0
2062,290.01851165296625,0.0
2063,289.9911288368447,0.0
2064,289.9625068459417,0.0
2065,289.9365270819031,0.0
2066,289.9192306644913,0.0
2067,289.9744662731748,0.0
2068,290.150216733763,0.0
2069,290.3845447691659,0.0
2070,290.5808263788278,0.0
2071,290.73377893673035,0.0
2072,290.8473102704338,0.0
2073,290.94104472135416,0.0
2074,291.00042903442693,0.0
2075,291.0077825660097,0.0
2076,290.96189593069175,0.0
2077,290.8253474295052,0.0
2078,290.6658706911696,0.0
2079,290.4465384160543,0.0
2080,290.1089767632149,0.0
2081,289.7769652864739,0.0
2082,289.5015058849869,2082.141364544267
2083,290.96735609751545,4164.282729088534
2084,292.5936905471119,6246.4240936328015
2085,294.26200994741964,8328.565458177069
2086,295.972075591679,10410.706822721335
2087,297.7163940183367,12492.848187265603
2088,299.48807280150504,12492.848187265603
2089,299.6953603456915,12492.848187265603
2090,299.77772997368726,12492.848187265603
2091,299.84072110770586,12492.848187265603
2092,299.89366456963893,12492.848187265603
2093,299.94851994907964,12492.848187265603
2094,300.0235675861022,12492.848187265603
2095,300.1075674706983,12492.848187265603
2096,300.182836031228,12492.848187265603
2097,300.2376091751299,12492.848187265603
2098,300.2808069417642,12492.848187265603
2099,300.31964294807767,12492.848187265603
2100,300.36028021866076,10410.706822721337
2101,298.81756332773335,8328.56545817707
2102,297.1278191190769,6246.4240936328015
2103,295.3981884817075,4164.282729088535
2104,293.63811374487125,2082.141364544268
2105,291.85072811044114,0.0
2106,290.03994393821165,0.0
2107,289.79419594813197,0.0
2108,289.67078992457056,0.0
2109,289.5573785893115,0.0
2110,289.4365642821518,0.0
2111,289.3176874928821,0.0
2112,289.2133384804156,0.0
2113,289.1332696719132,0.0
2114,289.0696591097379,0.0
2115,289.01405143134764,0.0
2116,288.95858037466604,0.0
2117,288.898499800908,0.0
2118,288.8374992303473,0.0
2119,288.77869473152714,0.0
2120,288.7249262841525,0.0
2121,288.6774257859034,0.0
2122,288.63346524653286,0.0
2123,288.5919571607719,0.0
2124,288.5525935491045,0.0
2125,288.51549370859675,0.0
2126,288.48132520175676,0.0
2127,288.4489151083601,0.0
2128,288.4168245460094,0.0
2129,288.3797487115832,0.0
2130,288.3316721038125,0.0
2131,288.27930699328914,0.0
2132,288.2321909571892,0.0
2133,288.1948209068049,0.0
2134,288.1602533151438,0.0
2135,288.12665252158655,12492.848187265603
2136,297.6228475319207,12492.848187265603
2137,298.476588057438,12492.848187265603
2138,298.68647877349895,12492.848187265603
2139,298.83515366125573,12492.848187265603
2140,298.96712061923375,12492.848187265603
2141,299.0939273028515,12492.848187265603
2142,299.225958492662,12492.848187265603
2143,299.3569084017189,12492.848187265603
2144,299.4777639275231,12492.848187265603
2145,299.57845285160766,12492.848187265603
2146,299.66016179441465,12492.848187265603
2147,299.7369419199606,12492.848187265603
2148,299.822644704492,12492.848187265603
2149,299.9236804964839,12492.848187265603
2150,300.0273829522672,12492.848187265603
2151,300.130779762695,12492.848187265603
2152,300.2347703108921,12492.848187265603
2153,300.33989167916235,12492.848187265603
2154,300.44605453420263,12492.848187265603
2155,300.55123594268144,12492.848187265603
2156,300.65227106136007,0.0
2157,291.218367074517,0.0
2158,290.41991159202774,0.0
2159,290.26088532143774,0.0
2160,290.157855542876,0.0
2161,290.0640953237793,0.0
2162,289.97118397507825,0.0
2163,289.8830566392442,0.0
2164,289.80563902766073,0.0
2165,289.7415857432835,0.0
2166,289.68470756821404,0.0
2167,289.63253345038413,0.0
2168,289.5844424972301,0.0
2169,289.53972381067047,0.0
2170,289.49833391121166,0.0
2171,289.458007693971,0.0
2172,289.41700276263816,0.0
2173,289.37153444707053,0.0
2174,289.31922048847974,0.0
2175,289.2641411318717,0.0
2176,289.2116488368941,0.0
2177,289.1685849819506,0.0
2178,289.1368254362933,0.0
2179,289.11135526462573,0.0
2180,289.0866546617225,0.0
2181,289.05464651159053,0.0
2182,289.01371691270475,0.0
2183,288.9662945729127,0.0
2184,288.9158964665225,0.0
2185,288.8615940062055,0.0
2186,288.7987526482819,0.0
2187,288.7351888804021,0.0
2188,288.68124361793804,0.0
2189,288.64555413359096,0.0
2190,288.62434275282936,0.0
2191,288.6093717071661,1041.0706822721336
2192,289.3861294547692,2082.141364544267
2193,290.2293233513475,3123.2120468164007
2194,291.09137380756994,4164.282729088534
2195,291.96802949006667,5205.353411360667
2196,292.85732083973255,6246.4240936328015
2197,293.758100773903,7287.494775904934
2198,294.669424118155,8328.565458177069
2199,295.59007282842305,9369.636140449202
2200,296.51883376504315,10410.706822721335
2201,297.45253871432595,11451.777504993468
2202,298.3888465093007,12492.848187265603
2203,299.3298322384705,12492.848187265603
2204,299.4870182342577,12492.848187265603
2205,299.5837061642658,12492.848187265603
2206,299.67178049621134,12492.848187265603
2207,299.7560931458165,12492.848187265603
2208,299.8374143229448,12492.848187265603
2209,299.9223167128701,12492.848187265603
2210,300.01914148222534,12492.848187265603
2211,300.1170885703571,12492.848187265603
2212,300.20114003198927,12492.848187265603
2213,300.2634471675528,12492.848187265603
2214,300.31506829324275,12492.848187265603
2215,300.36021355258174,12492.848187265603
2216,300.40082553157737,12492.848187265603
2217,300.434541086804,12492.848187265603
2218,300.4579316472801,12492.848187265603
2219,300.4803119046263,12492.848187265603
2220,300.51402375450925,12492.848187265603
2221,300.5650438455764,12492.848187265603
2222,300.62321003377093,12492.848187265603
2223,300.6836867771332,12492.848187265603
2224,300.7434207940142,12492.848187265603
2225,300.8008379132091,12492.848187265603
2226,300.8571553479892,12492.848187265603
2227,300.9125718998948,12492.848187265603
2228,300.96681401533095,12492.848187265603
2229,301.0109967867175,12492.848187265603
2230,301.03139580966,12492.848187265603
2231,301.0406544097618,12492.848187265603
2232,301.0571764048184,12492.848187265603
2233,301.0943237898372,12492.848187265603
2234,301.1449586039925,12492.848187265603
2235,301.1991453985737,11451.777504993468
2236,300.4528758733139,10410.706822721337
2237,299.62044532773103,9369.636140449202
2238,298.7595880677169,8328.56545817707
2239,297.88221984883575,7287.4947759049355
2240,296.9991278793248,6246.4240936328015
2241,296.11844728320796,5205.353411360669
2242,295.24294885610743,4164.282729088535
2243,294.37356550648303,3123.2120468164007
2244,293.5233637060411,2082.141364544268
2245,292.66288432479587,1041.070682272134
2246,291.7772302730881,0.0
2247,290.86828526140414,0.0
2248,290.743772000453,0.0
2249,290.6711903369564,0.0
2250,290.60817250643663,0.0
2251,290.56464303798487,0.0
2252,290.521581199679,0.0
2253,290.475522710369,0.0
2254,290.42666607754944,0.0
2255,290.3773998955682,0.0
2256,290.3285890174209,0.0
2257,290.2834901320954,0.0
2258,290.24457604587354,0.0
2259,290.2103102004111,0.0
2260,290.1713453279575,0.0
2261,290.12086116472784,0.0
2262,290.05948078343863,0.0
2263,289.99148457418863,0.0
2264,289.92406860224645,0.0
2265,289.85966233931106,0.0
2266,289.795262285449,0.0
2267,289.72264497004664,0.0
2268,289.6354912486835,0.0
2269,289.535200113244,0.0
2270,289.43074886418526,0.0
2271,289.3243997068032,1041.0706822721336
2272,290.00239460301106,2082.141364544267
2273,290.7608923190129,3123.2120468164007
2274,291.5519646517884,4164.282729088534
2275,292.37351218169647,5205.353411360667
2276,293.2230332922373,6246.4240936328015
2277,294.0972207990837,7287.494775904934
2278,294.9920461488578,8328.565458177069
2279,295.90155833082366,9369.636140449202
2280,296.81918981120896,10410.706822721335
2281,297.7404374842911,11451.777504993468
2282,298.6673412942315,12492.848187265603
2283,299.60319954517263,12492.848187265603
2284,299.75586813758645,12492.848187265603
2285,299.84705836275833,12492.848187265603
2286,299.9283004020805,12492.848187265603
2287,300.00333956282526,12492.848187265603
2288,300.0722278652295,12492.848187265603
2289,300.13464356075013,12492.848187265603
2290,300.19197124883414,12492.848187265603
2291,300.24508630791325,12492.848187265603
2292,300.2940656853948,12492.848187265603
2293,300.3390606297622,12492.848187265603
2294,300.37987439374473,12492.848187265603
2295,300.41746426708903,12492.848187265603
2296,300.45316265369735,12492.848187265603
2297,300.48922722366007,12492.848187265603
2298,300.5272411479045,12492.848187265603
2299,300.5651116870814,12492.848187265603
2300,300.6001669217554,12492.848187265603
2301,300.6255748957223,12492.848187265603
2302,300.6356378617991,12492.848187265603
2303,300.6394446879612,12492.848187265603
2304,300.6492733033162,12492.848187265603
2305,300.6726580478043,12492.848187265603
2306,300.70274637186543,12492.848187265603
2307,300.73427642914055,12492.848187265603
2308,300.7630063466284,12492.848187265603
2309,300.78583376274935,12492.848187265603
2310,300.80449668356704,12492.848187265603
2311,300.8223855742843,12492.848187265603
2312,300.8429765301651,12492.848187265603
2313,300.8680040090998,12492.848187265603
2314,300.8949194835046,12492.848187265603
2315,300.9222443264385,12492.848187265603
2316,300.9490345532854,12492.848187265603
2317,300.9742316516911,11451.777504993468
2318,300.20375006366334,10410.706822721337
2319,299.35901625545154,9369.636140449202
2320,298.49576082552124,8328.56545817707
2321,297.6215717420244,7287.4947759049355
2322,296.7393766740954,6246.4240936328015
2323,295.8469281773948,5205.353411360669
2324,294.9421020352395,4164.282729088535
2325,294.0230672132344,3123.2120468164007
2326,293.0926147338241,2082.141364544268
2327,292.1520829417939,1041.070682272134
2328,291.2022815700115,0.0
2329,290.2445108661806,0.0
2330,290.0740384618099,0.0
2331,289.96904128034413,0.0
2332,289.87431126772566,0.0
2333,289.7817218219463,0.0
2334,289.6884324713218,0.0
2335,289.6001751080758,0.0
2336,289.5254019203601,0.0
2337,289.463947799381,0.0
2338,289.4077398306988,0.0
2339,289.35262121866646,0.0
2340,289.3003032658204,0.0
2341,289.25116539221756,0.0
2342,289.2051107793334,0.0
2343,289.1765769431744,0.0
2344,289.19578265462883,0.0
2345,289.24442268351106,0.0
2346,289.28712823016076,0.0
2347,289.2992044720521,0.0
2348,289.29999687872265,0.0
2349,289.292466683678,0.0
2350,289.2787465639601,0.0
2351,289.25977330142587,0.0
2352,289.2372298790112,0.0
2353,289.2098625768458,0.0
2354,289.1772659287932,0.0
2355,289.1429197945329,0.0
2356,289.1045140257257,0.0
2357,289.0598492908866,0.0
2358,289.0063935389559,0.0
2359,288.9467798739708,0.0
2360,288.8870435114292,0.0
2361,288.8292994552659,0.0
2362,288.77204633721175,0.0
2363,288.7086570220974,0.0
2364,288.63348532983815,0.0
2365,288.5491299834359,1784.6925981808004
2366,289.8248620560315,3569.3851963616007
2367,291.22367553879263,5354.077794542401
2368,292.64051685503546,7138.770392723201
2369,294.08140603151753,8923.462990904001
2370,295.55110540354644,10708.155589084801
2371,297.05478252070054,12492.848187265603
2372,298.59169529768025,12492.848187265603
2373,298.79931142806294,12492.848187265603
2374,298.90276017741394,12492.848187265603
2375,298.9919339903927,12492.848187265603
2376,299.0756359322587,12492.848187265603
2377,299.1568030750802,12492.848187265603
2378,299.23649361130066,12492.848187265603
2379,299.3125465009961,12492.848187265603
2380,299.3819295239576,12492.848187265603
2381,299.4429048009425,12492.848187265603
2382,299.4978591141523,12492.848187265603
2383,299.54935227298864,12492.848187265603
2384,299.5997246275822,12492.848187265603
2385,299.6500211873965,12492.848187265603
2386,299.6988500538065,12492.848187265603
2387,299.74595004515487,12492.848187265603
2388,299.7914735949216,12492.848187265603
2389,299.8355726755537,12492.848187265603
2390,299.8784533329387,12492.848187265603
2391,299.9201109629849,12492.848187265603
2392,299.9607241127925,12492.848187265603
2393,299.99927974370365,12492.848187265603
2394,300.03389688688776,12492.848187265603
2395,300.0653114893034,12492.848187265603
2396,300.09519245143963,12492.848187265603
2397,300.12430241095785,12492.848187265603
2398,300.152116893882,12492.848187265603
2399,300.1789893205963,12492.848187265603
2400,300.20567881132604,12492.848187265603
2401,300.23284901497107,12492.848187265603
2402,300.26067862869905,12492.848187265603
2403,300.2892084576312,12492.848187265603
2404,300.3185087096936,12492.848187265603
2405,300.34871863130377,12492.848187265603
2406,300.37971512752756,12492.848187265603
2407,300.41084286009425,12492.848187265603
2408,300.44134141218825,12492.848187265603
2409,300.47082336865077,12492.848187265603
2410,300.499525903809,12492.848187265603
2411,300.5275108056435,10708.155589084803
2412,299.19333848349595,8923.462990904003
2413,297.7311662890335,7138.770392723201
2414,296.23194938743467,5354.0777945424015
2415,294.7061361533736,3569.385196361602
2416,293.1584303863368,1784.692598180801
2417,291.5923234269274,0.0
2418,290.0074024421566,0.0
2419,289.76564641210274,0.0
2420,289.63130740580436,0.0
2421,289.51406738433707,0.0
2422,289.40590568850524,0.0
2423,289.3042201257817,0.0
2424,289.20715541055483,0.0
2425,289.1135802625073,0.0
2426,289.02414198437907,0.0
2427,288.93874901044313,0.0
2428,288.85682013782946,0.0
2429,288.77795809150865,0.0
2430,288.7017834986543,0.0
2431,288.6315789479592,0.0
2432,288.5748986947897,0.0
2433,288.5362924055673,0.0
2434,288.51440960144873,0.0
2435,288.5045110907062,0.0
2436,288.52655542297543,0.0
2437,288.5490325553422,0.0
2438,288.5618668666444,0.0
2439,288.56334140735345,0.0
2440,288.5640719955045,0.0
2441,288.55986479587847,0.0
2442,288.5303615556714,0.0
2443,288.5170817325469,0.0
2444,288.5051660103883,0.0
2445,288.4931065235703,0.0
2446,288.4827199406265,0.0
2447,288.4717232721092,0.0
2448,288.4549952682776,0.0
2449,288.42779211397874,0.0
2450,288.38817211550594,0.0
2451,288.34590125676374,0.0
2452,288.3049319199557,0.0
2453,288.2671741698634,0.0
2454,288.2270596667077,0.0
2455,288.18355244748614,4164.282729088534
2456,291.3163779526678,8328.565458177069
2457,294.7454953818769,12492.848187265603
2458,298.25694917222086,12492.848187265603
2459,298.64175560035557,12492.848187265603
2460,298.76561460672787,12492.848187265603
2461,298.83962884957003,12492.848187265603
2462,298.8966224808077,12492.848187265603
2463,298.94649318352697,12492.848187265603
2464,298.9875619859294,12492.848187265603
2465,299.0206958651157,12492.848187265603
2466,299.04431291535695,12492.848187265603
2467,299.069202967083,12492.848187265603
2468,299.10308006084193,12492.848187265603
2469,299.1435263273398,12492.848187265603
2470,299.18775108597623,12492.848187265603
2471,299.2329625965538,12492.848187265603
2472,299.27636994704216,12492.848187265603
2473,299.31777438278004,12492.848187265603
2474,299.3571639197464,12492.848187265603
2475,299.3948286205613,12492.848187265603
2476,299.43092155825195,12492.848187265603
2477,299.4578255281048,12492.848187265603
2478,299.4636448096773,12492.848187265603
2479,299.46089569026407,12492.848187265603
2480,299.46715452659413,12492.848187265603
2481,299.4934264344828,12492.848187265603
2482,299.53062502759366,12492.848187265603
2483,299.5715759606435,12492.848187265603
2484,299.61037828364374,12492.848187265603
2485,299.6437849983379,12492.848187265603
2486,299.67367400282666,12492.848187265603
2487,299.69924102300604,12492.848187265603
2488,299.71887440324883,12492.848187265603
2489,299.7208002172451,12492.848187265603
2490,299.6891860365594,12492.848187265603
2491,299.64066002634087,12492.848187265603
2492,299.59906062969645,12492.848187265603
2493,299.57857917680656,12492.848187265603
2494,299.5691135369643,12492.848187265603
2495,299.56979693359807,12492.848187265603
2496,299.58290779350773,12492.848187265603
2497,299.6153492521089,12492.848187265603
2498,299.6711498584197,12492.848187265603
2499,299.73440187361075,12492.848187265603
2500,299.78491839763353,12492.848187265603
2501,299.81038005591085,12492.848187265603
2502,299.82307388092636,8328.56545817707
2503,296.6567704265522,4164.282729088535
2504,293.2010623651576,0.0
2505,289.6745786653293,0.0
2506,289.2672968696827,0.0
2507,289.1011399162387,0.0
2508,288.9664545401897,0.0
2509,288.8453827269598,0.0
2510,288.7354427453589,0.0
2511,288.6342359701131,0.0
2512,288.540154738357,0.0
2513,288.4504009791458,0.0
2514,288.3603168286057,0.0
2515,288.26536852995605,0.0
2516,288.16144478932335,0.0
2517,288.04623316173826,0.0
2518,287.9236057470911,0.0
2519,287.79862592737555,0.0
2520,287.6765138094679,0.0
2521,287.56027559219206,0.0
2522,287.446989252205,0.0
2523,287.33556994436645,0.0
2524,287.22564018375374,0.0
2525,287.118485826445,0.0
2526,287.0183962079835,0.0
2527,286.94610155925074,0.0
2528,286.94951663042235,0.0
2529,287.0395548493316,0.0
2530,287.2270571025685,0.0
2531,287.46977129866787,0.0
2532,287.6863934130409,0.0
2533,287.8892508879354,0.0
2534,288.0751312290261,0.0
2535,288.25256535818545,0.0
2536,288.41504746851376,0.0
2537,288.544456563495,0.0
2538,288.6462042000119,0.0
2539,288.71665034809246,0.0
2540,288.7419153508464,1561.6060234082004
2541,289.9267069038511,3123.2120468164007
2542,291.2163235213162,4684.818070224601
2543,292.5442331780746,6246.4240936328015
2544,293.9016519163379,7808.030117041002
2545,295.29129455408355,9369.636140449202
2546,296.70389035327764,10931.242163857403
2547,298.1466104706985,12492.848187265603
2548,299.6090096799203,12492.848187265603
2549,299.8965827806857,12492.848187265603
2550,300.09459699877465,12492.848187265603
2551,300.2700439424267,12492.848187265603
2552,300.4131681283623,12492.848187265603
2553,300.5199837019685,12492.848187265603
2554,300.6039007497467,12492.848187265603
2555,300.6629273248145,12492.848187265603
2556,300.6861468830127,12492.848187265603
2557,300.6728181099878,12492.848187265603
2558,300.62571614689773,12492.848187265603
2559,300.526515667661,12492.848187265603
2560,300.32282823675,12492.848187265603
2561,300.10987730038676,12492.848187265603
2562,299.87863282857256,12492.848187265603
2563,299.71253274876716,12492.848187265603
2564,299.58702803549085,12492.848187265603
2565,299.48772579641036,12492.848187265603
2566,299.4416769817271,12492.848187265603
2567,299.4265409964032,12492.848187265603
2568,299.4173987444136,12492.848187265603
2569,299.41400425864447,10931.242163857403
2570,298.23225296643386,9369.636140449202
2571,296.94499354031825,7808.030117041002
2572,295.6221590741677,6246.4240936328015
2573,294.25707320326427,4684.818070224601
2574,292.84548846484245,3123.2120468164007
2575,291.4058558554096,1561.6060234082004
2576,289.9604704090064,0.0
2577,288.52073842849796,0.0
2578,288.2617224438146,0.0
2579,288.1004735281136,0.0
2580,287.95776624459916,0.0
2581,287.8255917432538,0.0
2582,287.700521422564,0.0
2583,287.5814647982741,0.0
2584,287.4673208007516,0.0
2585,287.3573307343163,0.0
2586,287.25113886068516,0.0
2587,287.14816220506117,0.0
2588,287.04800670179725,0.0
2589,286.9510200462303,0.0
2590,286.85839946380406,0.0
2591,286.7692967430861,0.0
2592,286.6823110223677,0.0
2593,286.5951376428287,0.0
2594,286.5073168107448,0.0
2595,286.4229901516942,0.0
2596,286.3476511838627,0.0
2597,286.2826949363992,0.0
2598,286.2211906404324,0.0
2599,286.16148886900964,0.0
2600,286.10328888092135,0.0
2601,286.0464273492306,0.0
2602,285.9909786421948,0.0
2603,285.93680738850793,0.0
2604,285.88382093660715,0.0
2605,285.8288346157256,0.0
2606,285.76582774792485,0.0
2607,285.69655811789295,0.0
2608,285.624737492824,0.0
2609,285.55261566878943,0.0
2610,285.4788933638059,0.0
2611,285.40375696313066,0.0
2612,285.327904774414,0.0
2613,285.2458773601537,0.0
2614,285.1503412566832,0.0
2615,285.0547844965942,0.0
2616,284.9774395629581,0.0
2617,284.92985334397764,0.0
2618,284.90174353608876,0.0
2619,284.8828509769177,0.0
2620,284.86377603410887,0.0
2621,284.83949999853166,1388.0942430295113
2622,285.87417903508583,2776.1884860590226
2623,287.010204720528,4164.282729088534
2624,288.1785708543422,5552.376972118045
2625,289.37238346549384,6940.471215147558
2626,290.58755165785396,8328.565458177069
2627,291.82232784591747,9716.65970120658
2628,293.0794948478521,11104.75394423609
2629,294.35222460362064,12492.848187265603
2630,295.6286472966859,12492.848187265603
2631,295.8725160887859,12492.848187265603
2632,296.0831503786678,12492.848187265603
2633,296.31678078934027,12492.848187265603
2634,296.5328733812707,12492.848187265603
2635,296.70990617885013,12492.848187265603
2636,296.86727472031856,12492.848187265603
2637,297.01669284377635,12492.848187265603
2638,297.165868605953,12492.848187265603
2639,297.3417968842483,12492.848187265603
2640,297.5705863875533,12492.848187265603
2641,297.7908881863724,12492.848187265603
2642,298.0232661660854,12492.848187265603
2643,298.19306510154865,12492.848187265603
2644,298.3201909504023,12492.848187265603
2645,298.4256793472954,12492.848187265603
2646,298.53146390121776,12492.848187265603
2647,298.68681874540346,12492.848187265603
2648,298.98291414893833,12492.848187265603
2649,299.31609595581347,12492.848187265603
2650,299.54292326943033,12492.848187265603
2651,299.62209056725806,12492.848187265603
2652,299.62461087553316,12492.848187265603
2653,299.52557588397474,12492.848187265603
2654,299.4342326061692,12492.848187265603
2655,299.3312620010969,12492.848187265603
2656,299.15935913090993,12492.848187265603
2657,299.01664859319544,12492.848187265603
2658,298.8797955369326,12492.848187265603
2659,298.81340239619544,11104.75394423609
2660,297.71341391135775,9716.65970120658
2661,296.5326723667585,8328.56545817707
2662,295.3456003364317,6940.471215147558
2663,294.1491678591038,5552.376972118045
2664,292.93752009165695,4164.282729088535
2665,291.7193758212346,2776.188486059024
2666,290.5097256344432,1388.094243029512
2667,289.2948323589911,0.0
2668,288.05263925059944,0.0
2669,287.8316328936236,0.0
2670,287.6884942160604,0.0
2671,287.55785123735143,0.0
2672,287.43537519606673,0.0
2673,287.32103888184326,0.0
2674,287.2130742589508,0.0
2675,287.1095382490984,0.0
2676,287.0089052698858,0.0
2677,286.90374168455435,0.0
2678,286.78525287029856,0.0
2679,286.6644834832898,0.0
2680,286.5564753885973,0.0
2681,286.47377109910894,0.0
2682,286.41154875799623,0.0
2683,286.35853686032397,960.9883220973542
2684,287.03571769428373,1921.9766441947083
2685,287.7710268932175,2882.9649662920624
2686,288.52133149149546,3843.9532883894167
2687,289.28524941273446,4804.9416104867705
2688,290.06369364991815,5765.929932584125
2689,290.86081792524743,6726.91825468148
2690,291.6797433600621,7687.906576778833
2691,292.5116216980323,8648.894898876186
2692,293.3450599855816,9609.883220973541
2693,294.16798808483816,10570.871543070896
2694,294.97751934508335,11531.85986516825
2695,295.78493895447866,12492.848187265603
2696,296.60447031340533,12492.848187265603
2697,296.7104146658177,12492.848187265603
2698,296.75908768109883,12492.848187265603
2699,296.7995618084704,12492.848187265603
2700,296.83898291089696,12492.848187265603
2701,296.88125258321094,12492.848187265603
2702,296.9271120497508,12492.848187265603
2703,296.9722124183756,12492.848187265603
2704,297.0113671572595,12492.848187265603
2705,297.03915273816136,12492.848187265603
2706,297.0556964921738,12492.848187265603
2707,297.0671458401571,12492.848187265603
2708,297.0807204998357,12492.848187265603
2709,297.1019217839915,12492.848187265603
2710,297.1311189571117,12492.848187265603
2711,297.1681938875251,12492.848187265603
2712,297.2133247195207,12492.848187265603
2713,297.26727030905545,12492.848187265603
2714,297.3290563746446,12492.848187265603
2715,297.3933225389255,12492.848187265603
2716,297.45362650474146,12492.848187265603
2717,297.50732763688507,12492.848187265603
2718,297.55921571743283,12492.848187265603
2719,297.61165295405476,12492.848187265603
2720,297.668186964194,12492.848187265603
2721,297.7303859840525,12492.848187265603
2722,297.8009813766066,12492.848187265603
2723,297.884461869033,12492.848187265603
2724,297.98361716305783,12492.848187265603
2725,298.0879736339451,12492.848187265603
2726,298.1893902953362,12492.848187265603
2727,298.28664200445525,12492.848187265603
2728,298.3881891136584,12492.848187265603
2729,298.48837846585366,12492.848187265603
2730,298.58066202609604,12492.848187265603
2731,298.65739478275907,12492.848187265603
2732,298.728971438905,12492.848187265603
2733,298.8002515604661,12492.848187265603
2734,298.8715457372767,12492.848187265603
2735,298.9415956687309,12492.848187265603
2736,299.005911806048,12492.848187265603
2737,299.0651041120515,11531.85986516825
2738,298.3892129542776,10570.871543070894
2739,297.64730580405245,9609.88322097354
2740,296.8834244621675,8648.894898876186
2741,296.09240874796416,7687.906576778833
2742,295.26580337516606,6726.918254681478
2743,294.41606365124534,5765.929932584123
2744,293.5625411128375,4804.94161048677
2745,292.7119844967451,3843.9532883894167
2746,291.8525447859854,2882.9649662920615
2747,290.97330916417764,1921.976644194707
2748,290.0742445915051,960.9883220973535
2749,289.15973818730384,0.0
2750,288.2358953103408,0.0
2751,288.04062410752476,0.0
2752,287.9025246090739,0.0
2753,287.76692120951947,0.0
2754,287.620151754548,0.0
2755,287.4754429536061,0.0
2756,287.35562893657004,0.0
2757,287.2786071197963,0.0
2758,287.2568725732434,0.0
2759,287.2612588092391,0.0
2760,287.25188177376987,0.0
2761,287.209434882784,0.0
2762,287.1571158096074,0.0
2763,287.10092193659074,0.0
2764,287.0413066677982,0.0
2765,286.97663351255443,0.0
2766,286.9054555531918,0.0
2767,286.8333363406533,0.0
2768,286.76746498752254,0.0
2769,286.72035500816537,0.0
2770,286.70009613996126,0.0
2771,286.69004239699893,0.0
2772,286.6682957155467,0.0
2773,286.6207180010677,0.0
2774,286.55830285519806,2082.141364544267
2775,288.0797018984068,4164.282729088534
2776,289.75439947478895,6246.4240936328015
2777,291.479162319802,8328.565458177069
2778,293.2367508599918,10410.706822721335
2779,295.0254801570321,12492.848187265603
2780,296.84625206407156,12492.848187265603
2781,297.11111172197144,12492.848187265603
2782,297.2570989916124,12492.848187265603
2783,297.38723194316367,12492.848187265603
2784,297.5073451066853,12492.848187265603
2785,297.61743671369305,12492.848187265603
2786,297.71989724363596,12492.848187265603
2787,297.81348905222256,12492.848187265603
2788,297.89581368983596,12492.848187265603
2789,297.9613196780331,12492.848187265603
2790,298.00604095300696,12492.848187265603
2791,298.0386968388718,12492.848187265603
2792,298.0708572577684,12492.848187265603
2793,298.10736240005616,12492.848187265603
2794,298.1419259965404,12492.848187265603
2795,298.1789359557454,12492.848187265603
2796,298.22588470072736,10410.706822721337
2797,296.6960624698506,8328.56545817707
2798,295.0203443475555,6246.4240936328015
2799,293.3034352555935,4164.282729088535
2800,291.5562821185613,2082.141364544268
2801,289.7814520668947,0.0
2802,287.9809311308603,0.0
2803,287.74508494713115,0.0
2804,287.63342689302897,0.0
2805,287.5403975134505,0.0
2806,287.4530191857511,0.0
2807,287.36599669397606,0.0
2808,287.27494473976833,0.0
2809,287.17506627365776,0.0
2810,287.06534750323067,0.0
2811,286.952030246401,0.0
2812,286.8429070850047,0.0
2813,286.7411895463522,0.0
2814,286.64196670663546,0.0
2815,286.55049208967324,0.0
2816,286.47735271955526,0.0
2817,286.4301801069372,0.0
2818,286.40994152960184,0.0
2819,286.4186863800932,0.0
2820,286.44423263796654,0.0
2821,286.4768372451837,0.0
2822,286.51324730631376,0.0
2823,286.55870283405824,0.0
2824,286.6334125179519,0.0
2825,286.7387707983001,0.0
2826,286.81767540140504,0.0
2827,286.88404631033274,0.0
2828,286.9449980410275,0.0
2829,287.0049598641353,0.0
2830,287.0670211765182,0.0
2831,287.1327089987063,0.0
2832,287.1968563010241,0.0
2833,287.2511578155344,0.0
2834,287.28806991378076,0.0
2835,287.29848949465196,0.0
2836,287.25722960825306,0.0
2837,287.1827604815351,0.0
2838,287.1044095685386,0.0
2839,287.0500776270041,0.0
2840,286.9970129091001,0.0
2841,286.9378606366584,0.0
2842,286.8727958690683,0.0
2843,286.805208691069,0.0
2844,286.7299092866499,0.0
2845,286.64699331753957,0.0
2846,286.5603065378486,3123.2120468164007
2847,288.85274502180954,6246.4240936328015
2848,291.3590063345452,9369.636140449202
2849,293.92133446444603,12492.848187265603
2850,296.53169796576174,12492.848187265603
2851,296.8104180649095,12492.848187265603
2852,296.91807728105255,12492.848187265603
2853,297.01365451436135,12492.848187265603
2854,297.10982928798444,12492.848187265603
2855,297.20479584829303,12492.848187265603
2856,297.29541911197094,12492.848187265603
2857,297.38179846175257,12492.848187265603
2858,297.46550711050486,12492.848187265603
2859,297.54533482947807,12492.848187265603
2860,297.6192081622327,12492.848187265603
2861,297.6849708748104,12492.848187265603
2862,297.7432468759458,12492.848187265603
2863,297.7970432951351,12492.848187265603
2864,297.8496591444742,12492.848187265603
2865,297.90334554377097,12492.848187265603
2866,297.9569267299246,12492.848187265603
2867,298.0102914874148,9369.636140449202
2868,295.6813523501191,6246.4240936328015
2869,293.1317651917675,3123.2120468164007
2870,290.52390712946465,0.0
2871,287.8715466653634,0.0
2872,287.5589775492401,0.0
2873,287.42575114595695,0.0
2874,287.31350789572207,0.0
2875,287.20889500526044,0.0
2876,287.1099806511643,0.0
2877,287.0111891707943,0.0
2878,286.9049523704589,0.0
2879,286.8001197343985,0.0
2880,286.70920049467304,0.0
2881,286.6385327563857,0.0
2882,286.57785235837224,0.0
2883,286.52216207149746,0.0
2884,286.4680668754011,0.0
2885,286.4140764442457,0.0
2886,286.3620878537425,0.0
2887,286.31139078526724,0.0
2888,286.26063988556564,4164.282729088534
2889,289.38538081693366,8328.565458177069
2890,292.8046544198031,12492.848187265603
2891,296.30527218636337,12492.848187265603
2892,296.6902932664292,12492.848187265603
2893,296.8363125154565,12492.848187265603
2894,296.95293450067464,12492.848187265603
2895,297.0580206656803,12492.848187265603
2896,297.1551349816229,12492.848187265603
2897,297.24623339829077,12492.848187265603
2898,297.3330174453057,12492.848187265603
2899,297.41595174852745,12492.848187265603
2900,297.49495849867145,12492.848187265603
2901,297.57029784866893,12492.848187265603
2902,297.6431785939184,12492.848187265603
2903,297.714263330659,12492.848187265603
2904,297.78404541809965,12492.848187265603
2905,297.85547181288956,12492.848187265603
2906,297.93228533987394,12492.848187265603
2907,298.01012331993076,12492.848187265603
2908,298.08297920086613,12492.848187265603
2909,298.1474885713162,12492.848187265603
2910,298.20804478344394,12492.848187265603
2911,298.2683624690367,8328.56545817707
2912,295.15767740407284,4164.282729088535
2913,291.7583822231996,0.0
2914,288.28491166528977,0.0
2915,287.9418320520296,0.0
2916,287.85327496833565,0.0
2917,287.8036848749818,0.0
2918,287.770711861975,0.0
2919,287.7472477329556,0.0
2920,287.7361303266439,0.0
2921,287.72748002816,0.0
2922,287.7151767966581,0.0
2923,287.69394847417044,0.0
2924,287.67398088671183,0.0
2925,287.66280761628946,0.0
2926,287.66359275640286,0.0
2927,287.66907153291044,0.0
2928,287.6660897172962,0.0
2929,287.65058131405254,0.0
2930,287.6294872070034,0.0
2931,287.60879472456503,0.0
2932,287.5844131935737,0.0
2933,287.55403630475337,0.0
2934,287.5176482303702,0.0
2935,287.4762960738973,2082.141364544267
2936,289.0221835627458,4164.282729088534
2937,290.7136883553721,6246.4240936328015
2938,292.43937465511726,8328.565458177069
2939,294.185255114781,10410.706822721335
2940,295.9480781685357,12492.848187265603
2941,297.7290697657148,12492.848187265603
2942,297.9430907485811,12492.848187265603
2943,298.0308747902799,12492.848187265603
2944,298.0918846857662,12492.848187265603
2945,298.139600224223,12492.848187265603
2946,298.1854947851789,12492.848187265603
2947,298.2371557525619,12492.848187265603
2948,298.29334395027314,12492.848187265603
2949,298.34967093948103,12492.848187265603
2950,298.39953820591177,12492.848187265603
2951,298.4465275975769,12492.848187265603
2952,298.49608044010114,12492.848187265603
2953,298.5548283577274,12492.848187265603
2954,298.62101786390735,12492.848187265603
2955,298.68852057612105,12492.848187265603
2956,298.75050231248827,12492.848187265603
2957,298.8039503919565,12492.848187265603
2958,298.8542993370716,12492.848187265603
2959,298.90316150282626,12492.848187265603
2960,298.9506384847364,12492.848187265603
2961,298.99691899092284,12492.848187265603
2962,299.04208978270054,12492.848187265603
2963,299.08623130663847,12492.848187265603
2964,299.1294248243571,12492.848187265603
2965,299.17174751328116,12492.848187265603
2966,299.21325584412784,12492.848187265603
2967,299.253988569824,12492.848187265603
2968,299.2940035032706,12492.848187265603
2969,299.33261280198593,12492.848187265603
2970,299.3683138661339,12492.848187265603
2971,299.4005631421012,12492.848187265603
2972,299.4293221967703,12492.848187265603
2973,299.4552252809943,12492.848187265603
2974,299.4797737938053,12492.848187265603
2975,299.5034180453155,12492.848187265603
2976,299.5261973884569,10410.706822721337
2977,297.959837264415,8328.56545817707
2978,296.2450422071001,6246.4240936328015
2979,294.4895362461741,4164.282729088535
2980,292.70294219782176,2082.141364544268
2981,290.8893534844904,0.0
2982,289.0516038973285,0.0
2983,288.7794549582268,0.0
2984,288.6340022206401,0.0
2985,288.5089069605648,0.0
2986,288.3953818858364,0.0
2987,288.29146879150755,0.0
2988,288.1952538767214,0.0
2989,288.10563548162816,0.0
2990,288.02159404297674,0.0
2991,287.94347774996163,0.0
2992,287.87174536132034,0.0
2993,287.8065328519749,0.0
2994,287.7461805869444,0.0
2995,287.6895173673163,0.0
2996,287.6357250745576,0.0
2997,287.5844111110309,0.0
2998,287.5359917872191,0.0
2999,287.4903221136316,0.0
3000,287.4471811754655,0.0
3001,287.4191130429555,0.0
3002,287.42477766112177,0.0
3003,287.4416094747052,0.0
3004,287.43806143908216,0.0
3005,287.39989027456113,0.0
3006,287.35434617172405,0.0
3007,287.3102470813913,0.0
3008,287.2748380661881,0.0
3009,287.2500173995594,0.0
3010,287.2425702433785,0.0
3011,287.25932463281856,0.0
3012,287.3281632061424,0.0
3013,287.4044019154473,0.0
3014,287.47763589664595,0.0
3015,287.5392849945973,0.0
3016,287.59812723274916,1388.0942430295113
3017,288.71572664046766,2776.1884860590226
3018,289.93364114892364,4164.282729088534
3019,291.17835150799897,5552.376972118045
3020,292.43553539807095,6940.471215147558
3021,293.7423788158243,8328.565458177069
3022,295.04030385936875,9716.65970120658
3023,296.3841858766792,11104.75394423609
3024,297.88598883592886,12492.848187265603
3025,299.43038759188056,12492.848187265603
3026,299.8278999531207,12492.848187265603
3027,300.004700471107,12492.848187265603
3028,300.04033721494005,12492.848187265603
3029,300.0404053054718,12492.848187265603
3030,299.99541151775577,12492.848187265603
3031,300.00101553721544,12492.848187265603
3032,299.95137833737067,12492.848187265603
3033,299.9284895668848,12492.848187265603
3034,299.902685286985,12492.848187265603
3035,299.94176800459377,12492.848187265603
3036,300.0417287579616,12492.848187265603
3037,300.12223314861853,12492.848187265603
3038,300.1619399595262,12492.848187265603
3039,300.1528705090318,12492.848187265603
3040,300.1172243050001,12492.848187265603
3041,300.0833429264269,12492.848187265603
3042,300.0718268667004,12492.848187265603
3043,300.07311653535163,12492.848187265603
3044,300.0676494706831,12492.848187265603
3045,300.0543722217805,12492.848187265603
3046,300.05027766859666,12492.848187265603
3047,300.05735594450914,12492.848187265603
3048,300.07027521298414,12492.848187265603
3049,300.08935776727174,11104.75394423609
3050,299.0510231145275,9716.65970120658
3051,297.9144658214919,8328.56545817707
3052,296.7514673387173,6940.471215147558
3053,295.56944027186796,5552.376972118045
3054,294.36994585332747,4164.282729088535
3055,293.15470939991843,2776.188486059024
3056,291.9242834372716,1388.094243029512
3057,290.68340186646236,0.0
3058,289.4363791744832,0.0
3059,289.23708904176465,0.0
3060,289.1179429368673,0.0
3061,289.0037529522239,0.0
3062,288.89161773788214,0.0
3063,288.7822413497798,0.0
3064,288.6766547487801,0.0
3065,288.57338446281227,0.0
3066,288.46900233207793,0.0
3067,288.3659224657309,0.0
3068,288.26803941766684,0.0
3069,288.1915765532447,0.0
3070,288.15620212711184,0.0
3071,288.13964743339756,0.0
3072,288.1105357302427,0.0
3073,288.04684640214003,0.0
3074,287.9614552808202,0.0
3075,287.87088318090014,0.0
3076,287.7910550275393,0.0
3077,287.73163254502185,0.0
3078,287.68345519183106,0.0
3079,287.6385068094031,0.0
3080,287.58990835525407,0.0
3081,287.53092185450697,0.0
3082,287.4622112878759,0.0
3083,287.39300614193826,0.0
3084,287.3339088617652,3123.2120468164007
3085,289.6715298669308,6246.4240936328015
3086,292.2339258598879,9369.636140449202
3087,294.85807768865874,12492.848187265603
3088,297.5278536109739,12492.848187265603
3089,297.8565362261588,12492.848187265603
3090,298.0025462667721,12492.848187265603
3091,298.12411754986704,12492.848187265603
3092,298.23464377052073,12492.848187265603
3093,298.3345058796077,12492.848187265603
3094,298.42147915217475,12492.848187265603
3095,298.50016972211705,12492.848187265603
3096,298.5766974600049,12492.848187265603
3097,298.65658560200416,12492.848187265603
3098,298.739629210245,12492.848187265603
3099,298.8218499490929,12492.848187265603
3100,298.8986531411458,12492.848187265603
3101,298.9682539381081,12492.848187265603
3102,299.0342525333686,12492.848187265603
3103,299.09893967462205,12492.848187265603
3104,299.16489563634366,12492.848187265603
3105,299.2332927416144,12492.848187265603
3106,299.3054134805042,12492.848187265603
3107,299.38171276193685,12492.848187265603
3108,299.46100405981247,12492.848187265603
3109,299.5416322197846,12492.848187265603
3110,299.6220946035414,12492.848187265603
3111,299.7022808267583,12492.848187265603
3112,299.78410809269224,12492.848187265603
3113,299.8706467973474,12492.848187265603
3114,299.9655027314605,12492.848187265603
3115,300.0644112583114,12492.848187265603
3116,300.16076867398306,12492.848187265603
3117,300.2518291580088,12492.848187265603
3118,300.3402643885867,12492.848187265603
3119,300.42530507199183,12492.848187265603
3120,300.5043760279392,12492.848187265603
3121,300.57463978701185,12492.848187265603
3122,300.6343459824164,12492.848187265603
3123,300.68583981846376,12492.848187265603
3124,300.73153193884093,12492.848187265603
3125,300.77158063411923,9369.636140449202
3126,298.42137432314803,6246.4240936328015
3127,295.845528273526,3123.2120468164007
3128,293.2110928423492,0.0
3129,290.5358464542295,0.0
3130,290.2023033423096,0.0
3131,290.0510725118918,0.0
3132,289.92431248345815,0.0
3133,289.8088681188288,0.0
3134,289.70353356400017,0.0
3135,289.6049243051423,0.0
3136,289.50900204927393,0.0
3137,289.4128399768386,0.0
3138,289.31515562190026,0.0
3139,289.21918453287196,0.0
3140,289.1293861511907,0.0
3141,289.0449421534604,0.0
3142,288.96273982264023,0.0
3143,288.88366215520114,0.0
3144,288.8101576897801,0.0
3145,288.7435862231484,0.0
3146,288.680791963317,0.0
3147,288.6199564937458,0.0
3148,288.56021457017346,0.0
3149,288.5001119061091,0.0
3150,288.43923626404364,0.0
3151,288.3791624717459,0.0
3152,288.32193704543505,0.0
3153,288.27029659674173,0.0
3154,288.22563821128136,3123.2120468164007
3155,290.5681598927068,6246.4240936328015
3156,293.13411781689973,9369.636140449202
3157,295.76138849873536,12492.848187265603
3158,298.436012200933,12492.848187265603
3159,298.76982618868317,12492.848187265603
3160,298.91857739425245,12492.848187265603
3161,299.0374371858674,12492.848187265603
3162,299.1389160394508,12492.848187265603
3163,299.22894883801274,12492.848187265603
3164,299.31332703920197,12492.848187265603
3165,299.39538286342906,12492.848187265603
3166,299.47430090902026,12492.848187265603
3167,299.5488766955926,12492.848187265603
3168,299.6182100238467,12492.848187265603
3169,299.68200441522885,12492.848187265603
3170,299.74164858348524,12492.848187265603
3171,299.797945929182,12492.848187265603
3172,299.8512883193025,12492.848187265603
3173,299.9017668131094,12492.848187265603
3174,299.94902582717907,12492.848187265603
3175,299.9940229481165,12492.848187265603
3176,300.03783245069314,12492.848187265603
3177,300.0821619149188,12492.848187265603
3178,300.12840164014585,12492.848187265603
3179,300.1760530454144,12492.848187265603
3180,300.2242317822422,12492.848187265603
3181,300.274016297286,12492.848187265603
3182,300.32749062616244,12492.848187265603
3183,300.38126708437363,12492.848187265603
3184,300.43080419525506,12492.848187265603
3185,300.47365376937876,12492.848187265603
3186,300.51356390539445,12492.848187265603
3187,300.5518205773109,12492.848187265603
3188,300.5888659452746,12492.848187265603
3189,300.62433357881025,12492.848187265603
3190,300.6578206627967,12492.848187265603
3191,300.69110389157896,12492.848187265603
3192,300.72638950014897,12492.848187265603
3193,300.7644434736599,12492.848187265603
3194,300.8028659578584,12492.848187265603
3195,300.8411972626519,12492.848187265603
3196,300.87960932327405,12492.848187265603
3197,300.9181578564887,12492.848187265603
3198,300.95687519876844,12492.848187265603
3199,300.9997950265325,12492.848187265603
3200,301.05509602239374,12492.848187265603
3201,301.12622060586966,9369.636140449202
3202,298.82831001267726,6246.4240936328015
3203,296.3299931644566,3123.2120468164007
3204,293.85641270637683,0.0
3205,291.4031995595823,0.0
3206,291.2944105358342,0.0
3207,291.41909088709605,0.0
3208,291.56357240676476,0.0
3209,291.76700366481384,0.0
3210,291.9333210935998,0.0
3211,292.04908038377505,0.0
3212,292.1494218330697,0.0
3213,292.17007022209475,0.0
3214,292.16782460193326,0.0
3215,292.16880313007954,0.0
3216,292.16557168472553,0.0
3217,292.16346968943293,0.0
3218,292.1660138347919,0.0
3219,292.1835213210306,6246.4240936328015
3220,296.9754906529393,12492.848187265603
3221,302.2190138841341,12492.848187265603
3222,302.82496153469674,12492.848187265603
3223,303.07705356431717,12492.848187265603
3224,303.27789747905115,12492.848187265603
3225,303.44562873857313,12492.848187265603
3226,303.57113180239634,12492.848187265603
3227,303.65013962000756,12492.848187265603
3228,303.6832859187274,12492.848187265603
3229,303.65207548054883,12492.848187265603
3230,303.6115490721239,12492.848187265603
3231,303.52180363783975,12492.848187265603
3232,303.2825396261302,12492.848187265603
3233,303.01891177654096,12492.848187265603
3234,302.80641927931225,12492.848187265603
3235,302.71515558330077,12492.848187265603
3236,302.66938202527507,12492.848187265603
3237,302.64120706337803,12492.848187265603
3238,302.6250491531407,12492.848187265603
3239,302.61934416064173,12492.848187265603
3240,302.62035863925325,12492.848187265603
3241,302.63550710814735,12492.848187265603
3242,302.67175197477246,12492.848187265603
3243,302.7188778654281,12492.848187265603
3244,302.7630677767748,12492.848187265603
3245,302.79507672356607,6246.4240936328015
3246,298.0558260510353,0.0
3247,292.87187572213963,0.0
3248,292.33352610401795,0.0
3249,292.15842413402294,0.0
3250,292.0389518348697,0.0
3251,291.93933157509167,0.0
3252,291.84191945096757,0.0
3253,291.72930205386734,0.0
3254,291.5973061287088,0.0
3255,291.46072283787254,0.0
3256,291.3381225821243,0.0
3257,291.2389071477611,0.0
3258,291.1518392018755,0.0
3259,291.0761970617084,0.0
3260,291.0147164917431,0.0
3261,290.96918879381735,0.0
3262,290.93585496312147,0.0
3263,290.90883824031727,0.0
3264,290.8819370953032,1561.6060234082004
3265,292.0435603265779,3123.2120468164007
3266,293.31611519220985,4684.818070224601
3267,294.61631857902995,6246.4240936328015
3268,295.93174341217156,7808.030117041002
3269,297.25624331105377,9369.636140449202
3270,298.59004425793614,10931.242163857403
3271,299.938040882288,12492.848187265603
3272,301.30659802120994,12492.848187265603
3273,301.5064739092554,12492.848187265603
3274,301.6134600564166,12492.848187265603
3275,301.7057437469358,12492.848187265603
3276,301.7911427102746,12492.848187265603
3277,301.87236133502404,12492.848187265603
3278,301.95063396234923,12492.848187265603
3279,302.0251213061023,12492.848187265603
3280,302.0942451031132,12492.848187265603
3281,302.15497219282025,12492.848187265603
3282,302.2058124054514,12492.848187265603
3283,302.2513480555327,12492.848187265603
3284,302.2975303494721,12492.848187265603
3285,302.348838820652,12492.848187265603
3286,302.404047824058,12492.848187265603
3287,302.458852795752,12492.848187265603
3288,302.50919602500227,12492.848187265603
3289,302.55304454744044,12492.848187265603
3290,302.59441434524257,12492.848187265603
3291,302.63458613189107,12492.848187265603
3292,302.6739330143324,12492.848187265603
3293,302.71254327761744,12492.848187265603
3294,302.75040699405383,12492.848187265603
3295,302.78970303513165,12492.848187265603
3296,302.8356927193552,12492.848187265603
3297,302.89089789882473,12492.848187265603
3298,302.9574406666819,12492.848187265603
3299,303.05154841315345,12492.848187265603
3300,303.2192618823402,12492.848187265603
3301,303.40137707907917,12492.848187265603
3302,303.5694040936789,12492.848187265603
3303,303.7381892297783,12492.848187265603
3304,303.8882558292927,12492.848187265603
3305,304.02253419914837,12492.848187265603
3306,304.1546456792735,12492.848187265603
3307,304.2821339720231,12492.848187265603
3308,304.396757750421,10931.242163857403
3309,303.30114212376725,9369.636140449202
3310,302.0730597365313,7808.030117041002
3311,300.78101372505904,6246.4240936328015
3312,299.3839366808781,4684.818070224601
3313,297.9859526450047,3123.2120468164007
3314,296.58531015114113,1561.6060234082004
3315,295.177458963846,0.0
3316,293.7852738174707,0.0
3317,293.5747846838804,0.0
3318,293.45768403946386,0.0
3319,293.3508594072943,0.0
3320,293.24671787157706,0.0
3321,293.14652596779274,0.0
3322,293.0505822473178,0.0
3323,292.9522118173847,0.0
3324,292.8447366105131,0.0
3325,292.7284223325304,0.0
3326,292.61270067902365,0.0
3327,292.4985314014721,0.0
3328,292.37798506156986,0.0
3329,292.2546801285417,0.0
3330,292.1396349605191,0.0
3331,292.03621175410683,1561.6060234082004
3332,293.13431531298613,3123.2120468164007
3333,294.34883352661586,4684.818070224601
3334,295.5932590204473,6246.4240936328015
3335,296.8621218761474,7808.030117041002
3336,298.15694220782467,9369.636140449202
3337,299.48300702881085,10931.242163857403
3338,300.84080772815577,12492.848187265603
3339,302.2210468875241,12492.848187265603
3340,302.4224743803491,12492.848187265603
3341,302.51589100553804,12492.848187265603
3342,302.58322939563186,12492.848187265603
3343,302.6389506438498,12492.848187265603
3344,302.6933348255499,12492.848187265603
3345,302.7523334381384,12492.848187265603
3346,302.812533548487,12492.848187265603
3347,302.8744014470625,12492.848187265603
3348,302.93983977043115,12492.848187265603
3349,303.0096979374679,12492.848187265603
3350,303.08172140223354,12492.848187265603
3351,303.15357345105167,12492.848187265603
3352,303.2230123124544,12492.848187265603
3353,303.2887492773858,12492.848187265603
3354,303.35167933484206,12492.848187265603
3355,303.41106438910106,12492.848187265603
3356,303.465553135192,12492.848187265603
3357,303.5086143717469,12492.848187265603
3358,303.53242241068085,12492.848187265603
3359,303.54773335755294,12492.848187265603
3360,303.5693400306647,12492.848187265603
3361,303.6051002568763,12492.848187265603
3362,303.64510721459266,12492.848187265603
3363,303.68523831553597,12492.848187265603
3364,303.7235046709123,12492.848187265603
3365,303.75904620076517,12492.848187265603
3366,303.79345015265994,12492.848187265603
3367,303.82724672086437,12492.848187265603
3368,303.8604312580946,12492.848187265603
3369,303.892065754002,12492.848187265603
3370,303.92132774870504,12492.848187265603
3371,303.9502609452048,12492.848187265603
3372,303.98166613167774,12492.848187265603
3373,304.01803281228604,12492.848187265603
3374,304.0587097928407,12492.848187265603
3375,304.10219159074444,12492.848187265603
3376,304.14687344053266,12492.848187265603
3377,304.1915960585738,12492.848187265603
3378,304.2364948873222,12492.848187265603
3379,304.2816478038128,12492.848187265603
3380,304.3270682520015,12492.848187265603
3381,304.37276399534005,12492.848187265603
3382,304.41874229360417,10931.242163857403
3383,303.273616124627,9369.636140449202
3384,302.0182030702107,7808.030117041002
3385,300.7351025247652,6246.4240936328015
3386,299.4349848663278,4684.818070224601
3387,298.1163608348345,3123.2120468164007
3388,296.77600077627255,1561.6060234082004
3389,295.4107679926486,0.0
3390,294.024158255236,0.0
3391,293.81359774468234,0.0
3392,293.70855819773476,0.0
3393,293.6321077989983,0.0
3394,293.57488082431115,0.0
3395,293.5377025286275,0.0
3396,293.51675915990035,0.0
3397,293.50398166331814,0.0
3398,293.49415740626404,0.0
3399,293.48646991092016,0.0
3400,293.48492052460006,0.0
3401,293.49125970619434,0.0
3402,293.50569508723663,0.0
3403,293.5226156981593,0.0
3404,293.53554420783627,0.0
3405,293.54130865739927,1249.2848187265604
3406,294.503895175895,2498.569637453121
3407,295.5593531537815,3747.8544561796816
3408,296.61958815628947,4997.139274906242
3409,297.68987586848016,6246.4240936328015
3410,298.78376193295196,7495.708912359363
3411,299.9320350609872,8744.993731085922
3412,301.12877977759445,9994.278549812483
3413,302.39132306358124,11243.563368539042
3414,303.6182673256324,12492.848187265603
3415,304.7796193767563,12492.848187265603
3416,304.8835210372929,12492.848187265603
3417,304.87412465115483,12492.848187265603
3418,304.8742526382955,12492.848187265603
3419,304.9739002914641,12492.848187265603
3420,305.11955729425387,12492.848187265603
3421,305.2367099756672,12492.848187265603
3422,305.3146652635132,12492.848187265603
3423,305.32783952894283,12492.848187265603
3424,305.28808657508716,12492.848187265603
3425,305.22171517792526,12492.848187265603
3426,305.1738950523784,12492.848187265603
3427,305.1728167947195,12492.848187265603
3428,305.1810880989169,12492.848187265603
3429,305.1902902366544,12492.848187265603
3430,305.19493797766296,12492.848187265603
3431,305.20387499603817,12492.848187265603
3432,305.22261978804994,12492.848187265603
3433,305.25587378084344,12492.848187265603
3434,305.2941122400792,12492.848187265603
3435,305.33430837278075,12492.848187265603
3436,305.3750922526039,12492.848187265603
3437,305.4164212213078,12492.848187265603
3438,305.4590300770274,12492.848187265603
3439,305.5015422085294,12492.848187265603
3440,305.5421397590586,12492.848187265603
3441,305.5768183032528,12492.848187265603
3442,305.6011454600793,12492.848187265603
3443,305.61638403717643,12492.848187265603
3444,305.6253458891863,12492.848187265603
3445,305.6280903011053,12492.848187265603
3446,305.622061102066,12492.848187265603
3447,305.61217447228745,12492.848187265603
3448,305.60515018046135,12492.848187265603
3449,305.60464709293996,12492.848187265603
3450,305.60733152476894,12492.848187265603
3451,305.6133556734921,12492.848187265603
3452,305.62397915094755,12492.848187265603
3453,305.6398682468363,12492.848187265603
3454,305.65903935313236,12492.848187265603
3455,305.6787285573013,11243.563368539042
3456,304.7432115551195,9994.278549812483
3457,303.71520573947987,8744.993731085922
3458,302.6608728944108,7495.708912359361
3459,301.58790469254205,6246.4240936328015
3460,300.4985773489799,4997.13927490624
3461,299.39431772495567,3747.8544561796803
3462,298.27520837958457,2498.56963745312
3463,297.1442568792722,1249.28481872656
3464,296.0044903940937,0.0
3465,294.8573314489264,0.0
3466,294.65240760297695,0.0
3467,294.52531404597704,0.0
3468,294.41167858359387,0.0
3469,294.30573807626183,0.0
3470,294.2060168291233,0.0
3471,294.11169414720706,0.0
3472,294.0221346103975,0.0
3473,293.93222125205006,0.0
3474,293.8335617371007,0.0
3475,293.72977311239634,0.0
3476,293.62713730763414,0.0
3477,293.5291709283323,0.0
3478,293.4326870619191,0.0
3479,293.3374170608236,0.0
3480,293.24424266690096,0.0
3481,293.15616801741226,0.0
3482,293.0778228278512,0.0
3483,293.0090608170133,0.0
3484,292.94852201491744,0.0
3485,292.89394526911906,0.0
3486,292.84494472452866,0.0
3487,292.8297377969896,0.0
3488,292.8816953401241,0.0
3489,292.97334324081174,0.0
3490,293.0633211990016,0.0
3491,293.2043428679492,0.0
3492,293.3844447978204,0.0
3493,293.6019162348276,0.0
3494,293.8192062475876,0.0
3495,293.9328562434394,0.0
3496,293.9348668789975,0.0
3497,293.9388947707906,0.0
3498,293.91514752062665,0.0
3499,293.81350808054066,0.0
3500,293.6838798002356,0.0
3501,293.50311758329343,0.0
3502,293.3546434230606,0.0
3503,293.2583519121273,0.0
3504,293.15197071517497,0.0
3505,293.0433214425187,0.0
3506,292.9576392761496,0.0
3507,292.90755156858336,0.0
3508,292.8704863206394,0.0
3509,292.83504444718284,0.0
3510,292.7924209934234,0.0
3511,292.7398455452013,0.0
3512,292.6819732252838,960.9883220973542
3513,293.35281606123664,1921.9766441947083
3514,294.0879319219193,2882.9649662920624
3515,294.8377660447967,3843.9532883894167
3516,295.59973184028007,4804.9416104867705
3517,296.3729711590411,5765.929932584125
3518,297.15655879690144,6726.91825468148
3519,297.9494936578679,7687.906576778833
3520,298.75046262978105,8648.894898876186
3521,299.56421910358904,9609.883220973541
3522,300.3989337305504,10570.871543070896
3523,301.25082755034543,11531.85986516825
3524,302.1147461033045,12492.848187265603
3525,302.98428854950004,12492.848187265603
3526,303.1290164076484,12492.848187265603
3527,303.2154245494259,12492.848187265603
3528,303.29345948062723,12492.848187265603
3529,303.369194357162,12492.848187265603
3530,303.4427802339755,12492.848187265603
3531,303.51413037247306,12492.848187265603
3532,303.5832622181439,12492.848187265603
3533,303.6513473432313,12492.848187265603
3534,303.7203081741384,12492.848187265603
3535,303.78845352862606,12492.848187265603
3536,303.8532478310588,12492.848187265603
3537,303.9099712680304,12492.848187265603
3538,303.95560352264096,12492.848187265603
3539,303.9961863095039,12492.848187265603
3540,304.039769836699,12492.848187265603
3541,304.0942803838168,12492.848187265603
3542,304.1600880235693,12492.848187265603
3543,304.2293897036618,12492.848187265603
3544,304.29301172829935,12492.848187265603
3545,304.3445528298061,12492.848187265603
3546,304.3883939542126,12492.848187265603
3547,304.43003136604483,12492.848187265603
3548,304.4748318789131,12492.848187265603
3549,304.526108443675,12492.848187265603
3550,304.58099391762363,11531.85986516825
3551,303.9033687177352,10570.871543070894
3552,303.1550500827251,9609.88322097354
3553,302.3843490315634,8648.894898876186
3554,301.5991497895882,7687.906576778833
3555,300.8012238052097,6726.918254681478
3556,299.99159189864633,5765.929932584123
3557,299.1706267269593,4804.94161048677
3558,298.3397518461346,3843.9532883894167
3559,297.499157095349,2882.9649662920615
3560,296.64930507270753,1921.976644194707
3561,295.7906128019336,960.9883220973535
3562,294.9234533271932,0.0
3563,294.0481551144143,0.0
3564,293.89807922326105,0.0
3565,293.80851111113134,0.0
3566,293.7302751813005,0.0
3567,293.6587195456391,0.0
3568,293.59247775749725,0.0
3569,293.526273629442,0.0
3570,293.451306727925,0.0
3571,293.37199684538734,0.0
3572,293.29572524025076,0.0
3573,293.2261394489968,0.0
3574,293.1591315173824,0.0
3575,293.0952492111505,0.0
3576,293.0370569424547,0.0
3577,292.9857201654443,0.0
3578,292.93932593611606,0.0
3579,292.89633696497384,0.0
3580,292.8554865606804,0.0
3581,292.81622341929125,0.0
3582,292.7791434469623,0.0
3583,292.7464479854544,0.0
3584,292.72402524517304,0.0
3585,292.7073680927222,0.0
3586,292.6887729122854,0.0
3587,292.6941905308788,0.0
3588,292.77672862987015,0.0
3589,292.88892347112284,0.0
3590,293.0024792388133,0.0
3591,293.13001199682463,0.0
3592,293.2241900928868,0.0
3593,293.2905404864775,0.0
3594,293.3414944763361,0.0
3595,293.3600653921497,0.0
3596,293.29595320565966,0.0
3597,293.200332096224,0.0
3598,293.1282887731828,0.0
3599,293.0359259828841,0.0
3600,292.9408262796628,0.0
3601,292.7906682199455,0.0
3602,292.53921068389496,0.0
3603,292.2752450117523,0.0
3604,292.07932107670024,0.0
3605,291.99737976015524,0.0
3606,291.94764344894764,0.0
3607,291.8986049667577,1388.0942430295113
3608,292.89796660842376,2776.1884860590226
3609,293.9805349390074,4164.282729088534
3610,295.08451146761803,5552.376972118045
3611,296.21822540397915,6940.471215147558
3612,297.3977917798347,8328.565458177069
3613,298.61317549029053,9716.65970120658
3614,299.8396449642075,11104.75394423609
3615,301.0525024361157,12492.848187265603
3616,302.24669536521736,12492.848187265603
3617,302.3819462994052,12492.848187265603
3618,302.44570301509833,12492.848187265603
3619,302.5153561423821,12492.848187265603
3620,302.57670215810543,12492.848187265603
3621,302.6292017677395,12492.848187265603
3622,302.68084120593124,12492.848187265603
3623,302.7344051483358,12492.848187265603
3624,302.78518082608747,12492.848187265603
3625,302.832098108153,12492.848187265603
3626,302.8745329498237,12492.848187265603
3627,302.91484783171035,12492.848187265603
3628,302.95579577115655,12492.848187265603
3629,302.9999495123145,12492.848187265603
3630,303.04735797268506,12492.848187265603
3631,303.0958159040483,12492.848187265603
3632,303.1428891314574,12492.848187265603
3633,303.18761039445883,11104.75394423609
3634,302.1726080195819,9716.65970120658
3635,301.0578474283183,8328.56545817707
3636,299.91279423795766,6940.471215147558
3637,298.7427777822221,5552.376972118045
3638,297.5497887243432,4164.282729088535
3639,296.33709726395693,2776.188486059024
3640,295.10878048878317,1388.094243029512
3641,293.866882829866,0.0
3642,292.610823802492,0.0
3643,292.3998536386598,0.0
3644,292.273985761975,0.0
3645,292.1624320792322,0.0
3646,292.0587434887184,0.0
3647,291.96115185145965,0.0
3648,291.8689735392478,0.0
3649,291.7805525935206,0.0
3650,291.6942166890838,0.0
3651,291.6097757051199,0.0
3652,291.5277181646237,0.0
3653,291.4480500174586,0.0
3654,291.370253160287,0.0
3655,291.2941915253627,0.0
3656,291.21985960217665,0.0
3657,291.14647487413373,0.0
3658,291.0732249038297,0.0
3659,291.0006681114602,0.0
3660,290.9297049281734,0.0
3661,290.8633997112076,0.0
3662,290.8051027351846,0.0
3663,290.7509922932402,0.0
3664,290.6955770634857,0.0
3665,290.6335708248592,0.0
3666,290.5649080611662,0.0
3667,290.49466880153096,0.0
3668,290.4287545503589,0.0
3669,290.37167801144824,0.0
3670,290.32103524671857,0.0
3671,290.2725409522514,0.0
3672,290.22177165168756,0.0
3673,290.16672055213735,0.0
3674,290.1103889271633,0.0
3675,290.05419249522606,2498.569637453121
3676,291.9048282588138,4997.139274906242
3677,293.9335350050706,7495.708912359363
3678,296.01145390298836,9994.278549812483
3679,298.1278795559803,12492.848187265603
3680,300.282841535669,12492.848187265603
3681,300.5737667181874,12492.848187265603
3682,300.7363641480574,12492.848187265603
3683,300.88805244829723,12492.848187265603
3684,301.02583295267,12492.848187265603
3685,301.142399521661,12492.848187265603
3686,301.2439128295308,12492.848187265603
3687,301.3367614496131,12492.848187265603
3688,301.42751063413084,12492.848187265603
3689,301.52049355071097,12492.848187265603
3690,301.61322575467165,12492.848187265603
3691,301.7021186785955,12492.848187265603
3692,301.7825927799449,12492.848187265603
3693,301.8553529487665,12492.848187265603
3694,301.92404403061545,12492.848187265603
3695,302.01434070569263,12492.848187265603
3696,302.15841201206626,12492.848187265603
3697,302.32464116395494,12492.848187265603
3698,302.4648053622085,12492.848187265603
3699,302.5344394058838,12492.848187265603
3700,302.5332103498731,12492.848187265603
3701,302.50617514246875,12492.848187265603
3702,302.51022089513793,12492.848187265603
3703,302.56507058405964,12492.848187265603
3704,302.6252212638752,12492.848187265603
3705,302.6740463865079,12492.848187265603
3706,302.71117053126216,12492.848187265603
3707,302.7370456492968,12492.848187265603
3708,302.7556352593395,12492.848187265603
3709,302.7690234150116,9994.278549812483
3710,300.87244569081963,7495.708912359361
3711,298.7996751120621,4997.13927490624
3712,296.68391571730234,2498.56963745312
3713,294.53990988178543,0.0
3714,292.3680734161419,0.0
3715,292.0698430973989,0.0
3716,291.9113081894119,0.0
3717,291.7665050320479,0.0
3718,291.63249248581434,0.0
3719,291.51473759441524,0.0
3720,291.4097147861846,0.0
3721,291.3207193534765,0.0
3722,291.24816259031775,0.0
3723,291.1839609775361,0.0
3724,291.1185588953681,0.0
3725,291.04621147667774,0.0
3726,290.97035279902695,0.0
3727,290.89287309254496,0.0
3728,290.8146534229818,0.0
3729,290.7335635271379,0.0
3730,290.6461954887941,0.0
3731,290.55865141753804,0.0
3732,290.4788428788229,0.0
3733,290.41434535747385,0.0
3734,290.3634431641982,0.0
3735,290.3181744241621,0.0
3736,290.2694426848616,0.0
3737,290.2131250109295,0.0
3738,290.15565040748555,0.0
3739,290.0987025241817,0.0
3740,290.0422852397211,0.0
3741,289.98635107451724,0.0
3742,289.9308357261309,0.0
3743,289.8757289910003,0.0
3744,289.820966456983,0.0
3745,289.7679869692363,0.0
3746,289.71899622755495,0.0
3747,289.6723566133722,0.0
3748,289.62523795468223,0.0
3749,289.5755858328847,1388.0942430295113
3750,290.5827555805376,2776.1884860590226
3751,291.6884433953185,4164.282729088534
3752,292.8228445065766,5552.376972118045
3753,293.97983539400917,6940.471215147558
3754,295.1557211015316,8328.565458177069
3755,296.3483520020757,9716.65970120658
3756,297.5571254181012,11104.75394423609
3757,298.78085515084103,12492.848187265603
3758,300.0189363472365,12492.848187265603
3759,300.21175917368953,12492.848187265603
3760,300.3193151587,12492.848187265603
3761,300.41226705000975,12492.848187265603
3762,300.49725525446047,12492.848187265603
3763,300.57587620326973,12492.848187265603
3764,300.64894953880764,12492.848187265603
3765,300.7177533246467,12492.848187265603
3766,300.78370857952206,12492.848187265603
3767,300.846725182024,12492.848187265603
3768,300.90627666270944,12492.848187265603
3769,300.96149471107185,12492.848187265603
3770,301.01197014521125,12492.848187265603
3771,301.059480617668,12492.848187265603
3772,301.1062535938829,12492.848187265603
3773,301.1549178165739,12492.848187265603
3774,301.2068600310172,12492.848187265603
3775,301.26043710124515,12492.848187265603
3776,301.31507393839036,12492.848187265603
3777,301.36718323433746,12492.848187265603
3778,301.41516634040966,12492.848187265603
3779,301.5017215107162,12492.848187265603
3780,301.7237780931996,12492.848187265603
3781,301.9838470491346,12492.848187265603
3782,302.1997989753486,12492.848187265603
3783,302.3131761552114,12492.848187265603
3784,302.344409743869,12492.848187265603
3785,302.3327227565873,12492.848187265603
3786,302.3474591914853,12492.848187265603
3787,302.3941402650476,12492.848187265603
3788,302.4650917132005,12492.848187265603
3789,302.53826722853006,12492.848187265603
3790,302.6134111378258,12492.848187265603
3791,302.6885875384203,12492.848187265603
3792,302.75704738094913,12492.848187265603
3793,302.8155630278171,12492.848187265603
3794,302.8624062412344,12492.848187265603
3795,302.88278636491225,12492.848187265603
3796,302.84895422857807,12492.848187265603
3797,302.7861422637591,12492.848187265603
3798,302.73035999112585,12492.848187265603
3799,302.7112162596102,12492.848187265603
3800,302.7059409986757,12492.848187265603
3801,302.70778772497135,11104.75394423609
3802,301.64781345683997,9716.65970120658
3803,300.4866734416031,8328.56545817707
3804,299.3047478434776,6940.471215147558
3805,298.1109173263606,5552.376972118045
3806,296.8994376721679,4164.282729088535
3807,295.6696740633266,2776.188486059024
3808,294.421730300494,1388.094243029512
3809,293.1581355222316,0.0
3810,291.88110305242884,0.0
3811,291.6524801545419,0.0
3812,291.5140058481082,0.0
3813,291.39059957152153,0.0
3814,291.26879191489513,0.0
3815,291.15202090147443,0.0
3816,291.04575175961656,0.0
3817,290.956645058282,0.0
3818,290.8827145947456,0.0
3819,290.8161412005193,0.0
3820,290.7479930761401,0.0
3821,290.67349463140835,0.0
3822,290.5978341908751,0.0
3823,290.5239136777168,0.0
3824,290.4534017384411,0.0
3825,290.3869164125036,0.0
3826,290.3226885885264,0.0
3827,290.2605066968617,0.0
3828,290.20026766971483,0.0
3829,290.142017396698,0.0
3830,290.0854603324117,0.0
3831,290.03034197978286,0.0
3832,289.9765907659909,0.0
3833,289.9246953739213,0.0
3834,289.8751286112425,0.0
3835,289.82662221839047,0.0
3836,289.77726213521976,0.0
3837,289.7263598642471,892.3462990904002
3838,290.3560694480334,1784.6925981808004
3839,291.04991378216926,2677.0388972712003
3840,291.7614988322397,3569.3851963616007
3841,292.4862785433605,4461.731495452001
3842,293.22311064832206,5354.077794542401
3843,293.97115122615725,6246.4240936328015
3844,294.72968976893776,7138.770392723201
3845,295.496724639946,8031.116691813601
3846,296.26920054892355,8923.462990904001
3847,297.0487125026474,9815.809289994402
3848,297.83735874667667,10708.155589084801
3849,298.63662503183696,11600.501888175202
3850,299.4456201881083,12492.848187265603
3851,300.26267068690015,12492.848187265603
3852,300.40523115574376,12492.848187265603
3853,300.4890338079555,12492.848187265603
3854,300.55912573158605,12492.848187265603
3855,300.6220997142157,12492.848187265603
3856,300.68171733918166,12492.848187265603
3857,300.74007498815195,12492.848187265603
3858,300.7966329725589,12492.848187265603
3859,300.8501875349515,12492.848187265603
3860,300.90011599430466,12492.848187265603
3861,300.9461200901022,12492.848187265603
3862,300.98949753829345,12492.848187265603
3863,301.0305868194855,12492.848187265603
3864,301.0697728507384,12492.848187265603
3865,301.1072516500223,12492.848187265603
3866,301.1431833217772,12492.848187265603
3867,301.17805006460185,11600.501888175204
3868,300.5320434268826,10708.155589084803
3869,299.8208699613527,9815.809289994402
3870,299.0889432567359,8923.462990904003
3871,298.3595982620705,8031.116691813602
3872,297.68865286913825,7138.770392723201
3873,297.0644983344577,6246.4240936328015
3874,296.37616835200197,5354.0777945424015
3875,295.5885215414723,4461.731495452002
3876,294.72398654987694,3569.385196361602
3877,293.85822379579275,2677.0388972712008
3878,293.01749859413496,1784.692598180801
3879,292.2409297832218,892.3462990904012
3880,291.51193008355,0.0
3881,290.7956269180446,0.0
3882,290.7335296818071,0.0
3883,290.6886068825451,0.0
3884,290.6429846857564,0.0
3885,290.5975788877973,0.0
3886,290.54991913306446,0.0
3887,290.5009017627312,0.0
3888,290.45419233045686,0.0
3889,290.4107126942711,0.0
3890,290.37043999510246,0.0
3891,290.33348100035016,0.0
3892,290.29314674166557,0.0
3893,290.2445526774112,0.0
3894,290.18820925085424,0.0
3895,290.1267099949716,0.0
3896,290.06350781799773,0.0
3897,289.99932542411767,0.0
3898,289.93142808703357,0.0
3899,289.8574390189994,0.0
3900,289.7773982125163,0.0
3901,289.69185127412516,0.0
3902,289.60228055757926,0.0
3903,289.5077180004806,0.0
3904,289.4045372311871,0.0
3905,289.2930377764743,0.0
3906,289.1747515887528,0.0
3907,289.0632592088743,0.0
3908,288.9643653406262,0.0
3909,288.8800956656985,0.0
3910,288.80741305432355,0.0
3911,288.7445512574059,0.0
3912,288.6872060477509,0.0
3913,288.6343278735346,0.0
3914,288.58401305044777,0.0
3915,288.53562573640045,960.9883220973542
3916,289.22164523209267,1921.9766441947083
3917,289.97740562234753,2882.9649662920624
3918,290.7537299555085,3843.9532883894167
3919,291.5445293451394,4804.9416104867705
3920,292.3467849307178,5765.929932584125
3921,293.1579490716315,6726.91825468148
3922,293.97720771670384,7687.906576778833
3923,294.8059782878226,8648.894898876186
3924,295.6455440375673,9609.883220973541
3925,296.49625106287994,10570.871543070896
3926,297.35643044092586,11531.85986516825
3927,298.2254031043649,12492.848187265603
3928,299.1028220687427,12492.848187265603
3929,299.2551598807351,12492.848187265603
3930,299.3475077337231,12492.848187265603
3931,299.42881953801674,12492.848187265603
3932,299.5037521614504,12492.848187265603
3933,299.5740358030627,12492.848187265603
3934,299.64119092439284,12492.848187265603
3935,299.70514759836607,12492.848187265603
3936,299.7652211692964,12492.848187265603
3937,299.820424129323,12492.848187265603
3938,299.87068090616225,12492.848187265603
3939,299.9165704609669,12492.848187265603
3940,299.95915325297125,11531.85986516825
3941,299.2649378988123,10570.871543070894
3942,298.4975687024609,9609.88322097354
3943,297.7091369806935,8648.894898876186
3944,296.90770763645696,7687.906576778833
3945,296.0972128420074,6726.918254681478
3946,295.2774897699727,5765.929932584123
3947,294.44706112458624,4804.94161048677
3948,293.60419971930014,3843.9532883894167
3949,292.74827955071447,2882.9649662920615
3950,291.88102139751345,1921.976644194707
3951,291.00378546440817,960.9883220973535
3952,290.11803052516245,0.0
3953,289.2243101516226,0.0
3954,289.0555356175532,0.0
3955,288.94706245681425,0.0
3956,288.84977473466034,0.0
3957,288.7590255969927,0.0
3958,288.6740220051127,0.0
3959,288.59375904546494,0.0
3960,288.51757511676806,0.0
3961,288.44475063365076,0.0
3962,288.3749283514619,0.0
3963,288.3087268575976,0.0
3964,288.2471206497283,0.0
3965,288.1902519849306,0.0
3966,288.1365024861809,0.0
3967,288.08668975367044,0.0
3968,288.0435989796189,0.0
3969,288.00732147014793,0.0
3970,287.97733117519357,0.0
3971,287.9528620125616,0.0
3972,287.93261369995446,0.0
3973,287.91734979483925,0.0
3974,287.9090303054372,0.0
3975,287.9036913888408,0.0
3976,287.8975786369988,0.0
3977,287.8873397147714,0.0
3978,287.8738868685186,0.0
3979,287.8588295057654,0.0
3980,287.8436214239614,0.0
3981,287.83034690335325,0.0
3982,287.8176512450142,0.0
3983,287.80460467935,0.0
3984,287.78953948047723,3123.2120468164007
3985,290.1539727202911,6246.4240936328015
3986,292.73707589715457,9369.636140449202
3987,295.3784338418693,12492.848187265603
3988,298.0626272939037,12492.848187265603
3989,298.40383925842514,12492.848187265603
3990,298.5623563243546,12492.848187265603
3991,298.6932240350547,12492.848187265603
3992,298.8059349566871,12492.848187265603
3993,298.90057628368936,12492.848187265603
3994,298.98240489179256,12492.848187265603
3995,299.0534218770033,12492.848187265603
3996,299.11669236546777,12492.848187265603
3997,299.1741963050461,12492.848187265603
3998,299.22653083139767,12492.848187265603
3999,299.27336999967906,12492.848187265603
4000,299.3140739651925,12492.848187265603
4001,299.3496953297245,12492.848187265603
4002,299.38233845840097,12492.848187265603
4003,299.4142580869519,12492.848187265603
4004,299.4478478814474,12492.848187265603
4005,299.48402299067743,12492.848187265603
4006,299.5232915041738,12492.848187265603
4007,299.5648663546953,12492.848187265603
4008,299.6060895277405,12492.848187265603
4009,299.6459507693671,12492.848187265603
4010,299.6832188355593,12492.848187265603
4011,299.7180539956848,12492.848187265603
4012,299.750902009956,12492.848187265603
4013,299.7810358538859,9369.636140449202
4014,297.42366596590495,6246.4240936328015
4015,294.83940427595223,3123.2120468164007
4016,292.1900147279494,0.0
4017,289.4889761499373,0.0
4018,289.11965114184585,0.0
4019,288.93019304031554,0.0
4020,288.7695903225881,0.0
4021,288.62818788654863,0.0
4022,288.4984189684871,0.0
4023,288.3763172717474,0.0
4024,288.25925247364785,0.0
4025,288.14502972967875,0.0
4026,288.0324876524149,0.0
4027,287.92250469992473,0.0
4028,287.8161086976986,0.0
4029,287.72256231114926,0.0
4030,287.6539060564306,0.0
4031,287.5954416016732,0.0
4032,287.5264630545473,0.0
4033,287.4319665460936,0.0
4034,287.3195908794706,0.0
4035,287.20169094155835,0.0
4036,287.09059071707765,0.0
4037,286.99199579938056,0.0
4038,286.89707921439015,0.0
4039,286.8038452660556,0.0
4040,286.7128094110671,0.0
4041,286.62567438260896,0.0
4042,286.5431737215145,1135.7134715696004
4043,287.3271612640529,2271.426943139201
4044,288.1867807647707,3407.1404147088006
4045,289.0602721914563,4542.853886278402
4046,289.9462210297411,5678.567357848002
4047,290.8452328839882,6814.280829417601
4048,291.7575957509255,7949.994300987201
4049,292.682138811583,9085.707772556803
4050,293.6166749721184,10221.421244126403
4051,294.5638151035932,11357.134715696004
4052,295.52686899422116,12492.848187265603
4053,296.51009372198155,12492.848187265603
4054,296.6461218548004,12492.848187265603
4055,296.71649483315167,12492.848187265603
4056,296.7751496888176,12492.848187265603
4057,296.8250070728716,12492.848187265603
4058,296.86868912225145,12492.848187265603
4059,296.908104848053,12492.848187265603
4060,296.9446921777747,12492.848187265603
4061,296.9841988743296,12492.848187265603
4062,297.0412889807822,12492.848187265603
4063,297.1696136599968,12492.848187265603
4064,297.4177375300392,12492.848187265603
4065,297.6914062783005,12492.848187265603
4066,297.9548106029346,12492.848187265603
4067,298.0336528650431,12492.848187265603
4068,297.95783855537474,12492.848187265603
4069,297.81281384919833,12492.848187265603
4070,297.80477470423307,12492.848187265603
4071,298.08826896116,12492.848187265603
4072,298.56601873236497,12492.848187265603
4073,299.0863885504446,12492.848187265603
4074,299.5224409712379,12492.848187265603
4075,299.8122735058466,12492.848187265603
4076,300.0524440173571,12492.848187265603
4077,300.2012923217501,12492.848187265603
4078,300.31297108569726,12492.848187265603
4079,300.41384705114274,12492.848187265603
4080,300.50882511124433,12492.848187265603
4081,300.59159873602954,12492.848187265603
4082,300.6557285366407,12492.848187265603
4083,300.7230291446465,12492.848187265603
4084,300.80833219746256,12492.848187265603
4085,300.92215405606595,12492.848187265603
4086,301.056490401901,12492.848187265603
4087,301.1979946110381,12492.848187265603
4088,301.32913493301083,12492.848187265603
4089,301.43125615671727,12492.848187265603
4090,301.5034188716663,12492.848187265603
4091,301.53844149964124,12492.848187265603
4092,301.54294202543184,12492.848187265603
4093,301.50188040097794,12492.848187265603
4094,301.41485330160447,12492.848187265603
4095,301.3109202530418,11357.134715696002
4096,300.3064543737921,10221.4212441264
4097,299.2057885407079,9085.707772556803
4098,298.0488639271046,7949.994300987201
4099,296.9081875634022,6814.280829417601
4100,295.7328667147017,5678.567357848002
4101,294.5001573940201,4542.853886278402
4102,293.2979975490385,3407.1404147088006
4103,292.1521322822003,2271.4269431392
4104,291.0269805132323,1135.7134715695993
4105,289.9213345779068,0.0
4106,288.81504330716666,0.0
4107,288.5676800136845,0.0
4108,288.3899101478878,0.0
4109,288.21943363676445,0.0
4110,288.0495064083345,0.0
4111,287.8845228952795,0.0
4112,287.7306427190424,0.0
4113,287.5944118916599,0.0
4114,287.47665566815846,0.0
4115,287.3727091135596,0.0
4116,287.2769096482902,0.0
4117,287.1873696898361,0.0
4118,287.10723222769116,1784.6925981808004
4119,288.3918666524645,3569.3851963616007
4120,289.7992684903882,5354.077794542401
4121,291.2298688574314,7138.770392723201
4122,292.6761889815928,8923.462990904001
4123,294.1426337945013,10708.155589084801
4124,295.63576496585637,12492.848187265603
4125,297.1592706554608,12492.848187265603
4126,297.344673663575,12492.848187265603
4127,297.4239839373486,12492.848187265603
4128,297.4851553407969,12492.848187265603
4129,297.5342499131235,12492.848187265603
4130,297.57221468294676,12492.848187265603
4131,297.6031327559917,12492.848187265603
4132,297.6315762547846,12492.848187265603
4133,297.6624383460231,12492.848187265603
4134,297.69747158166155,12492.848187265603
4135,297.73462695524006,12492.848187265603
4136,297.77098463567376,12492.848187265603
4137,297.8091934209697,12492.848187265603
4138,297.85641856412474,12492.848187265603
4139,297.9050797547773,12492.848187265603
4140,297.944203593159,10708.155589084803
4141,296.5920213168253,8923.462990904003
4142,295.0685856269781,7138.770392723201
4143,293.4898092866895,5354.0777945424015
4144,291.8964501835736,3569.385196361602
4145,290.3079751376653,1784.692598180801
4146,288.70581134311936,0.0
4147,287.0871581184114,0.0
4148,286.81510847296755,0.0
4149,286.6582041197986,0.0
4150,286.52674346837887,0.0
4151,286.40709717174076,0.0
4152,286.2910522470912,0.0
4153,286.16458654267444,0.0
4154,286.01750558276694,0.0
4155,285.86735627926095,0.0
4156,285.73741155371835,0.0
4157,285.64407568295485,0.0
4158,285.5767582087577,0.0
4159,285.5372908427298,0.0
4160,285.53914657464156,0.0
4161,285.57611476275656,892.3462990904002
4162,286.33087239390323,1784.6925981808004
4163,287.2123382437763,2677.0388972712003
4164,288.2794250942796,3569.3851963616007
4165,289.42563807995765,4461.731495452001
4166,290.49354877889743,5354.077794542401
4167,291.45693953006986,6246.4240936328015
4168,292.4039046508,7138.770392723201
4169,293.35842242003105,8031.116691813601
4170,294.3502719804609,8923.462990904001
4171,295.31061161400373,9815.809289994402
4172,296.227908343962,10708.155589084801
4173,297.1182064627591,11600.501888175202
4174,298.01223399577606,12492.848187265603
4175,298.9183175894986,12492.848187265603
4176,299.1242069464393,12492.848187265603
4177,299.2484208005401,12492.848187265603
4178,299.3435982916733,12492.848187265603
4179,299.44452405337034,12492.848187265603
4180,299.562172800465,12492.848187265603
4181,299.7106488540366,12492.848187265603
4182,299.88699039352565,12492.848187265603
4183,300.06790957480735,12492.848187265603
4184,300.2236710562813,12492.848187265603
4185,300.3400368170269,12492.848187265603
4186,300.43277392901786,12492.848187265603
4187,300.5046292021965,12492.848187265603
4188,300.54638364891974,12492.848187265603
4189,300.5563330391582,12492.848187265603
4190,300.5356504981571,12492.848187265603
4191,300.4650514354963,12492.848187265603
4192,300.29675082427957,12492.848187265603
4193,300.1074883760018,12492.848187265603
4194,299.901181045803,12492.848187265603
4195,299.6892578353482,12492.848187265603
4196,299.4852973534293,12492.848187265603
4197,299.2550852173178,12492.848187265603
4198,299.1097254111787,12492.848187265603
4199,299.0522164046361,12492.848187265603
4200,299.01366805865536,12492.848187265603
4201,298.97985647943534,12492.848187265603
4202,298.9488646894017,12492.848187265603
4203,298.9195602991924,12492.848187265603
4204,298.8906292497579,12492.848187265603
4205,298.87293469594374,12492.848187265603
4206,298.8849635461818,12492.848187265603
4207,298.9119375994219,12492.848187265603
4208,298.93189383931633,12492.848187265603
4209,298.9260308188296,12492.848187265603
4210,298.8982323476902,12492.848187265603
4211,298.86422418972097,12492.848187265603
4212,298.8411572789453,12492.848187265603
4213,298.8419331047734,12492.848187265603
4214,298.8601432684769,11600.501888175204
4215,298.20333372960675,10708.155589084803
4216,297.4769741092465,9815.809289994402
4217,296.7185497552062,8923.462990904003
4218,295.9373842390597,8031.116691813602
4219,295.14087705868707,7138.770392723201
4220,294.3359929560395,6246.4240936328015
4221,293.5335683807787,5354.0777945424015
4222,292.73939788091,4461.731495452002
4223,291.94208355968715,3569.385196361602
4224,291.12666597868514,2677.0388972712008
4225,290.27214300420275,1784.692598180801
4226,289.3693036453925,892.3462990904012
4227,288.4428974227146,0.0
4228,287.524369119605,0.0
4229,287.3151537510799,0.0
4230,287.1819319606084,0.0
4231,287.06448212021115,0.0
4232,286.9449693605397,0.0
4233,286.81132646660734,0.0
4234,286.66672746769876,0.0
4235,286.52385967305264,0.0
4236,286.39672996061944,0.0
4237,286.2908292330513,0.0
4238,286.1923457606109,0.0
4239,286.09740828428176,0.0
4240,286.0055275324571,0.0
4241,285.9162810071703,0.0
4242,285.82963239810925,0.0
4243,285.74485937313716,0.0
4244,285.66115335531214,0.0
4245,285.5729186619106,0.0
4246,285.4729443524497,0.0
4247,285.36973352795627,0.0
4248,285.2748814762876,0.0
4249,285.1954134888776,0.0
4250,285.12390352797553,0.0
4251,285.0566135184929,0.0
4252,284.99205258932653,0.0
4253,284.92818613893513,0.0
4254,284.86702749902275,0.0
4255,284.83096859762856,0.0
4256,284.87097789417146,0.0
4257,284.9930593963013,0.0
4258,285.078257760211,0.0
4259,285.2074578567475,0.0
4260,285.46315295049783,0.0
4261,285.7855514619833,0.0
4262,286.08565661173395,0.0
4263,286.31549531592105,0.0
4264,286.5150469301257,0.0
4265,286.654626851236,0.0
4266,286.75332244663826,0.0
4267,286.81843990351297,0.0
4268,286.8549679595567,0.0
4269,286.8684804891111,0.0
4270,286.86710279923597,0.0
4271,286.8609800404435,960.9883220973542
4272,287.593743962838,1921.9766441947083
4273,288.4059685255358,2882.9649662920624
4274,289.24685709831556,3843.9532883894167
4275,290.1166709139631,4804.9416104867705
4276,291.0061432227336,5765.929932584125
4277,291.90941383805114,6726.91825468148
4278,292.82404477441713,7687.906576778833
4279,293.7499985760382,8648.894898876186
4280,294.6832864280011,9609.883220973541
4281,295.62477487301794,10570.871543070896
4282,296.57159439407616,11531.85986516825
4283,297.51138545533877,12492.848187265603
4284,298.4235039255558,12492.848187265603
4285,298.5629330069856,12492.848187265603
4286,298.59759051710176,12492.848187265603
4287,298.5671793994287,12492.848187265603
4288,298.43532658149684,12492.848187265603
4289,298.2877476120387,12492.848187265603
4290,298.1148355415745,12492.848187265603
4291,297.95187143866883,12492.848187265603
4292,297.7885440494276,12492.848187265603
4293,297.59481198732715,12492.848187265603
4294,297.4892115342547,12492.848187265603
4295,297.472702575417,12492.848187265603
4296,297.4727928791645,12492.848187265603
4297,297.46526271500704,12492.848187265603
4298,297.4360582045729,12492.848187265603
4299,297.39912538160297,12492.848187265603
4300,297.374190357746,12492.848187265603
4301,297.3727541253347,11531.85986516825
4302,296.6484334523639,10570.871543070894
4303,295.8589958833609,9609.88322097354
4304,295.04899670028556,8648.894898876186
4305,294.21650051822616,7687.906576778833
4306,293.3612022004598,6726.918254681478
4307,292.4946256959793,5765.929932584123
4308,291.630855287407,4804.94161048677
4309,290.7783061805049,3843.9532883894167
4310,289.9278635144977,2882.9649662920615
4311,289.07386190992395,1921.976644194707
4312,288.2108311075628,960.9883220973535
4313,287.336312279631,0.0
4314,286.453828214474,0.0
4315,286.29614940992616,0.0
4316,286.1971160127269,0.0
4317,286.10559578970276,0.0
4318,286.0166385477704,0.0
4319,285.9298177898514,0.0
4320,285.84557560134476,0.0
4321,285.7643260727873,0.0
4322,285.68598608107806,0.0
4323,285.6101441525819,0.0
4324,285.536691811073,0.0
4325,285.46498855400614,0.0
4326,285.3940637671388,1041.0706822721336
4327,286.1178902097776,2082.141364544267
4328,286.9159719071844,3123.2120468164007
4329,287.7315014042417,4164.282729088534
4330,288.5531961677341,5205.353411360667
4331,289.38164664748234,6246.4240936328015
4332,290.21947530569406,7287.494775904934
4333,291.05968103010275,8328.565458177069
4334,291.88771622213574,9369.636140449202
4335,292.72255760567754,10410.706822721335
4336,293.5902380287258,11451.777504993468
4337,294.5041599772233,12492.848187265603
4338,295.44408491655616,12492.848187265603
4339,295.6080111057126,12492.848187265603
4340,295.7114676362357,12492.848187265603
4341,295.8077550196463,12492.848187265603
4342,295.9037822363811,12492.848187265603
4343,295.99465684359745,12492.848187265603
4344,296.0729354278271,12492.848187265603
4345,296.1353760975737,12492.848187265603
4346,296.18963357979806,12492.848187265603
4347,296.24005427028027,12492.848187265603
4348,296.29011761457184,12492.848187265603
4349,296.34160818791116,12492.848187265603
4350,296.393870915149,12492.848187265603
4351,296.4495620611853,12492.848187265603
4352,296.51528516261544,12492.848187265603
4353,296.59141588274395,12492.848187265603
4354,296.68263885648355,12492.848187265603
4355,296.840270451099,12492.848187265603
4356,297.14136562286745,12492.848187265603
4357,297.4953693377853,12492.848187265603
4358,297.7630048910704,12492.848187265603
4359,297.9027681461802,12492.848187265603
4360,297.924680607328,12492.848187265603
4361,297.9519380943076,12492.848187265603
4362,298.01804408571127,12492.848187265603
4363,298.12506130061087,12492.848187265603
4364,298.23007723615206,12492.848187265603
4365,298.322248502116,12492.848187265603
4366,298.4054810351671,12492.848187265603
4367,298.5041949917589,12492.848187265603
4368,298.64594965893326,12492.848187265603
4369,298.847621186768,12492.848187265603
4370,298.98591785530135,12492.848187265603
4371,299.0747144619022,12492.848187265603
4372,299.0857498427054,12492.848187265603
4373,299.07796103363614,12492.848187265603
4374,299.0778298337552,12492.848187265603
4375,299.0354903016121,12492.848187265603
4376,298.9785689682673,12492.848187265603
4377,298.91231766678567,12492.848187265603
4378,298.8560292438593,12492.848187265603
4379,298.83285239995627,12492.848187265603
4380,298.90118407524216,11451.777504993468
4381,298.18126586807585,10410.706822721337
4382,297.38345073115175,9369.636140449202
4383,296.58922015605447,8328.56545817707
4384,295.7563808911788,7287.4947759049355
4385,294.9358984805828,6246.4240936328015
4386,294.032179897199,5205.353411360669
4387,293.08123988784797,4164.282729088535
4388,291.9598009638424,3123.2120468164007
4389,290.7138431224422,2082.141364544268
4390,289.52341972213264,1041.070682272134
4391,288.4490052678967,0.0
4392,287.4107694132328,0.0
4393,287.188878439002,0.0
4394,287.0428881324145,0.0
4395,286.91448144206817,0.0
4396,286.7966351004201,0.0
4397,286.687089473881,0.0
4398,286.58389862503054,0.0
4399,286.48552305044853,0.0
4400,286.3908909694458,0.0
4401,286.29860365320934,0.0
4402,286.2080396376207,0.0
4403,286.1192333174479,0.0
4404,286.03232955252787,0.0
4405,285.94408387052516,0.0
4406,285.84965898532886,0.0
4407,285.753695305876,0.0
4408,285.6630345631485,0.0
4409,285.58908733038646,0.0
4410,285.5394244741615,0.0
4411,285.5008665427582,0.0
4412,285.4559133062528,1388.0942430295113
4413,286.4531237026471,2776.1884860590226
4414,287.5398184364108,4164.282729088534
4415,288.64775710707977,5552.376972118045
4416,289.77011359057224,6940.471215147558
4417,290.9015805927311,8328.565458177069
4418,292.036500324361,9716.65970120658
4419,293.18326547192044,11104.75394423609
4420,294.35286434000835,12492.848187265603
4421,295.5515410151377,12492.848187265603
4422,295.7153315636454,12492.848187265603
4423,295.803645745896,12492.848187265603
4424,295.88808952364667,12492.848187265603
4425,295.97509539297255,12492.848187265603
4426,296.06229505049635,12492.848187265603
4427,296.146563385371,12492.848187265603
4428,296.2246917947031,12492.848187265603
4429,296.2955642007778,12492.848187265603
4430,296.3625392778392,12492.848187265603
4431,296.42514797213056,12492.848187265603
4432,296.48130193781935,12492.848187265603
4433,296.53046632064866,12492.848187265603
4434,296.5752877536972,12492.848187265603
4435,296.61670818005945,12492.848187265603
4436,296.6549680006759,12492.848187265603
4437,296.69079831701475,12492.848187265603
4438,296.7250911047953,12492.848187265603
4439,296.75799812699404,12492.848187265603
4440,296.7893375584187,12492.848187265603
4441,296.8189858843009,11104.75394423609
4442,295.78861427829787,9716.65970120658
4443,294.6589410298328,8328.56545817707
4444,293.5019923725141,6940.471215147558
4445,292.32600006323537,5552.376972118045
4446,291.1347445917755,4164.282729088535
4447,289.94441887637703,2776.188486059024
4448,288.8082127350499,1388.094243029512
4449,287.69380944439365,0.0
4450,286.5739351334452,0.0
4451,286.51205259571987,0.0
4452,286.6209822167031,0.0
4453,286.7341365204038,0.0
4454,286.8152284778271,0.0
4455,286.78644455446306,0.0
4456,286.5666052708941,0.0
4457,286.2416495685593,0.0
4458,285.90881730357324,0.0
4459,285.7429942531398,0.0
4460,285.6500134081327,0.0
4461,285.59493512586556,0.0
4462,285.55894027209683,0.0
4463,285.68573136893195,0.0
4464,285.99385563404013,0.0
4465,286.35667982077365,0.0
4466,286.6573320294418,0.0
4467,286.8432114718064,0.0
4468,286.97613349246524,0.0
4469,287.029086846002,0.0
4470,287.05795198897954,0.0
4471,287.0966987026941,0.0
4472,287.13368338552135,1561.6060234082004
4473,288.33739364759344,3123.2120468164007
4474,289.58064377896943,4684.818070224601
4475,290.8085495227504,6246.4240936328015
4476,292.0318599438268,7808.030117041002
4477,293.18894173331483,9369.636140449202
4478,294.3833113331166,10931.242163857403
4479,295.536336276679,12492.848187265603
4480,296.7255226481222,12492.848187265603
4481,296.72577477289224,12492.848187265603
4482,296.68313601891145,12492.848187265603
4483,296.6690894398531,12492.848187265603
4484,296.64236690718826,12492.848187265603
4485,296.6303429349677,12492.848187265603
4486,296.6465348065905,12492.848187265603
4487,296.67934645647927,12492.848187265603
4488,296.71664329641357,12492.848187265603
4489,296.7550901202078,12492.848187265603
4490,296.7923783163123,12492.848187265603
4491,296.8279810715495,12492.848187265603
4492,296.8619206310834,12492.848187265603
4493,296.8967140533477,12492.848187265603
4494,296.93545934610637,12492.848187265603
4495,296.97390583368195,12492.848187265603
4496,297.00648630206064,12492.848187265603
4497,297.030627399525,12492.848187265603
4498,297.05185313025333,12492.848187265603
4499,297.0717086154483,12492.848187265603
4500,297.0903895077972,12492.848187265603
4501,297.10788732949067,12492.848187265603
4502,297.12435314383276,12492.848187265603
4503,297.1398133525353,12492.848187265603
4504,297.1541947922618,12492.848187265603
4505,297.1674414469283,12492.848187265603
4506,297.17910910722446,12492.848187265603
4507,297.1889186460369,12492.848187265603
4508,297.19666255552545,12492.848187265603
4509,297.1959701482606,12492.848187265603
4510,297.17692522926296,12492.848187265603
4511,297.1487990294274,12492.848187265603
4512,297.12481416615776,12492.848187265603
4513,297.1124248491462,12492.848187265603
4514,297.10345177369777,12492.848187265603
4515,297.09544506985424,12492.848187265603
4516,297.0878777012265,12492.848187265603
4517,297.08059429800744,10931.242163857403
4518,295.8832442249161,9369.636140449202
4519,294.5765646216608,7808.030117041002
4520,293.24231650823043,6246.4240936328015
4521,291.8949325495458,4684.818070224601
4522,290.5457948052494,3123.2120468164007
4523,289.18445697218334,1561.6060234082004
4524,287.79642252125075,0.0
4525,286.374985907421,0.0
4526,286.12299060300217,0.0
4527,285.9641553619333,0.0
4528,285.81952532746203,0.0
4529,285.680823795273,0.0
4530,285.5455815617996,0.0
4531,285.4152290155313,0.0
4532,285.29230642073884,0.0
4533,285.1802291295045,0.0
4534,285.0816765304151,0.0
4535,284.9958152996578,0.0
4536,284.9211925484366,0.0
4537,284.85535916295277,0.0
4538,284.79458296430505,0.0
4539,284.73786220121946,0.0
4540,284.6845217424631,0.0
4541,284.6337550499758,0.0
4542,284.5853624125633,0.0
4543,284.5413256365642,0.0
4544,284.50678558544683,0.0
4545,284.48438362126416,0.0
4546,284.4764357246243,0.0
4547,284.4858112062778,0.0
4548,284.5257166115884,0.0
4549,284.58141686911273,0.0
4550,284.6248242311347,0.0
4551,284.75368986274685,0.0
4552,285.12125732802673,0.0
4553,285.5625298092909,0.0
4554,285.91299966430734,0.0
4555,286.0936260468672,0.0
4556,286.1963044265647,0.0
4557,286.22489790540595,0.0
4558,286.22818428248434,0.0
4559,286.2351491120456,0.0
4560,286.2466124397633,0.0
4561,286.26073361191027,0.0
4562,286.2770947632915,960.9883220973542
4563,287.0374421889842,1921.9766441947083
4564,287.87716034813013,2882.9649662920624
4565,288.7437271221117,3843.9532883894167
4566,289.62951401314075,4804.9416104867705
4567,290.5297814441235,5765.929932584125
4568,291.4380872548212,6726.91825468148
4569,292.3529446257961,7687.906576778833
4570,293.2731433943433,8648.894898876186
4571,294.18464394846916,9609.883220973541
4572,295.07366798234096,10570.871543070896
4573,295.92544783081837,11531.85986516825
4574,296.7399915797449,12492.848187265603
4575,297.5110811033315,12492.848187265603
4576,297.4754819035091,12492.848187265603
4577,297.3712493101346,12492.848187265603
4578,297.25486435398386,12492.848187265603
4579,297.08612811133986,12492.848187265603
4580,296.92624713468666,12492.848187265603
4581,296.72227259382515,12492.848187265603
4582,296.6009890135315,12492.848187265603
4583,296.58185660276126,12492.848187265603
4584,296.58562938939264,12492.848187265603
4585,296.581592234512,12492.848187265603
4586,296.54906558645075,12492.848187265603
4587,296.5045926430862,12492.848187265603
4588,296.4719808341612,12492.848187265603
4589,296.46339587301793,12492.848187265603
4590,296.4595399840747,12492.848187265603
4591,296.45561190724806,12492.848187265603
4592,296.45113984129637,12492.848187265603
4593,296.44581889928963,12492.848187265603
4594,296.4394609829538,12492.848187265603
4595,296.4325256854293,12492.848187265603
4596,296.42560197827663,12492.848187265603
4597,296.424676246637,12492.848187265603
4598,296.4384243826889,12492.848187265603
4599,296.45884150725374,11531.85986516825
4600,295.7411885326797,10570.871543070894
4601,294.9429409026878,9609.88322097354
4602,294.1189097538185,8648.894898876186
4603,293.27871650051634,7687.906576778833
4604,292.42808110590437,6726.918254681478
4605,291.5717681369082,5765.929932584123
4606,290.7103012977536,4804.94161048677
4607,289.83862140644396,3843.9532883894167
4608,288.9512037327817,2882.9649662920615
4609,288.04583171368944,1921.976644194707
4610,287.1292683737364,960.9883220973535
4611,286.2032986335188,0.0
4612,285.2683590015801,0.0
4613,285.0575751775473,0.0
4614,284.9069775911555,0.0
4615,284.76669133579156,0.0
4616,284.63226141572994,0.0
4617,284.5095269138413,0.0
4618,284.40997503114744,0.0
4619,284.32407396939607,0.0
4620,284.23767169808474,0.0
4621,284.142970424377,0.0
4622,284.0466118894853,0.0
4623,283.9507372063108,0.0
4624,283.85555126790103,0.0
4625,283.7589900921919,0.0
4626,283.658642824913,0.0
4627,283.5578329280942,0.0
4628,283.46089340077134,1041.0706822721336
4629,284.1704793226144,2082.141364544267
4630,284.97318987619144,3123.2120468164007
4631,285.8058855125768,4164.282729088534
4632,286.6507843845274,5205.353411360667
4633,287.4904858123941,6246.4240936328015
4634,288.31946182544743,7287.494775904934
4635,289.15668053411,8328.565458177069
4636,290.0263000709418,9369.636140449202
4637,290.9429229319,10410.706822721335
4638,291.89161886436597,11451.777504993468
4639,292.86670418578274,12492.848187265603
4640,293.8693905584307,12492.848187265603
4641,294.09602789342904,12492.848187265603
4642,294.2577131100455,12492.848187265603
4643,294.3864742819542,12492.848187265603
4644,294.48752892626004,12492.848187265603
4645,294.5797983744226,12492.848187265603
4646,294.6815933670186,12492.848187265603
4647,294.85984322961815,12492.848187265603
4648,295.19996911635184,12492.848187265603
4649,295.6519107259075,12492.848187265603
4650,296.0114449920812,12492.848187265603
4651,296.31451847254937,12492.848187265603
4652,296.5524601737176,12492.848187265603
4653,296.8164256386184,12492.848187265603
4654,296.99667690393625,11451.777504993468
4655,296.367551513267,10410.706822721337
4656,295.61117984981996,9369.636140449202
4657,294.81982127884345,8328.56545817707
4658,294.01269407223367,7287.4947759049355
4659,293.2080662686153,6246.4240936328015
4660,292.40157944368485,5205.353411360669
4661,291.5905921595139,4164.282729088535
4662,290.7731433580911,3123.2120468164007
4663,289.9466455534557,2082.141364544268
4664,289.1088974166248,1041.070682272134
4665,288.2540765377263,0.0
4666,287.37540715011687,0.0
4667,287.2602265276203,0.0
4668,287.18534740077405,0.0
4669,287.0901967147602,0.0
4670,286.96106015857515,0.0
4671,286.78553146828375,0.0
4672,286.53210271890305,0.0
4673,286.2658278663661,0.0
4674,286.0000983527864,0.0
4675,285.6884584955514,0.0
4676,285.38802299078066,0.0
4677,285.05038794348144,0.0
4678,284.7990732113873,0.0
4679,284.65953955669016,0.0
4680,284.5477359312074,0.0
4681,284.4344505099722,0.0
4682,284.30196208488513,0.0
4683,284.165141436845,0.0
4684,284.04456064357544,0.0
4685,283.9524828941553,0.0
4686,283.8737253712762,0.0
4687,283.8003034507574,0.0
4688,283.72703436364804,0.0
4689,283.6489223944702,0.0
4690,283.5653922051937,0.0
4691,283.4817678084345,0.0
4692,283.40437358229167,0.0
4693,283.34950161360257,0.0
4694,283.33274721204236,0.0
4695,283.3335469693415,0.0
4696,283.3235931483366,0.0
4697,283.2889035561554,0.0
4698,283.2488931379059,0.0
4699,283.2072634710607,0.0
4700,283.16297020914004,0.0
4701,283.1159259120436,0.0
4702,283.0688603608286,0.0
4703,283.0222698539486,0.0
4704,282.9761862279306,0.0
4705,282.9305973401612,0.0
4706,282.8854971181157,0.0
4707,282.8408733764545,0.0
4708,282.796715319307,0.0
4709,282.7479582957767,0.0
4710,282.6868962632669,0.0
4711,282.62067963768925,1561.6060234082004
4712,283.7515813145948,3123.2120468164007
4713,285.0042518878048,4684.818070224601
4714,286.2923907567819,6246.4240936328015
4715,287.6041712482267,7808.030117041002
4716,288.93567607259456,9369.636140449202
4717,290.2842764494443,10931.242163857403
4718,291.64958097659434,12492.848187265603
4719,293.0315372442683,12492.848187265603
4720,293.2377005675006,12492.848187265603
4721,293.34662358654236,12492.848187265603
4722,293.43559087573163,12492.848187265603
4723,293.51469848939473,12492.848187265603
4724,293.58960234583765,12492.848187265603
4725,293.66593405901546,12492.848187265603
4726,293.7459448244942,12492.848187265603
4727,293.82499877800427,12492.848187265603
4728,293.8976842178494,12492.848187265603
4729,293.96044988231984,12492.848187265603
4730,294.01736938467957,12492.848187265603
4731,294.0718603718868,12492.848187265603
4732,294.1269701752165,12492.848187265603
4733,294.1835712762534,12492.848187265603
4734,294.24001554849775,12492.848187265603
4735,294.2968351380999,12492.848187265603
4736,294.35803933519355,12492.848187265603
4737,294.42485361307985,12492.848187265603
4738,294.49840485416763,12492.848187265603
4739,294.62055492304097,12492.848187265603
4740,294.8787759753679,12492.848187265603
4741,295.17011016796016,12492.848187265603
4742,295.41658390666703,12492.848187265603
4743,295.5545549301674,12492.848187265603
4744,295.60074562127147,12492.848187265603
4745,295.56834227703587,12492.848187265603
4746,295.5976383242242,12492.848187265603
4747,295.68051611865496,12492.848187265603
4748,295.85616086746137,12492.848187265603
4749,296.04542347305164,12492.848187265603
4750,296.2644910272867,10931.242163857403
4751,295.31649680481087,9369.636140449202
4752,294.32188985982265,7808.030117041002
4753,293.31051852733776,6246.4240936328015
4754,292.20953659115423,4684.818070224601
4755,291.06430884300437,3123.2120468164007
4756,289.826920275715,1561.6060234082004
4757,288.53754562376196,0.0
4758,287.2212576394134,0.0
4759,287.09287771648485,0.0
4760,287.0615077255797,0.0
4761,287.0359278988446,0.0
4762,286.99580698514353,0.0
4763,286.9348207400199,0.0
4764,286.86263037185256,0.0
4765,286.7737008651621,0.0
4766,286.6596767510087,0.0
4767,286.5037393829414,0.0
4768,286.273609015873,0.0
4769,286.032032380567,0.0
4770,285.788927026738,0.0
4771,285.49364016103283,0.0
4772,285.2021545928285,0.0
4773,284.86802190774654,892.3462990904002
4774,285.29435124807327,1784.6925981808004
4775,285.899554304827,2677.0388972712003
4776,286.5501387229292,3569.3851963616007
4777,287.22613592182864,4461.731495452001
4778,287.92406623626084,5354.077794542401
4779,288.6393735010836,6246.4240936328015
4780,289.3658868777143,7138.770392723201
4781,290.09302577014427,8031.116691813601
4782,290.81046563190523,8923.462990904001
4783,291.5304239130954,9815.809289994402
4784,292.26990765391236,10708.155589084801
4785,293.0432010994564,11600.501888175202
4786,293.8453279377927,12492.848187265603
4787,294.6618532302168,12492.848187265603
4788,294.7963385249823,12492.848187265603
4789,294.8588705028636,12492.848187265603
4790,294.9078272163167,12492.848187265603
4791,294.9502383694409,12492.848187265603
4792,294.9874551656184,12492.848187265603
4793,295.0202005248897,12492.848187265603
4794,295.04881863390636,12492.848187265603
4795,295.07383644748336,12492.848187265603
4796,295.0956097128401,12492.848187265603
4797,295.1148679193913,12492.848187265603
4798,295.1326105778548,12492.848187265603
4799,295.14865369805807,12492.848187265603
4800,295.16254979110533,11600.501888175204
4801,294.4926096566904,10708.155589084803
4802,293.75585445205945,9815.809289994402
4803,292.99969229399403,8923.462990904003
4804,292.23038859765796,8031.116691813602
4805,291.46315284934246,7138.770392723201
4806,290.71901457173254,6246.4240936328015
4807,289.98092866924645,5354.0777945424015
4808,289.2236580104435,4461.731495452002
4809,288.43297013260826,3569.385196361602
4810,287.6255688492935,2677.0388972712008
4811,286.80769758894127,1784.692598180801
4812,285.9827105931872,892.3462990904012
4813,285.1568461522408,0.0
4814,284.3323352576127,0.0
4815,284.1809463616838,0.0
4816,284.07447556994225,0.0
4817,283.9574656202774,0.0
4818,283.8275999509926,0.0
4819,283.6910913725617,0.0
4820,283.5551789067769,0.0
4821,283.42150459518245,0.0
4822,283.2834676219211,0.0
4823,283.14626685105867,0.0
4824,283.018042894154,0.0
4825,282.9206435681152,0.0
4826,282.87736565941293,0.0
4827,282.86434455010294,0.0
4828,282.8496959514356,0.0
4829,282.8093573671214,0.0
4830,282.7634602297804,0.0
4831,282.75436475946765,0.0
4832,282.89360167402543,0.0
4833,283.0993769650058,0.0
4834,283.34686531153193,0.0
4835,283.5642084299159,0.0
4836,283.8231021906834,0.0
4837,284.07721759443035,0.0
4838,284.3027612445926,0.0
4839,284.5164961213464,0.0
4840,284.7118446127565,0.0
4841,284.86420777568685,0.0
4842,284.9996663864647,0.0
4843,285.11631859588897,0.0
4844,285.1953629706743,0.0
4845,285.2395354378601,0.0
4846,285.26058137134464,0.0
4847,285.2749440490147,0.0
4848,285.2928284464009,0.0
4849,285.31996202759353,0.0
4850,285.3553340815756,0.0
4851,285.4042976340402,0.0
4852,285.4601672127625,0.0
4853,285.52097992998256,0.0
4854,285.5879934035951,0.0
4855,285.65927603071003,0.0
4856,285.72706219129776,0.0
4857,285.7883527132981,1135.7134715696004
4858,286.70685567454217,2271.426943139201
4859,287.68674259874297,3407.1404147088006
4860,288.6615094408456,4542.853886278402
4861,289.60294746088124,5678.567357848002
4862,290.48919627849386,6814.280829417601
4863,291.3274830918884,7949.994300987201
4864,292.10752975380484,9085.707772556803
4865,292.9187476308054,10221.421244126403
4866,293.7308773107033,11357.134715696004
4867,294.5270952596934,12492.848187265603
4868,295.3297883890268,12492.848187265603
4869,295.23721299293265,12492.848187265603
4870,295.14543493409235,12492.848187265603
4871,295.15483700617983,12492.848187265603
4872,295.18377803440706,12492.848187265603
4873,295.2233671477351,12492.848187265603
4874,295.27466105493795,12492.848187265603
4875,295.3306391563948,12492.848187265603
4876,295.38089174491785,12492.848187265603
4877,295.4204389726488,12492.848187265603
4878,295.45406838054396,12492.848187265603
4879,295.4829361737083,12492.848187265603
4880,295.5068336574146,11357.134715696002
4881,294.65895452684015,10221.4212441264
4882,293.7258351370546,9085.707772556803
4883,292.76713047921555,7949.994300987201
4884,291.790653336413,6814.280829417601
4885,290.79589849042065,5678.567357848002
4886,289.78176122682925,4542.853886278402
4887,288.7608677671882,3407.1404147088006
4888,287.7487232132478,2271.4269431392
4889,286.7519448087593,1135.7134715695993
4890,285.7555093076594,0.0
4891,284.7530382660648,0.0
4892,284.60697662620964,0.0
4893,284.5305636632148,0.0
4894,284.46708858094115,0.0
4895,284.4110988773239,0.0
4896,284.3607467754392,0.0
4897,284.3104387512844,0.0
4898,284.2520357969196,0.0
4899,284.1879186974026,0.0
4900,284.1230732651624,0.0
4901,284.05755902876894,0.0
4902,283.98556290716505,0.0
4903,283.9125893508664,0.0
4904,283.84698442799294,0.0
4905,283.7994198638677,0.0
4906,283.773587768448,0.0
4907,283.75731582348254,0.0
4908,283.7354619110142,0.0
4909,283.6990796300979,0.0
4910,283.6550439559324,0.0
4911,283.6043340968027,0.0
4912,283.5458125951784,0.0
4913,283.47667120489393,0.0
4914,283.3959785463407,0.0
4915,283.311253470578,0.0
4916,283.23188283571477,0.0
4917,283.1626924331965,0.0
4918,283.0988920713538,0.0
4919,283.040592996382,0.0
4920,282.98968633152066,0.0
4921,282.94762568139924,0.0
4922,282.9124767337793,0.0
4923,282.8816739808623,0.0
4924,282.8544345937014,0.0
4925,282.8293201167614,1561.6060234082004
4926,284.00167698584187,3123.2120468164007
4927,285.32246808391386,4684.818070224601
4928,286.8067325472739,6246.4240936328015
4929,288.35958504470995,7808.030117041002
4930,289.98414334171383,9369.636140449202
4931,291.59201461892377,10931.242163857403
4932,293.2472373809511,12492.848187265603
4933,294.92643214234147,12492.848187265603
4934,295.39682834013144,12492.848187265603
4935,295.75448377258147,12492.848187265603
4936,296.08592890880533,12492.848187265603
4937,296.36574492902633,12492.848187265603
4938,296.6360520855368,12492.848187265603
4939,296.89182013926364,12492.848187265603
4940,297.1005186645217,12492.848187265603
4941,297.24674260648277,12492.848187265603
4942,297.32813389971903,12492.848187265603
4943,297.3837437076749,12492.848187265603
4944,297.45668661130424,12492.848187265603
4945,297.58056345729307,12492.848187265603
4946,297.7489296175657,12492.848187265603
4947,297.9387827065843,12492.848187265603
4948,298.10780670123546,12492.848187265603
4949,298.24279192591985,12492.848187265603
4950,298.378303825764,12492.848187265603
4951,298.5169156378305,12492.848187265603
4952,298.6368836008956,12492.848187265603
4953,298.72864679448804,12492.848187265603
4954,298.75400850536954,12492.848187265603
4955,298.71663470395936,12492.848187265603
4956,298.5345811023422,12492.848187265603
4957,298.29861227896214,12492.848187265603
4958,298.128827888724,12492.848187265603
4959,298.02136111208324,12492.848187265603
4960,297.9692042075609,12492.848187265603
4961,297.92046524244336,12492.848187265603
4962,297.8767285205449,12492.848187265603
4963,297.83362695597674,12492.848187265603
4964,297.776792943382,10931.242163857403
4965,296.50741910046025,9369.636140449202
4966,295.1463856858449,7808.030117041002
4967,293.7779164266251,6246.4240936328015
4968,292.40515177148325,4684.818070224601
4969,291.032444015178,3123.2120468164007
4970,289.64784866652894,1561.6060234082004
4971,288.24742451557364,0.0
4972,286.82901988171915,0.0
4973,286.58342539348473,0.0
4974,286.43069933788024,0.0
4975,286.29281255981147,0.0
4976,286.1638068694798,0.0
4977,286.0468266035038,0.0
4978,285.94629848807017,0.0
4979,285.8554498255495,0.0
4980,285.76513697950446,0.0
4981,285.6587768834497,0.0
4982,285.5248761648174,0.0
4983,285.3854719607281,0.0
4984,285.2695495766736,0.0
4985,285.1911652581968,0.0
4986,285.12687998641854,0.0
4987,285.06761325510104,0.0
4988,285.0087366839771,0.0
4989,284.9489096633433,0.0
4990,284.8911776596357,0.0
4991,284.8331793461582,0.0
4992,284.7712545969203,0.0
4993,284.70241452434436,0.0
4994,284.627790267352,0.0
4995,284.55099543416117,0.0
4996,284.4760120525505,0.0
4997,284.4044872440462,1041.0706822721336
4998,285.1283033496938,2082.141364544267
4999,285.92613360625427,3123.2120468164007
5000,286.7441995759572,4164.282729088534
5001,287.57734585168765,5205.353411360667
5002,288.42412191063363,6246.4240936328015
5003,289.2835254810706,7287.494775904934
5004,290.1545416444158,8328.565458177069
5005,291.0377790304296,9369.636140449202
5006,291.9351754319448,10410.706822721335
5007,292.850158022736,11451.777504993468
5008,293.7853657630131,12492.848187265603
5009,294.74177981235346,12492.848187265603
5010,294.920003190573,12492.848187265603
5011,295.0365683729303,12492.848187265603
5012,295.1413148922617,12492.848187265603
5013,295.2377066689907,12492.848187265603
5014,295.3287071173322,12492.848187265603
5015,295.4155239395063,12492.848187265603
5016,295.4985594272054,12492.848187265603
5017,295.57649650267774,12492.848187265603
5018,295.64751535926206,12492.848187265603
5019,295.7147172957657,12492.848187265603
5020,295.78327889407126,12492.848187265603
5021,295.85971715426166,12492.848187265603
5022,295.9481528715054,12492.848187265603
5023,296.04412515149585,12492.848187265603
5024,296.14123069757215,11451.777504993468
5025,295.438086284508,10410.706822721337
5026,294.6559319310134,9369.636140449202
5027,293.85361730812633,8328.56545817707
5028,293.04290869207324,7287.4947759049355
5029,292.22767112327824,6246.4240936328015
5030,291.40237707885706,5205.353411360669
5031,290.5654940181214,4164.282729088535
5032,289.7160393593439,3123.2120468164007
5033,288.8560760552438,2082.141364544268
5034,287.98795076479945,1041.070682272134
5035,287.1381699607045,0.0
5036,286.3405260642174,0.0
5037,286.3518595085237,0.0
5038,286.39849419709776,0.0
5039,286.39999384964744,0.0
5040,286.38918450545026,0.0
5041,286.3752147924335,0.0
5042,286.3587999416465,0.0
5043,286.3451758705613,0.0
5044,286.33312386302106,0.0
5045,286.3205078049452,0.0
5046,286.30706388931577,0.0
5047,286.30446689770264,0.0
5048,286.37270573400457,0.0
5049,286.44437631541155,0.0
5050,286.5501999549951,0.0
5051,286.693251240939,0.0
5052,286.8969952161279,0.0
5053,287.09457419499046,0.0
5054,287.18925775807526,0.0
5055,287.1427946925818,0.0
5056,287.01680317564524,0.0
5057,286.8377745393061,0.0
5058,286.6309772197585,0.0
5059,286.35550141127703,0.0
5060,286.0693183191125,0.0
5061,285.75767566876743,0.0
5062,285.5006670590025,0.0
5063,285.36128018600493,0.0
5064,285.253763596393,0.0
5065,285.16349544441186,0.0
5066,285.0863983960645,0.0
5067,285.01727528803866,0.0
5068,284.9505887698949,0.0
5069,284.8817445862564,0.0
5070,284.8103578471861,0.0
5071,284.74227877434777,0.0
5072,284.68485071167413,0.0
5073,284.63980724031825,0.0
5074,284.5979879184814,0.0
5075,284.5570765659475,0.0
5076,284.51683749609947,0.0
5077,284.47718370005555,0.0
5078,284.4380223141243,0.0
5079,284.39936270302803,0.0
5080,284.3611329222948,0.0
5081,284.32133854027825,0.0
5082,284.2761376137661,1135.7134715696004
5083,285.0925569288747,2271.426943139201
5084,285.98654650476647,3407.1404147088006
5085,286.89645936305436,4542.853886278402
5086,287.8103504314536,5678.567357848002
5087,288.73316265871574,6814.280829417601
5088,289.6723447716345,7949.994300987201
5089,290.6395351611432,9085.707772556803
5090,291.63925648063645,10221.421244126403
5091,292.657426686694,11357.134715696004
5092,293.67639438221096,12492.848187265603
5093,294.6766100621151,12492.848187265603
5094,294.7885197361346,12492.848187265603
5095,294.8186135561047,12492.848187265603
5096,294.85128284719974,12492.848187265603
5097,294.9041749706163,12492.848187265603
5098,294.95870306067025,12492.848187265603
5099,295.0121925680367,12492.848187265603
5100,295.0661394284222,12492.848187265603
5101,295.12038287474127,12492.848187265603
5102,295.1720682213003,12492.848187265603
5103,295.2215531829692,12492.848187265603
5104,295.2702770192006,12492.848187265603
5105,295.31872319585204,12492.848187265603
5106,295.3656857116138,12492.848187265603
5107,295.41094433709304,12492.848187265603
5108,295.4547721903202,12492.848187265603
5109,295.49730636906105,12492.848187265603
5110,295.5387396423293,12492.848187265603
5111,295.57923425449763,12492.848187265603
5112,295.61879009862724,12492.848187265603
5113,295.65814415461386,12492.848187265603
5114,295.6981650974805,12492.848187265603
5115,295.73826846262534,12492.848187265603
5116,295.77816722026864,12492.848187265603
5117,295.81369916841055,11357.134715696002
5118,294.97342008386596,10221.4212441264
5119,294.05305797210224,9085.707772556803
5120,293.1233859345274,7949.994300987201
5121,292.1955346765412,6814.280829417601
5122,291.26091106463855,5678.567357848002
5123,290.317212239658,4542.853886278402
5124,289.3652587189564,3407.1404147088006
5125,288.404472580648,2271.4269431392
5126,287.43399768992214,1135.7134715695993
5127,286.4531802831125,0.0
5128,285.46251559081503,0.0
5129,285.3294823232879,0.0
5130,285.2671582061038,0.0
5131,285.2170586316803,0.0
5132,285.17284607762923,0.0
5133,285.13347535661256,0.0
5134,285.09790528004487,0.0
5135,285.06549169379537,0.0
5136,285.03509507612245,0.0
5137,285.0061132169158,0.0
5138,284.9781885999648,0.0
5139,284.951740396421,0.0
5140,284.92593397563184,0.0
5141,284.8956664229792,0.0
5142,284.85201823550335,0.0
5143,284.79863500862774,0.0
5144,284.74204747345027,0.0
5145,284.6848785461044,0.0
5146,284.6231408949884,0.0
5147,284.55782663448036,3123.2120468164007
5148,286.8754529426276,6246.4240936328015
5149,289.4186756000473,9369.636140449202
5150,292.0283287694461,12492.848187265603
5151,294.685207490509,12492.848187265603
5152,294.9951558764026,12492.848187265603
5153,295.11449647919693,12492.848187265603
5154,295.2073798823701,12492.848187265603
5155,295.28923609169436,12492.848187265603
5156,295.36336072956146,12492.848187265603
5157,295.4330227095391,12492.848187265603
5158,295.50142374693104,12492.848187265603
5159,295.5698138089502,12492.848187265603
5160,295.6368571795329,12492.848187265603
5161,295.7034614843923,12492.848187265603
5162,295.7709448536074,12492.848187265603
5163,295.8371037091149,12492.848187265603
5164,295.89956649703095,12492.848187265603
5165,295.9564229945503,12492.848187265603
5166,296.0091889948421,12492.848187265603
5167,296.0594489380143,12492.848187265603
5168,296.1084850753907,12492.848187265603
5169,296.1568284624693,12492.848187265603
5170,296.2040603575742,12492.848187265603
5171,296.25042626519297,9369.636140449202
5172,293.9142760725737,6246.4240936328015
5173,291.35650673011145,3123.2120468164007
5174,288.7378141817738,0.0
5175,286.0735952412741,0.0
5176,285.7501123659762,0.0
5177,285.60957568861414,0.0
5178,285.49386964266745,0.0
5179,285.38917019116656,0.0
5180,285.2928576784072,0.0
5181,285.2037006921851,0.0
5182,285.12081778645353,0.0
5183,285.04303882320465,0.0
5184,284.9699781403846,0.0
5185,284.90090834793165,0.0
5186,284.8351644356114,0.0
5187,284.77271503421804,0.0
5188,284.71297347230865,0.0
5189,284.6559408794227,0.0
5190,284.60225296470196,0.0
5191,284.5511576865041,0.0
5192,284.5020638541945,0.0
5193,284.45427627457593,0.0
5194,284.4078544435633,0.0
5195,284.3627459595764,0.0
5196,284.3188227606986,0.0
5197,284.27832103997326,0.0
5198,284.2447448223117,0.0
5199,284.21437473985543,0.0
5200,284.1819148477215,0.0
5201,284.1433497354175,0.0
5202,284.1001789537667,0.0
5203,284.05571731121637,0.0
5204,284.01330448162116,1388.0942430295113
5205,285.0336336243881,2776.1884860590226
5206,286.1540411626476,4164.282729088534
5207,287.3026151895664,5552.376972118045
5208,288.4722729653332,6940.471215147558
5209,289.6628136057824,8328.565458177069
5210,290.87351945221377,9716.65970120658
5211,292.10118211230974,11104.75394423609
5212,293.3435326117818,12492.848187265603
5213,294.59871270738205,12492.848187265603
5214,294.8081564892103,12492.848187265603
5215,294.93751232233774,12492.848187265603
5216,295.06223778398083,12492.848187265603
5217,295.1893670911348,12492.848187265603
5218,295.314269347594,12492.848187265603
5219,295.43562397764174,12492.848187265603
5220,295.55427782287626,12492.848187265603
5221,295.67014117545654,12492.848187265603
5222,295.7833468908504,12492.848187265603
5223,295.8937521136889,12492.848187265603
5224,296.00117379130944,12492.848187265603
5225,296.10424857196386,12492.848187265603
5226,296.201063737,12492.848187265603
5227,296.29301698843017,12492.848187265603
5228,296.38081404844775,12492.848187265603
5229,296.4721861597454,12492.848187265603
5230,296.57276607833006,12492.848187265603
5231,296.70507434218,12492.848187265603
5232,296.8980242343008,12492.848187265603
5233,297.10576355505475,12492.848187265603
5234,297.2733008895028,12492.848187265603
5235,297.35257224758726,12492.848187265603
5236,297.3448066870862,12492.848187265603
5237,297.30051851306314,12492.848187265603
5238,297.28140655396584,12492.848187265603
5239,297.3192960078708,12492.848187265603
5240,297.3706836906634,12492.848187265603
5241,297.4207370864558,11104.75394423609
5242,296.40458704446803,9716.65970120658
5243,295.28025215849584,8328.56545817707
5244,294.1234218584278,6940.471215147558
5245,292.9416900356857,5552.376972118045
5246,291.7371194141511,4164.282729088535
5247,290.5119244734001,2776.188486059024
5248,289.2688649758457,1388.094243029512
5249,288.00981640710074,0.0
5250,286.73716428762316,0.0
5251,286.51150408124766,0.0
5252,286.37241812963333,0.0
5253,286.2530181710884,0.0
5254,286.15036337564356,0.0
5255,286.06147325271587,0.0
5256,285.97955232421475,0.0
5257,285.90091636028774,0.0
5258,285.82626031249913,0.0
5259,285.7557348789753,0.0
5260,285.6889394734327,0.0
5261,285.6259315356875,0.0
5262,285.56561289946,0.0
5263,285.5079001833429,0.0
5264,285.45301550787343,0.0
5265,285.40079240034487,0.0
5266,285.3504520447234,0.0
5267,285.3015399712723,0.0
5268,285.25393284385757,0.0
5269,285.2074610240647,0.0
5270,285.16202666216105,0.0
5271,285.11753946272023,0.0
5272,285.0738938621815,0.0
5273,285.030171501971,0.0
5274,284.9853705492161,0.0
5275,284.94078971659627,0.0
5276,284.89841410829695,0.0
5277,284.85881340834726,0.0
5278,284.8203716868769,0.0
5279,284.7824548603699,0.0
5280,284.7450077526451,0.0
5281,284.7081837066458,0.0
5282,284.67204252692426,0.0
5283,284.6361311775183,0.0
5284,284.5997107950623,1388.0942430295113
5285,285.62113290618174,2776.1884860590226
5286,286.739825674944,4164.282729088534
5287,287.884175268239,5552.376972118045
5288,289.0490648320312,6940.471215147558
5289,290.2323626550192,8328.565458177069
5290,291.4327397890517,9716.65970120658
5291,292.6487043644364,11104.75394423609
5292,293.87972568650486,12492.848187265603
5293,295.1237948363019,12492.848187265603
5294,295.31926588341923,12492.848187265603
5295,295.42812059725736,12492.848187265603
5296,295.5237029863993,12492.848187265603
5297,295.6144320767057,12492.848187265603
5298,295.7005493171005,12492.848187265603
5299,295.78167591025556,12492.848187265603
5300,295.8573609278393,12492.848187265603
5301,295.9275089742106,12492.848187265603
5302,295.9932149815841,12492.848187265603
5303,296.05536227405,12492.848187265603
5304,296.11495046882015,12492.848187265603
5305,296.1725270053105,12492.848187265603
5306,296.22805748787187,12492.848187265603
5307,296.28221006810827,12492.848187265603
5308,296.3364772283978,12492.848187265603
5309,296.3923628920378,12492.848187265603
5310,296.4509080890499,12492.848187265603
5311,296.51388622666974,12492.848187265603
5312,296.5820166892467,12492.848187265603
5313,296.65400901729095,12492.848187265603
5314,296.72815921063113,12492.848187265603
5315,296.80333223138103,12492.848187265603
5316,296.8798667743589,11104.75394423609
5317,295.90024051357983,9716.65970120658
5318,294.8275915901128,8328.56545817707
5319,293.7311123607891,6940.471215147558
5320,292.6139122862899,5552.376972118045
5321,291.476136732401,4164.282729088535
5322,290.32023065532985,2776.188486059024
5323,289.146884699781,1388.094243029512
5324,287.9566975890612,0.0
5325,286.74870458647547,0.0
5326,286.58056631118654,0.0
5327,286.4936095354157,0.0
5328,286.4189305589837,0.0
5329,286.35260854363776,0.0
5330,286.29349152746585,0.0
5331,286.2387213661757,0.0
5332,286.18180660063933,0.0
5333,286.12398073764655,0.0
5334,286.0693929391175,0.0
5335,286.0410436341743,0.0
5336,286.06728494583217,0.0
5337,286.120755441294,0.0
5338,286.1556540828676,0.0
5339,286.13923331832075,0.0
5340,286.0945185464869,0.0
5341,286.0321162814819,0.0
5342,285.959449272607,960.9883220973542
5343,286.60493666297316,1921.9766441947083
5344,287.29451695489496,2882.9649662920624
5345,287.98878895936747,3843.9532883894167
5346,288.7032238245562,4804.9416104867705
5347,289.4480174125492,5765.929932584125
5348,290.2192497110976,6726.91825468148
5349,291.0185402405219,7687.906576778833
5350,291.8384190066973,8648.894898876186
5351,292.6752375648656,9609.883220973541
5352,293.5247083938789,10570.871543070896
5353,294.3869046717024,11531.85986516825
5354,295.2622634343881,12492.848187265603
5355,296.14820074308045,12492.848187265603
5356,296.308054997224,12492.848187265603
5357,296.4049311200556,12492.848187265603
5358,296.4894629696104,12492.848187265603
5359,296.5674382441962,12492.848187265603
5360,296.64060056940394,12492.848187265603
5361,296.71022185283925,12492.848187265603
5362,296.7764517058458,12492.848187265603
5363,296.839740904488,12492.848187265603
5364,296.90050516547836,12492.848187265603
5365,296.9600285529022,12492.848187265603
5366,297.0196403117359,12492.848187265603
5367,297.07793943240637,12492.848187265603
5368,297.13293598084465,12492.848187265603
5369,297.1831036259417,12492.848187265603
5370,297.2297266494485,12492.848187265603
5371,297.274340669797,12492.848187265603
5372,297.3180459630401,12492.848187265603
5373,297.36177509392473,12492.848187265603
5374,297.4050599428506,12492.848187265603
5375,297.44748267222536,12492.848187265603
5376,297.48860706282596,12492.848187265603
5377,297.5279862905055,12492.848187265603
5378,297.56572380666535,12492.848187265603
5379,297.60234022842934,12492.848187265603
5380,297.63842309117,12492.848187265603
5381,297.6741611169558,12492.848187265603
5382,297.70952718369284,12492.848187265603
5383,297.74512955173856,12492.848187265603
5384,297.7819021777682,12492.848187265603
5385,297.8200479952465,12492.848187265603
5386,297.85816090635717,12492.848187265603
5387,297.8959647044203,12492.848187265603
5388,297.9334509683029,12492.848187265603
5389,297.9706321252703,12492.848187265603
5390,298.00752509922,12492.848187265603
5391,298.04414359608325,12492.848187265603
5392,298.08049907090185,12492.848187265603
5393,298.11660772465774,12492.848187265603
5394,298.1524803068575,12492.848187265603
5395,298.1881271867551,12492.848187265603
5396,298.22355897818977,12492.848187265603
5397,298.25670114131407,12492.848187265603
5398,298.284170827392,12492.848187265603
5399,298.30891899275053,11531.85986516825
5400,297.6023804307054,10570.871543070894
5401,296.8317751096817,9609.88322097354
5402,296.0452785066523,8648.894898876186
5403,295.2457306203399,7687.906576778833
5404,294.4337943152566,6726.918254681478
5405,293.60978702582156,5765.929932584123
5406,292.7756278295716,4804.94161048677
5407,291.9370949012117,3843.9532883894167
5408,291.1003211372756,2882.9649662920615
5409,290.2656860338397,1921.976644194707
5410,289.42658000700214,960.9883220973535
5411,288.58135358365064,0.0
5412,287.7296592470283,0.0
5413,287.60424161044136,0.0
5414,287.5401111273087,0.0
5415,287.487509788246,0.0
5416,287.4407449110433,0.0
5417,287.39901479360526,0.0
5418,287.362451812283,0.0
5419,287.328598627509,0.0
5420,287.2928121670521,0.0
5421,287.25910082762374,0.0
5422,287.2341411313774,0.0
5423,287.24374503948445,0.0
5424,287.3196581015692,0.0
5425,287.4218764186524,0.0
5426,287.49664980041837,0.0
5427,287.51882774953884,0.0
5428,287.51995008272695,0.0
5429,287.50678138958966,0.0
5430,287.4826915467027,0.0
5431,287.45113203470703,0.0
5432,287.41734357784173,0.0
5433,287.3835612221691,0.0
5434,287.3505715024424,0.0
5435,287.37509283426135,0.0
5436,287.50028942378606,0.0
5437,287.6534023544576,0.0
5438,287.7503065302293,0.0
5439,287.6688366759981,0.0
5440,287.44311982980224,0.0
5441,287.1326086679487,0.0
5442,286.87250724053627,0.0
5443,286.73464841969735,0.0
5444,286.6210522228134,0.0
5445,286.52734045698384,0.0
5446,286.45974101853824,0.0
5447,286.41420236259,0.0
5448,286.37257573302793,0.0
5449,286.32654509284976,0.0
5450,286.2775549561161,0.0
5451,286.2286620064815,0.0
5452,286.1826728989309,0.0
5453,286.14349498336975,0.0
5454,286.1112805542956,0.0
5455,286.0811573005249,0.0
5456,286.0473545313084,0.0
5457,286.00597200768397,3123.2120468164007
5458,288.3421705087329,6246.4240936328015
5459,290.8978419740214,9369.636140449202
5460,293.51593040306466,12492.848187265603
5461,296.1818735750987,12492.848187265603
5462,296.50659326624424,12492.848187265603
5463,296.6493331159659,12492.848187265603
5464,296.7686533953353,12492.848187265603
5465,296.87859796518285,12492.848187265603
5466,296.98087744425595,12492.848187265603
5467,297.07638259476767,12492.848187265603
5468,297.1660456542328,12492.848187265603
5469,297.2507995013502,12492.848187265603
5470,297.3315771333376,12492.848187265603
5471,297.4084865367363,12492.848187265603
5472,297.48110439805544,12492.848187265603
5473,297.5492205125202,12492.848187265603
5474,297.6129309661579,12492.848187265603
5475,297.67301327459495,12492.848187265603
5476,297.7303337929201,12492.848187265603
5477,297.7844118042448,12492.848187265603
5478,297.83396883249424,12492.848187265603
5479,297.88100248216625,12492.848187265603
5480,297.92826451650427,12492.848187265603
5481,297.9793085913095,12492.848187265603
5482,298.0359135587953,12492.848187265603
5483,298.09449453357723,12492.848187265603
5484,298.1503330590454,12492.848187265603
5485,298.20136066282475,12492.848187265603
5486,298.2500911450045,12492.848187265603
5487,298.29640241374653,12492.848187265603
5488,298.33922234576323,12492.848187265603
5489,298.3782179543273,12492.848187265603
5490,298.415087621679,12492.848187265603
5491,298.4504614321542,12492.848187265603
5492,298.48461328584546,12492.848187265603
5493,298.5171890969987,12492.848187265603
5494,298.547512519749,12492.848187265603
5495,298.5771956526557,12492.848187265603
5496,298.60827518671283,12492.848187265603
5497,298.6425715719157,12492.848187265603
5498,298.6799947869457,12492.848187265603
5499,298.71967575369604,9369.636140449202
5500,296.3790957301032,6246.4240936328015
5501,293.81720632019665,3123.2120468164007
5502,291.1947436815112,0.0
5503,288.5300069611003,0.0
5504,288.2165030527398,0.0
5505,288.09577861649353,0.0
5506,288.00869886464716,0.0
5507,287.95652045411117,0.0
5508,287.97035835370065,0.0
5509,288.0174580810888,0.0
5510,288.0441327407827,0.0
5511,288.00898188348873,0.0
5512,287.9273894233212,0.0
5513,287.8347607782164,0.0
5514,287.7654023983853,0.0
5515,287.73433836761234,0.0
5516,287.71546825843245,0.0
5517,287.6968004663364,0.0
5518,287.67056595364505,0.0
5519,287.63812548276303,0.0
5520,287.6071220374492,0.0
5521,287.58083497408927,0.0
5522,287.55729781326846,0.0
5523,287.53332201358717,0.0
5524,287.5054611458483,0.0
5525,287.46523622300646,0.0
5526,287.4045461626175,0.0
5527,287.3350819822925,0.0
5528,287.27265462075843,0.0
5529,287.22485757100327,1561.6060234082004
5530,288.37061567175164,3123.2120468164007
5531,289.62537516469695,4684.818070224601
5532,290.90638899885533,6246.4240936328015
5533,292.2061884410662,7808.030117041002
5534,293.5236615743546,9369.636140449202
5535,294.85789840466805,10931.242163857403
5536,296.2072928472619,12492.848187265603
5537,297.5704964785969,12492.848187265603
5538,297.7552284508035,12492.848187265603
5539,297.84178074193676,12492.848187265603
5540,297.91158571136896,12492.848187265603
5541,297.97186232304944,12492.848187265603
5542,298.0230779895851,12492.848187265603
5543,298.07164729987,12492.848187265603
5544,298.12240521376617,12492.848187265603
5545,298.18107373743385,12492.848187265603
5546,298.247750559323,12492.848187265603
5547,298.31549519012395,12492.848187265603
5548,298.37684829661,12492.848187265603
5549,298.4259836905918,12492.848187265603
5550,298.4658576663306,12492.848187265603
5551,298.50234517164375,12492.848187265603
5552,298.5416802439316,12492.848187265603
5553,298.5862449632684,12492.848187265603
5554,298.6307614815581,12492.848187265603
5555,298.67405155959983,12492.848187265603
5556,298.71616870811783,12492.848187265603
5557,298.7572005451414,12492.848187265603
5558,298.7972321966397,12492.848187265603
5559,298.8363558847423,12492.848187265603
5560,298.8746447375594,12492.848187265603
5561,298.91214700177085,10931.242163857403
5562,297.757928256524,9369.636140449202
5563,296.4922010203103,7808.030117041002
5564,295.19562515396376,6246.4240936328015
5565,293.8756752635266,4684.818070224601
5566,292.53306191034324,3123.2120468164007
5567,291.17069422474844,1561.6060234082004
5568,289.79107876160344,0.0
5569,288.3975336442501,0.0
5570,288.1829148285026,0.0
5571,288.0653573071317,0.0
5572,287.9625194633918,0.0
5573,287.86523464060167,0.0
5574,287.7732191122647,0.0
5575,287.68705366924087,0.0
5576,287.606556429637,0.0
5577,287.53163900436437,0.0
5578,287.46082269876166,0.0
5579,287.39359176574226,0.0
5580,287.32920036872065,0.0
5581,287.26767814641323,0.0
5582,287.2085604851389,0.0
5583,287.15158350850294,0.0
5584,287.09645610663324,0.0
5585,287.04119974243514,0.0
5586,286.98264573140216,0.0
5587,286.92271531957874,0.0
5588,286.8646411595795,0.0
5589,286.8098214555429,0.0
5590,286.7564885830698,0.0
5591,286.7051852902812,0.0
5592,286.65728062749355,0.0
5593,286.6130366502963,0.0
5594,286.5702256650155,0.0
5595,286.5292188972474,0.0
5596,286.4914283187032,0.0
5597,286.45660720472813,0.0
5598,286.4235981060541,0.0
5599,286.39286358938415,0.0
5600,286.3689018918186,0.0
5601,286.3564235898139,0.0
5602,286.3617342105541,1135.7134715696004
5603,287.2996880010848,2271.426943139201
5604,288.46698648671145,3407.1404147088006
5605,289.68488535630837,4542.853886278402
5606,290.91891630159654,5678.567357848002
5607,291.9870902053183,6814.280829417601
5608,293.07448343120336,7949.994300987201
5609,294.1662468954737,9085.707772556803
5610,295.2658049468434,10221.421244126403
5611,296.3762568012227,11357.134715696004
5612,297.49240031359545,12492.848187265603
5613,298.6048618535577,12492.848187265603
5614,298.83559416981996,12492.848187265603
5615,299.01912660242994,12492.848187265603
5616,299.33933344065656,12492.848187265603
5617,299.7168099804744,12492.848187265603
5618,300.0370750577853,12492.848187265603
5619,300.31248273219495,12492.848187265603
5620,300.5238486931314,12492.848187265603
5621,300.69549030313857,12492.848187265603
5622,300.8471269879758,12492.848187265603
5623,300.99144461063804,12492.848187265603
5624,301.1456717033985,12492.848187265603
5625,301.278959361989,12492.848187265603
5626,301.3277836795764,12492.848187265603
5627,301.2725145786541,12492.848187265603
5628,301.1018139121794,12492.848187265603
5629,300.89518933783063,12492.848187265603
5630,300.7282988915799,12492.848187265603
5631,300.6866009833019,12492.848187265603
5632,300.6900756147514,12492.848187265603
5633,300.69960623586553,12492.848187265603
5634,300.687576804318,12492.848187265603
5635,300.63027625315067,12492.848187265603
5636,300.50948092837143,12492.848187265603
5637,300.3938512651544,12492.848187265603
5638,300.2933311892855,12492.848187265603
5639,300.2529258209301,12492.848187265603
5640,300.2358391419447,12492.848187265603
5641,300.2307731384611,12492.848187265603
5642,300.23168150874614,12492.848187265603
5643,300.2353783516418,12492.848187265603
5644,300.24066265009856,12492.848187265603
5645,300.2476272436692,12492.848187265603
5646,300.2552932758366,12492.848187265603
5647,300.2633206586718,12492.848187265603
5648,300.27163139619245,12492.848187265603
5649,300.28033596205927,11357.134715696002
5650,299.4231782126108,10221.4212441264
5651,298.4851797920053,9085.707772556803
5652,297.523791091688,7949.994300987201
5653,296.54423814221275,6814.280829417601
5654,295.549236585385,5678.567357848002
5655,294.5397950117517,4542.853886278402
5656,293.5168014966312,3407.1404147088006
5657,292.48058067223553,2271.4269431392
5658,291.43259157439627,1135.7134715695993
5659,290.37297542189845,0.0
5660,289.3021716231747,0.0
5661,289.0870657673646,0.0
5662,288.9417050193811,0.0
5663,288.80869062603483,0.0
5664,288.68207579969703,0.0
5665,288.5598601846472,0.0
5666,288.440458607279,0.0
5667,288.32421165555274,0.0
5668,288.21237257465293,0.0
5669,288.1055214236425,0.0
5670,288.0030315242833,0.0
5671,287.9038472227893,0.0
5672,287.8069363864792,0.0
5673,287.7114495241697,0.0
5674,287.61727699147605,0.0
5675,287.5250457796788,0.0
5676,287.43562678397075,0.0
5677,287.34967492758767,0.0
5678,287.2670095663428,0.0
5679,287.18688949998386,0.0
5680,287.1085398123268,0.0
5681,287.03140412769,0.0
5682,286.9550626776902,0.0
5683,286.8794047317066,0.0
5684,286.8043600173427,0.0
5685,286.729880634374,0.0
5686,286.6559155414192,0.0
5687,286.582422831593,0.0
5688,286.50936361475834,0.0
5689,286.4381955800932,0.0
5690,286.3714273956475,0.0
5691,286.3112145536108,0.0
5692,286.263165401831,0.0
5693,286.2363714945102,0.0
5694,286.24912578162326,0.0
5695,286.3962268445484,0.0
5696,286.6103048575408,0.0
5697,286.83234897141364,0.0
5698,287.0460318683054,0.0
5699,287.26789743284166,0.0
5700,287.4418065859623,0.0
5701,287.63846704742974,0.0
5702,287.8163567622879,960.9883220973542
5703,288.7133514444629,1921.9766441947083
5704,289.63299152405017,2882.9649662920624
5705,290.5218377719135,3843.9532883894167
5706,291.38016649383775,4804.9416104867705
5707,292.2320139321681,5765.929932584125
5708,293.10519274274594,6726.91825468148
5709,293.9412293751421,7687.906576778833
5710,294.76182383458183,8648.894898876186
5711,295.52311511424466,9609.883220973541
5712,296.1798584756183,10570.871543070896
5713,296.85849676294356,11531.85986516825
5714,297.5713338900473,12492.848187265603
5715,298.4010074813505,12492.848187265603
5716,298.52537089170363,12492.848187265603
5717,298.63186892797245,12492.848187265603
5718,298.7179166439299,12492.848187265603
5719,298.8027869548475,12492.848187265603
5720,298.87625734887115,12492.848187265603
5721,298.94166571812104,12492.848187265603
5722,299.0003081185398,12492.848187265603
5723,299.05056266700564,12492.848187265603
5724,299.0905163832894,12492.848187265603
5725,299.11495800589284,12492.848187265603
5726,299.1205014771645,12492.848187265603
5727,299.09878884513637,12492.848187265603
5728,299.0391749156747,12492.848187265603
5729,298.9726925965158,12492.848187265603
5730,298.93318280204284,12492.848187265603
5731,298.93113212707266,12492.848187265603
5732,298.9395143395998,12492.848187265603
5733,298.9498819339083,12492.848187265603
5734,298.9601547318319,12492.848187265603
5735,298.9704141745697,12492.848187265603
5736,298.98143491662944,12492.848187265603
5737,298.9981827516189,12492.848187265603
5738,299.0236401463118,12492.848187265603
5739,299.0546186887117,12492.848187265603
5740,299.0831778815765,12492.848187265603
5741,299.10671352658056,11531.85986516825
5742,298.3957578361294,10570.871543070894
5743,297.6163239565788,9609.88322097354
5744,296.81802816157085,8648.894898876186
5745,296.0055635480105,7687.906576778833
5746,295.18022632497104,6726.918254681478
5747,294.34290596055115,5765.929932584123
5748,293.49434033873416,4804.94161048677
5749,292.63626821606186,3843.9532883894167
5750,291.7701241464232,2882.9649662920615
5751,290.89436870607557,1921.976644194707
5752,290.00711556951677,960.9883220973535
5753,289.10492787208256,0.0
5754,288.18622134135427,0.0
5755,287.98756132524994,0.0
5756,287.84939967720726,0.0
5757,287.723677140453,0.0
5758,287.6032170509762,0.0
5759,287.4893920646091,0.0
5760,287.38524528796637,0.0
5761,287.29267362866426,0.0
5762,287.2087080192208,0.0
5763,287.1301580820502,0.0
5764,287.0540309033595,0.0
5765,286.97792815264415,0.0
5766,286.90217215620083,0.0
5767,286.828462933152,0.0
5768,286.758930258049,0.0
5769,286.69539134592833,0.0
5770,286.63739210111464,0.0
5771,286.5832171839443,0.0
5772,286.53100357268727,0.0
5773,286.48014460934934,0.0
5774,286.4320171489947,0.0
5775,286.3852307019661,0.0
5776,286.3378432371723,12492.848187265603
5777,295.8130069264064,12492.848187265603
5778,296.6318454666041,12492.848187265603
5779,296.799319477485,12492.848187265603
5780,296.9079744835119,12492.848187265603
5781,297.00726624300074,12492.848187265603
5782,297.09791089866263,12492.848187265603
5783,297.18037676719285,12492.848187265603
5784,297.25679877436426,12492.848187265603
5785,297.3289522270468,12492.848187265603
5786,297.39756219470377,12492.848187265603
5787,297.46203843328607,12492.848187265603
5788,297.52293327084266,12492.848187265603
5789,297.5818293558282,12492.848187265603
5790,297.6421163280641,12492.848187265603
5791,297.70644658965125,12492.848187265603
5792,297.7735037725171,12492.848187265603
5793,297.8431835832223,12492.848187265603
5794,297.9152789669595,12492.848187265603
5795,297.9903138305479,12492.848187265603
5796,298.06974708188636,12492.848187265603
5797,298.1582745107102,12492.848187265603
5798,298.2593698033541,12492.848187265603
5799,298.36433012939887,12492.848187265603
5800,298.46256108039535,12492.848187265603
5801,298.54919724572665,12492.848187265603
5802,298.63150476643415,12492.848187265603
5803,298.711126418353,12492.848187265603
5804,298.7878070528785,12492.848187265603
5805,298.8632830577891,12492.848187265603
5806,298.93936943669047,12492.848187265603
5807,299.0139453348187,12492.848187265603
5808,299.0825813942733,0.0
5809,289.61385988714136,0.0
5810,288.7785443458538,0.0
5811,288.6123581244005,0.0
5812,288.5768656514837,0.0
5813,288.59448336975737,0.0
5814,288.59777667526487,0.0
5815,288.5425645265772,0.0
5816,288.46314601568747,0.0
5817,288.3710270571847,0.0
5818,288.2772935682066,0.0
5819,288.2286564488037,0.0
5820,288.25235134241984,0.0
5821,288.30015509013157,0.0
5822,288.3224328038068,0.0
5823,288.25365618056736,0.0
5824,288.11736686210224,0.0
5825,287.9524129868739,0.0
5826,287.7885203248958,0.0
5827,287.6092708054985,0.0
5828,287.40265823406855,0.0
5829,287.2001400870108,0.0
5830,287.04216540373926,0.0
5831,286.93752923983317,0.0
5832,286.8569069264216,0.0
5833,286.7875483551117,0.0
5834,286.72514512218294,0.0
5835,286.66599155555457,0.0
5836,286.6060956483363,0.0
5837,286.5391140571192,0.0
5838,286.4604766928549,0.0
5839,286.37756916965395,0.0
5840,286.30033707392613,0.0
5841,286.23446355059673,0.0
5842,286.1751535387631,0.0
5843,286.1210494782799,0.0
5844,286.0721700752911,0.0
5845,286.02978751421216,892.3462990904002
5846,286.6750124406263,1784.6925981808004
5847,287.38542854013554,2677.0388972712003
5848,288.10889026461,3569.3851963616007
5849,288.83789670626766,4461.731495452001
5850,289.5763330735929,5354.077794542401
5851,290.3253862010735,6246.4240936328015
5852,291.08556151553006,7138.770392723201
5853,291.8567471899328,8031.116691813601
5854,292.6375512580469,8923.462990904001
5855,293.42744570120027,9815.809289994402
5856,294.22617922202545,10708.155589084801
5857,295.03387619823695,11600.501888175202
5858,295.8506605572289,12492.848187265603
5859,296.6752764257257,12492.848187265603
5860,296.826143077202,12492.848187265603
5861,296.9192346865977,12492.848187265603
5862,297.0007230742972,12492.848187265603
5863,297.0753114730002,12492.848187265603
5864,297.1446246488359,12492.848187265603
5865,297.20923543072973,12492.848187265603
5866,297.26905067040957,12492.848187265603
5867,297.3252865882679,12492.848187265603
5868,297.3791138085833,12492.848187265603
5869,297.4334023912795,12492.848187265603
5870,297.4903632232568,12492.848187265603
5871,297.5470434130117,12492.848187265603
5872,297.59970240931324,12492.848187265603
5873,297.64636311835454,12492.848187265603
5874,297.6899190884015,12492.848187265603
5875,297.7313522749779,12492.848187265603
5876,297.7708103768293,12492.848187265603
5877,297.80842618118385,12492.848187265603
5878,297.84451412315417,12492.848187265603
5879,297.87950126730397,12492.848187265603
5880,297.913838820367,11600.501888175204
5881,297.26730535063984,10708.155589084803
5882,296.55698083390143,9815.809289994402
5883,295.82974057206144,8923.462990904003
5884,295.0912972982494,8031.116691813602
5885,294.3462812192156,7138.770392723201
5886,293.59959032745996,6246.4240936328015
5887,292.85263310517087,5354.0777945424015
5888,292.1003618022898,4461.731495452002
5889,291.34156679311,3569.385196361602
5890,290.57567808139714,2677.0388972712008
5891,289.80259164266505,1784.692598180801
5892,289.02271522415066,892.3462990904012
5893,288.2369261369713,0.0
5894,287.44562530587757,0.0
5895,287.32637328830697,0.0
5896,287.2603334988552,0.0
5897,287.20907012259175,0.0
5898,287.17997297965655,0.0
5899,287.19245965600453,0.0
5900,287.2733808991619,0.0
5901,287.37322123774453,0.0
5902,287.436986041309,0.0
5903,287.43874426638536,0.0
5904,287.4235245024835,0.0
5905,287.4066070893515,0.0
5906,287.39021473903824,0.0
5907,287.37828932787886,0.0
5908,287.36344472626877,0.0
5909,287.33986570714063,0.0
5910,287.3091703355371,0.0
5911,287.27199259094965,0.0
5912,287.2314838792615,0.0
5913,287.1876022059017,0.0
5914,287.13801004360903,0.0
5915,287.0821517099559,0.0
5916,287.0217603011985,0.0
5917,286.9559414523852,0.0
5918,286.88294807587306,0.0
5919,286.80160305655,0.0
5920,286.7134002239641,0.0
5921,286.6177033653947,0.0
5922,286.51282995761295,0.0
5923,286.40184730219795,0.0
5924,286.2867543314206,0.0
5925,286.176226542496,0.0
5926,286.07831354393414,0.0
5927,285.9975829376911,0.0
5928,285.94350241211305,0.0
5929,285.89243183712915,0.0
5930,285.84011058323654,0.0
5931,285.78781467797495,0.0
5932,285.73759887878475,0.0
5933,285.69443599275684,0.0
5934,285.66329282133586,0.0
5935,285.6379185403709,0.0
5936,285.60959243342245,0.0
5937,285.57124210782723,2498.569637453121
5938,287.43110787429737,4997.139274906242
5939,289.46629870785586,7495.708912359363
5940,291.5547982608666,9994.278549812483
5941,293.6890969243055,12492.848187265603
5942,295.8599000948563,12492.848187265603
5943,296.15644660592784,12492.848187265603
5944,296.3034157444757,12492.848187265603
5945,296.4267215485762,12492.848187265603
5946,296.53880925327496,12492.848187265603
5947,296.64291992154244,12492.848187265603
5948,296.74045143235105,12492.848187265603
5949,296.83305898686905,12492.848187265603
5950,296.9220536670015,12492.848187265603
5951,297.0070701346593,12492.848187265603
5952,297.0869956305464,12492.848187265603
5953,297.1606626717533,12492.848187265603
5954,297.22766661519563,12492.848187265603
5955,297.289238038674,12492.848187265603
5956,297.3468919039996,12492.848187265603
5957,297.4016338741514,12492.848187265603
5958,297.45345401380075,12492.848187265603
5959,297.5030288508331,12492.848187265603
5960,297.5511501762453,12492.848187265603
5961,297.59871261848855,12492.848187265603
5962,297.6460064563792,12492.848187265603
5963,297.69345244383237,12492.848187265603
5964,297.74136319462474,12492.848187265603
5965,297.7920951959021,12492.848187265603
5966,297.8486136338791,12492.848187265603
5967,297.9068192980016,12492.848187265603
5968,297.9612508748228,12492.848187265603
5969,298.00911002279884,12492.848187265603
5970,298.0545659972379,12492.848187265603
5971,298.0987319641253,12492.848187265603
5972,298.1416984678562,12492.848187265603
5973,298.18359757191945,12492.848187265603
5974,298.2246919246276,9994.278549812483
5975,296.35913928703434,7495.708912359361
5976,294.31582079669454,4997.13927490624
5977,292.22179537367685,2498.56963745312
5978,290.0880825438049,0.0
5979,287.92147199542353,0.0
5980,287.63540925240176,0.0
5981,287.50770408207575,0.0
5982,287.4104422870788,0.0
5983,287.3326377125606,0.0
5984,287.26661330174994,0.0
5985,287.20957311833973,0.0
5986,287.1599410652659,0.0
5987,287.11626009789046,0.0
5988,287.07798113936735,0.0
5989,287.0463087100157,0.0
5990,287.0223307062649,0.0
5991,287.0243128515869,0.0
5992,287.08409040359567,0.0
5993,287.18001483586863,0.0
5994,287.2778276842426,0.0
5995,287.3924590132194,0.0
5996,287.5276877349676,0.0
5997,287.652738346176,0.0
5998,287.8032812517258,1249.2848187265604
5999,288.81076611444786,2498.569637453121
6000,289.7588932832598,3747.8544561796816
6001,290.69699073505956,4997.139274906242
6002,291.69506347754634,6246.4240936328015
6003,292.8711061216801,7495.708912359363
6004,294.2220950836948,8744.993731085922
6005,295.6501589290739,9994.278549812483
6006,297.01031062477756,11243.563368539042
6007,298.2618091188657,12492.848187265603
6008,299.47217876525633,12492.848187265603
6009,299.7310336027157,12492.848187265603
6010,299.9698450537993,12492.848187265603
6011,300.223421931718,12492.848187265603
6012,300.42649158556975,12492.848187265603
6013,300.6053943443631,12492.848187265603
6014,300.7473635650842,12492.848187265603
6015,300.8484311846325,12492.848187265603
6016,300.89262472549046,12492.848187265603
6017,300.88139729348046,12492.848187265603
6018,300.82252972120085,12492.848187265603
6019,300.69868852601127,12492.848187265603
6020,300.4668991110512,12492.848187265603
6021,300.21119044832363,12492.848187265603
6022,300.00147366886296,12492.848187265603
6023,299.90456038347185,12492.848187265603
6024,299.8417249892942,12492.848187265603
6025,299.8090847157814,12492.848187265603
6026,299.8183357409802,12492.848187265603
6027,299.84530050465,12492.848187265603
6028,299.86888513516493,12492.848187265603
6029,299.88080466008137,12492.848187265603
6030,299.8855020499371,12492.848187265603
6031,299.88766343762387,12492.848187265603
6032,299.8915401863809,12492.848187265603
6033,299.899095483963,12492.848187265603
6034,299.9069055657648,12492.848187265603
6035,299.91407129691294,12492.848187265603
6036,299.92046852849273,12492.848187265603
6037,299.92595747936906,12492.848187265603
6038,299.93057083755593,12492.848187265603
6039,299.9342691987774,12492.848187265603
6040,299.9370264610586,12492.848187265603
6041,299.93925343287015,12492.848187265603
6042,299.94304192769437,12492.848187265603
6043,299.95129023851337,12492.848187265603
6044,299.96691012877,12492.848187265603
6045,300.0009005808247,12492.848187265603
6046,300.0653214753386,12492.848187265603
6047,300.14409015882154,12492.848187265603
6048,300.215138618544,12492.848187265603
6049,300.26709978790126,12492.848187265603
6050,300.31549676465045,12492.848187265603
6051,300.36411082467805,11243.563368539042
6052,299.4603959194493,9994.278549812483
6053,298.46837012585786,8744.993731085922
6054,297.45274260744105,7495.708912359361
6055,296.41950911027953,6246.4240936328015
6056,295.3708863661207,4997.13927490624
6057,294.3046801159582,3747.8544561796803
6058,293.21611807498823,2498.56963745312
6059,292.10868241588906,1249.28481872656
6060,290.9867474639609,0.0
6061,289.85308033872735,0.0
6062,289.65850589473337,0.0
6063,289.5408062634375,0.0
6064,289.4388658974705,0.0
6065,289.3498977721696,0.0
6066,289.27478030303524,0.0
6067,289.20789715131536,0.0
6068,289.14238157965116,0.0
6069,289.0739892333514,0.0
6070,289.00588655055344,0.0
6071,288.9402014296077,0.0
6072,288.8784096409533,0.0
6073,288.8213327603815,0.0
6074,288.7675577336918,0.0
6075,288.71675207431196,0.0
6076,288.6709068474474,0.0
6077,288.63143975348356,0.0
6078,288.6003384103145,0.0
6079,288.5813597063234,0.0
6080,288.57444254055196,0.0
6081,288.5792085923506,0.0
6082,288.58902697120226,0.0
6083,288.6021014208473,0.0
6084,288.61854631528695,0.0
6085,288.6384432088369,0.0
6086,288.66080184020393,0.0
6087,288.6841313168614,0.0
6088,288.70704537171844,0.0
6089,288.72960306102846,0.0
6090,288.7521698510177,0.0
6091,288.77418652907573,0.0
6092,288.79419506844846,0.0
6093,288.81497923968027,0.0
6094,288.8411223259483,0.0
6095,288.8695253156654,0.0
6096,288.89302786644646,0.0
6097,288.9140525497354,0.0
6098,288.9390844468263,0.0
6099,288.99296910294754,0.0
6100,289.10603838829866,0.0
6101,289.2337837049399,0.0
6102,289.31862124544085,0.0
6103,289.32881558093,960.9883220973542
6104,290.0451990199138,1921.9766441947083
6105,290.8167671943907,2882.9649662920624
6106,291.59569662827516,3843.9532883894167
6107,292.3819740182379,4804.9416104867705
6108,293.1793534692108,5765.929932584125
6109,293.98714385465587,6726.91825468148
6110,294.8027907779813,7687.906576778833
6111,295.62110425637195,8648.894898876186
6112,296.4411473649497,9609.883220973541
6113,297.2625400484447,10570.871543070896
6114,298.08704898523126,11531.85986516825
6115,298.9158032595902,12492.848187265603
6116,299.74730565663043,12492.848187265603
6117,299.84137866234374,12492.848187265603
6118,299.85702711375035,12492.848187265603
6119,299.8660634001077,12492.848187265603
6120,299.89703658980045,12492.848187265603
6121,299.9628932908893,12492.848187265603
6122,300.04983809923243,12492.848187265603
6123,300.140442178512,12492.848187265603
6124,300.2209047360314,12492.848187265603
6125,300.2851557183395,12492.848187265603
6126,300.34375568760686,12492.848187265603
6127,300.39794213674986,12492.848187265603
6128,300.44623714802987,12492.848187265603
6129,300.4886853858388,12492.848187265603
6130,300.5280998295497,12492.848187265603
6131,300.5653081098826,12492.848187265603
6132,300.6006864510113,12492.848187265603
6133,300.6341928940992,12492.848187265603
6134,300.6658698898915,12492.848187265603
6135,300.69591248802334,12492.848187265603
6136,300.7244179298693,12492.848187265603
6137,300.75601169100395,12492.848187265603
6138,300.7978982762969,12492.848187265603
6139,300.8444621555794,12492.848187265603
6140,300.88712643617924,12492.848187265603
6141,300.9161396940938,11531.85986516825
6142,300.1968213463662,10570.871543070894
6143,299.40427413461055,9609.88322097354
6144,298.6020279173643,8648.894898876186
6145,297.8023490870761,7687.906576778833
6146,296.9982440776981,6726.918254681478
6147,296.18480184078413,5765.929932584123
6148,295.35798518113376,4804.94161048677
6149,294.5162849413195,3843.9532883894167
6150,293.6635789155514,2882.9649662920615
6151,292.80016574811884,1921.976644194707
6152,291.9249512846538,960.9883220973535
6153,291.0366575323584,0.0
6154,290.13606108211445,0.0
6155,289.95872133013137,0.0
6156,289.84373567939923,0.0
6157,289.7425986786909,0.0
6158,289.6485537250969,0.0
6159,289.5601340061414,0.0
6160,289.4768545565699,0.0
6161,289.39819975436075,0.0
6162,289.3231109720237,0.0
6163,289.25096452801006,0.0
6164,289.1813801218606,0.0
6165,289.1140424744698,0.0
6166,289.04869377085566,0.0
6167,288.9851495425555,0.0
6168,288.9231318776248,0.0
6169,288.8629509519177,0.0
6170,288.8062359255499,0.0
6171,288.7668346310611,0.0
6172,288.787061593902,0.0
6173,288.84680971646696,0.0
6174,288.9336414425816,0.0
6175,289.068325233923,0.0
6176,289.28175291469574,0.0
6177,289.5557673569241,0.0
6178,289.8194932670101,0.0
6179,290.00773607991135,0.0
6180,290.036937649672,0.0
6181,290.0166269970265,0.0
6182,289.97971842953854,0.0
6183,290.01351982855624,0.0
6184,290.0491648533414,0.0
6185,290.1000697296728,0.0
6186,290.19928505033147,0.0
6187,290.35597327445765,1135.7134715696004
6188,291.3945619283357,2271.426943139201
6189,292.5230809664419,3407.1404147088006
6190,293.57502504060005,4542.853886278402
6191,294.5666921387226,5678.567357848002
6192,295.5035732551454,6814.280829417601
6193,296.44495978333754,7949.994300987201
6194,297.4155348416033,9085.707772556803
6195,298.4832217430071,10221.421244126403
6196,299.5790569335258,11357.134715696004
6197,300.667540768106,12492.848187265603
6198,301.7256350256832,12492.848187265603
6199,301.87322861188414,12492.848187265603
6200,301.9102230675198,12492.848187265603
6201,301.9291446863733,12492.848187265603
6202,301.96785059802863,12492.848187265603
6203,302.0330659811855,12492.848187265603
6204,302.0994750611999,12492.848187265603
6205,302.15175371145443,12492.848187265603
6206,302.17911742490037,12492.848187265603
6207,302.174014096309,12492.848187265603
6208,302.1736926675975,12492.848187265603
6209,302.17044721428516,12492.848187265603
6210,302.1660646126445,12492.848187265603
6211,302.1602871917478,12492.848187265603
6212,302.14647464764545,12492.848187265603
6213,302.12763177656666,12492.848187265603
6214,302.11450310853706,12492.848187265603
6215,302.1142644173513,12492.848187265603
6216,302.1280800488635,12492.848187265603
6217,302.14661553032755,12492.848187265603
6218,302.1560006952911,12492.848187265603
6219,302.158214174616,12492.848187265603
6220,302.1621955650423,12492.848187265603
6221,302.17385075739264,12492.848187265603
6222,302.1901490381291,11357.134715696002
6223,301.3454565107121,10221.4212441264
6224,300.427802988866,9085.707772556803
6225,299.4983055221004,7949.994300987201
6226,298.56297146032455,6814.280829417601
6227,297.61684668435146,5678.567357848002
6228,296.6534464788305,4542.853886278402
6229,295.66965198161296,3407.1404147088006
6230,294.6696681389913,2271.4269431392
6231,293.65457565534007,1135.7134715695993
6232,292.6239691165766,0.0
6233,291.5738479730262,0.0
6234,291.3645446858725,0.0
6235,291.222630220611,0.0
6236,291.1044639324222,0.0
6237,291.01099185925335,0.0
6238,290.92707386433284,0.0
6239,290.84839697716023,0.0
6240,290.7742655772298,0.0
6241,290.7039999037086,0.0
6242,290.63723177348913,0.0
6243,290.5733358947332,0.0
6244,290.51222983744304,0.0
6245,290.4486143606444,0.0
6246,290.37489140536246,0.0
6247,290.2973528280396,0.0
6248,290.2253943314648,0.0
6249,290.16382564120573,0.0
6250,290.10637205184355,0.0
6251,290.0513423415573,0.0
6252,289.9988199006478,0.0
6253,289.9486593003545,0.0
6254,289.9004062888301,0.0
6255,289.8533530253066,0.0
6256,289.8068978813742,0.0
6257,289.759791964911,0.0
6258,289.71105940784076,0.0
6259,289.6619881593373,0.0
6260,289.6142985892765,0.0
6261,289.57451002411517,0.0
6262,289.54969418909855,0.0
6263,289.52998375842884,0.0
6264,289.5019045424286,0.0
6265,289.4576773277,0.0
6266,289.40575530500075,0.0
6267,289.35247901407774,0.0
6268,289.30460645599493,0.0
6269,289.26679234514177,0.0
6270,289.2385945692192,0.0
6271,289.2185836182001,0.0
6272,289.2010345262029,0.0
6273,289.183668633855,0.0
6274,289.1658173676617,1041.0706822721336
6275,289.9429876821314,2082.141364544267
6276,290.79672154738034,3123.2120468164007
6277,291.6748365360242,4164.282729088534
6278,292.57213403770277,5205.353411360667
6279,293.483410813766,6246.4240936328015
6280,294.404575985656,7287.494775904934
6281,295.33714371486684,8328.565458177069
6282,296.2842850840304,9369.636140449202
6283,297.277728517848,10410.706822721335
6284,298.38244064016226,11451.777504993468
6285,299.50929379246764,12492.848187265603
6286,300.6054835743984,12492.848187265603
6287,300.8485837199133,12492.848187265603
6288,301.00364396869446,12492.848187265603
6289,301.1377259842552,12492.848187265603
6290,301.2613896802658,12492.848187265603
6291,301.38611708680867,12492.848187265603
6292,301.5028142087699,12492.848187265603
6293,301.5774233401124,12492.848187265603
6294,301.6606691977572,12492.848187265603
6295,301.709052270348,12492.848187265603
6296,301.6794085629248,12492.848187265603
6297,301.6176390343228,12492.848187265603
6298,301.5883032383465,12492.848187265603
6299,301.61997710444234,12492.848187265603
6300,301.6620768587539,12492.848187265603
6301,301.6968382499339,12492.848187265603
6302,301.71915302793116,12492.848187265603
6303,301.73163337311,12492.848187265603
6304,301.74246102456993,12492.848187265603
6305,301.7565290722837,12492.848187265603
6306,301.7717117906836,12492.848187265603
6307,301.7856241068191,12492.848187265603
6308,301.796880763159,12492.848187265603
6309,301.80367946253386,12492.848187265603
6310,301.8054959058215,12492.848187265603
6311,301.80869800885887,12492.848187265603
6312,301.82136966470375,12492.848187265603
6313,301.8467642499785,12492.848187265603
6314,301.88199723519847,12492.848187265603
6315,301.91991060474663,12492.848187265603
6316,301.9544326617859,12492.848187265603
6317,301.97990274590404,12492.848187265603
6318,301.99624516073646,12492.848187265603
6319,302.0095615833478,12492.848187265603
6320,302.02711770735635,12492.848187265603
6321,302.05308995420296,12492.848187265603
6322,302.0836996591125,12492.848187265603
6323,302.1150387074021,11451.777504993468
6324,301.3500508395235,10410.706822721337
6325,300.5072809939086,9369.636140449202
6326,299.642513034613,8328.56545817707
6327,298.7624091317628,7287.4947759049355
6328,297.8688920602883,6246.4240936328015
6329,296.96345779265323,5205.353411360669
6330,296.04575097433354,4164.282729088535
6331,295.1173130580372,3123.2120468164007
6332,294.1785136972192,2082.141364544268
6333,293.2301106161859,1041.070682272134
6334,292.2726262848488,0.0
6335,291.3060074396205,0.0
6336,291.12423168091254,0.0
6337,291.0062949530482,0.0
6338,290.89851019677246,0.0
6339,290.7971998864747,0.0
6340,290.7028992374166,0.0
6341,290.6155639565567,0.0
6342,290.5329235500212,0.0
6343,290.45397285781877,0.0
6344,290.37821802846116,0.0
6345,290.3052698427642,0.0
6346,290.23479536517067,0.0
6347,290.16642318115277,0.0
6348,290.1000817947738,0.0
6349,290.0360332579928,0.0
6350,289.9749814513256,0.0
6351,289.9159425427812,0.0
6352,289.8577512352373,0.0
6353,289.79844405912013,0.0
6354,289.73688417674555,0.0
6355,289.6749581392465,0.0
6356,289.61485110546016,0.0
6357,289.558123555806,0.0
6358,289.5038094780012,0.0
6359,289.4515617057926,0.0
6360,289.40143631474984,0.0
6361,289.35393410390304,0.0
6362,289.3098372885947,0.0
6363,289.26805986666494,0.0
6364,289.228964435485,1041.0706822721336
6365,289.98749776985136,2082.141364544267
6366,290.8265097209967,3123.2120468164007
6367,291.6938055453141,4164.282729088534
6368,292.5803916077001,5205.353411360667
6369,293.4836351253121,6246.4240936328015
6370,294.4012789845205,7287.494775904934
6371,295.3319875825615,8328.565458177069
6372,296.2759637638171,9369.636140449202
6373,297.23292498205353,10410.706822721335
6374,298.20212115241884,11451.777504993468
6375,299.18117694044344,12492.848187265603
6376,300.1682023270699,12492.848187265603
6377,300.3673883464503,12492.848187265603
6378,300.49827302095053,12492.848187265603
6379,300.61506961488027,12492.848187265603
6380,300.72342884301446,12492.848187265603
6381,300.82674600984984,12492.848187265603
6382,300.92729258747653,12492.848187265603
6383,301.0226560219003,12492.848187265603
6384,301.1090586836493,12492.848187265603
6385,301.1850705183831,12492.848187265603
6386,301.25477110654987,12492.848187265603
6387,301.32032532587226,12492.848187265603
6388,301.3810502222435,12492.848187265603
6389,301.43682038516164,12492.848187265603
6390,301.4875081676948,12492.848187265603
6391,301.5332448897226,12492.848187265603
6392,301.5746576293461,12492.848187265603
6393,301.61254771649254,12492.848187265603
6394,301.6482878197237,12492.848187265603
6395,301.68112774350493,12492.848187265603
6396,301.7103023072981,12492.848187265603
6397,301.734517727728,11451.777504993468
6398,300.9601305056273,10410.706822721337
6399,300.10700215071284,9369.636140449202
6400,299.2302108236674,8328.56545817707
6401,298.33622240558725,7287.4947759049355
6402,297.42684251919354,6246.4240936328015
6403,296.50317839309577,5205.353411360669
6404,295.5670793010358,4164.282729088535
6405,294.6206679656388,3123.2120468164007
6406,293.66529944716126,2082.141364544268
6407,292.70414919992817,1041.070682272134
6408,291.74118259902394,0.0
6409,290.776130237027,0.0
6410,290.6000781467236,0.0
6411,290.4906439159132,0.0
6412,290.3930018019078,0.0
6413,290.3003393370754,0.0
6414,290.2115099233251,0.0
6415,290.1271892023096,0.0
6416,290.0476459691575,0.0
6417,289.97326292083005,0.0
6418,289.90238894281015,0.0
6419,289.8346216040777,0.0
6420,289.76941615908993,0.0
6421,289.70647354621406,0.0
6422,289.6454524526466,0.0
6423,289.58638001313443,0.0
6424,289.52894257691247,0.0
6425,289.47307911678627,1784.6925981808004
6426,290.7798544580742,3569.3851963616007
6427,292.21428123018865,5354.077794542401
6428,293.6841011627473,7138.770392723201
6429,295.17971472409147,8923.462990904001
6430,296.6990056209464,10708.155589084801
6431,298.2400497142589,12492.848187265603
6432,299.8019215849721,12492.848187265603
6433,300.02227657168874,12492.848187265603
6434,300.13455536548753,12492.848187265603
6435,300.230040804615,12492.848187265603
6436,300.31689972204657,12492.848187265603
6437,300.39908631280474,12492.848187265603
6438,300.4809716328112,12492.848187265603
6439,300.5600946128622,12492.848187265603
6440,300.63240869773574,12492.848187265603
6441,300.69456659443864,12492.848187265603
6442,300.7484769726631,12492.848187265603
6443,300.7979175811273,12492.848187265603
6444,300.84646039391356,12492.848187265603
6445,300.8964323501447,12492.848187265603
6446,300.9457698765867,12492.848187265603
6447,300.9934641992467,12492.848187265603
6448,301.0389376616663,12492.848187265603
6449,301.0821096193336,12492.848187265603
6450,301.1237052725316,12492.848187265603
6451,301.16372171673015,12492.848187265603
6452,301.2017346696463,12492.848187265603
6453,301.23775234447686,12492.848187265603
6454,301.27252388418816,12492.848187265603
6455,301.30646551260327,12492.848187265603
6456,301.3398599593344,12492.848187265603
6457,301.37278343359566,12492.848187265603
6458,301.40521214724544,12492.848187265603
6459,301.4377638006859,12492.848187265603
6460,301.47277949500415,12492.848187265603
6461,301.5154129132377,12492.848187265603
6462,301.5734519036882,12492.848187265603
6463,301.64497346959405,12492.848187265603
6464,301.72098042049265,12492.848187265603
6465,301.7993931377359,12492.848187265603
6466,301.88251433991815,12492.848187265603
6467,301.9668758546172,12492.848187265603
6468,302.0480983540946,10708.155589084803
6469,300.76265692585395,8923.462990904003
6470,299.3505304705005,7138.770392723201
6471,297.90342820150335,5354.0777945424015
6472,296.4279890570877,3569.385196361602
6473,294.9275865721536,1784.692598180801
6474,293.4036838577992,0.0
6475,291.8584259324444,0.0
6476,291.6542717039342,0.0
6477,291.5584271953258,0.0
6478,291.48391255024353,0.0
6479,291.4199331576692,0.0
6480,291.36041147341183,0.0
6481,291.30235930236734,0.0
6482,291.24699004551906,0.0
6483,291.1937472347386,0.0
6484,291.1394757595686,0.0
6485,291.0810021746936,0.0
6486,291.0170246183016,0.0
6487,290.94986226581943,0.0
6488,290.88322986942245,0.0
6489,290.8186569242168,0.0
6490,290.75352310409085,0.0
6491,290.6875615254398,0.0
6492,290.62155511145073,0.0
6493,290.55516532716155,0.0
6494,290.4875678586776,0.0
6495,290.4178172864382,0.0
6496,290.34636309762817,0.0
6497,290.2738827985489,0.0
6498,290.2003979120868,2498.569637453121
6499,292.0319666308409,4997.139274906242
6500,294.0391778386119,7495.708912359363
6501,296.09242818767694,9994.278549812483
6502,298.17749886226466,12492.848187265603
6503,300.29742211299975,12492.848187265603
6504,300.5520147265242,12492.848187265603
6505,300.6707682320406,12492.848187265603
6506,300.77637288523766,12492.848187265603
6507,300.8745658647811,12492.848187265603
6508,300.9636027757266,12492.848187265603
6509,301.04229006314455,12492.848187265603
6510,301.1132732153734,12492.848187265603
6511,301.1789391190064,12492.848187265603
6512,301.24131864002607,12492.848187265603
6513,301.30187423412167,12492.848187265603
6514,301.3601828283722,12492.848187265603
6515,301.4158662781332,12492.848187265603
6516,301.4686043282939,12492.848187265603
6517,301.5182948881489,12492.848187265603
6518,301.56516411560136,12492.848187265603
6519,301.60961575345146,9994.278549812483
6520,299.7461351594976,7495.708912359361
6521,297.70180937763007,4997.13927490624
6522,295.6031646400095,2498.56963745312
6523,293.46637950489014,0.0
6524,291.2990870353687,0.0
6525,291.01295053289624,0.0
6526,290.87753223634064,0.0
6527,290.7643335524434,0.0
6528,290.66077045280844,0.0
6529,290.56386452241765,0.0
6530,290.4731843077294,0.0
6531,290.3875990179085,0.0
6532,290.3063067016698,0.0
6533,290.2269619183477,0.0
6534,290.14760159357934,0.0
6535,290.0703422837901,0.0
6536,289.9981019610225,0.0
6537,289.9321901963624,0.0
6538,289.86947747402616,0.0
6539,289.80886780037355,0.0
6540,289.7500772199567,1561.6060234082004
6541,290.8837358859787,3123.2120468164007
6542,292.1298489595799,4684.818070224601
6543,293.40748084704546,6246.4240936328015
6544,294.70861956138805,7808.030117041002
6545,296.0296647439531,9369.636140449202
6546,297.366268155558,10931.242163857403
6547,298.7195855771967,12492.848187265603
6548,300.0919038194895,12492.848187265603
6549,300.2929108267593,12492.848187265603
6550,300.4002718562946,12492.848187265603
6551,300.4930694381802,12492.848187265603
6552,300.5790519470691,12492.848187265603
6553,300.65962890226746,12492.848187265603
6554,300.73515046825554,12492.848187265603
6555,300.8070308489176,12492.848187265603
6556,300.8784178164907,12492.848187265603
6557,300.9522619680127,12492.848187265603
6558,301.03122920193135,12492.848187265603
6559,301.11549038186354,12492.848187265603
6560,301.2006385976813,12492.848187265603
6561,301.288192675505,12492.848187265603
6562,301.3821667060533,12492.848187265603
6563,301.4795809484031,12492.848187265603
6564,301.5765283566356,12492.848187265603
6565,301.67003961470584,12492.848187265603
6566,301.76137884905177,12492.848187265603
6567,301.8503765584467,12492.848187265603
6568,301.93586535034353,12492.848187265603
6569,302.02203828724265,12492.848187265603
6570,302.1134900967823,12492.848187265603
6571,302.2364266733781,12492.848187265603
6572,302.4262300592696,12492.848187265603
6573,302.6698935739417,12492.848187265603
6574,302.87074765912655,12492.848187265603
6575,303.0027326411392,12492.848187265603
6576,303.09585759344026,12492.848187265603
6577,303.1518325795735,12492.848187265603
6578,303.2184810245113,12492.848187265603
6579,303.2892412949617,12492.848187265603
6580,303.38828705778104,12492.848187265603
6581,303.4728813592854,12492.848187265603
6582,303.5355124069937,10931.242163857403
6583,302.39505509948293,9369.636140449202
6584,301.14010099942374,7808.030117041002
6585,299.81714707018205,6246.4240936328015
6586,298.4968591934021,4684.818070224601
6587,297.1557000862677,3123.2120468164007
6588,295.7938750645968,1561.6060234082004
6589,294.41384119771516,0.0
6590,293.0170169138113,0.0
6591,292.7433947629472,0.0
6592,292.5571521468725,0.0
6593,292.3877207238832,0.0
6594,292.2261028952384,0.0
6595,292.0723139223787,0.0
6596,291.9197105610381,0.0
6597,291.77109312315247,0.0
6598,291.6311008047154,0.0
6599,291.5096411691165,0.0
6600,291.40576006340063,0.0
6601,291.31494883549794,0.0
6602,291.23371685720974,0.0
6603,291.1577865071885,0.0
6604,291.08444648105944,0.0
6605,291.01252074012973,0.0
6606,290.9409332081426,0.0
6607,290.87061931623316,0.0
6608,290.8035843815848,0.0
6609,290.7428776745266,0.0
6610,290.6910691250944,0.0
6611,290.64568150203894,0.0
6612,290.60307640293337,0.0
6613,290.56246340992783,1784.6925981808004
6614,291.88768089606907,3569.3851963616007
6615,293.34135419662977,5354.077794542401
6616,294.82572100884585,7138.770392723201
6617,296.32705672526146,8923.462990904001
6618,297.84138809187294,10708.155589084801
6619,299.37266951734216,12492.848187265603
6620,300.92615430417885,12492.848187265603
6621,301.14296578759166,12492.848187265603
6622,301.25324718302363,12492.848187265603
6623,301.3478288940865,12492.848187265603
6624,301.434912677243,12492.848187265603
6625,301.51876180684377,12492.848187265603
6626,301.60298849334424,12492.848187265603
6627,301.68453567243324,12492.848187265603
6628,301.75862188535024,12492.848187265603
6629,301.81974291667564,12492.848187265603
6630,301.8672907624416,12492.848187265603
6631,301.90818018414564,12492.848187265603
6632,301.9507244035858,10708.155589084803
6633,300.639166003245,8923.462990904003
6634,299.20578053392893,7138.770392723201
6635,297.73730494780995,5354.0777945424015
6636,296.23884341943824,3569.385196361602
6637,294.710032573534,1784.692598180801
6638,293.15528088362487,0.0
6639,291.5785364439415,0.0
6640,291.34351127761124,0.0
6641,291.2188704822321,0.0
6642,291.11357674776343,0.0
6643,291.0171510803722,0.0
6644,290.92639724208914,0.0
6645,290.837089918637,0.0
6646,290.7468379322706,0.0
6647,290.65883001473185,0.0
6648,290.5775395846083,0.0
6649,290.5066406147667,0.0
6650,290.4443963664226,0.0
6651,290.38776672066143,0.0
6652,290.3355172056296,0.0
6653,290.28660035070925,0.0
6654,290.2443957635551,0.0
6655,290.2108303384453,0.0
6656,290.1837118243726,0.0
6657,290.1625935365436,0.0
6658,290.144752102197,0.0
6659,290.1294954638607,0.0
6660,290.1175807036046,0.0
6661,290.1085720340221,0.0
6662,290.1015081507865,0.0
6663,290.0953568721409,0.0
6664,290.08831498294467,0.0
6665,290.08087761840255,0.0
6666,290.07409793746126,0.0
6667,290.0669726665252,0.0
6668,290.05714909596736,0.0
6669,290.0431457189618,4164.282729088534
6670,293.2009999838211,8328.565458177069
6671,296.65159827425356,12492.848187265603
6672,300.1812785623145,12492.848187265603
6673,300.59459546252845,12492.848187265603
6674,300.76560242196456,12492.848187265603
6675,300.9054286225356,12492.848187265603
6676,301.0311146152969,12492.848187265603
6677,301.14571821651134,12492.848187265603
6678,301.2509075616647,12492.848187265603
6679,301.3470603140363,12492.848187265603
6680,301.4343651884194,12492.848187265603
6681,301.51277166604956,12492.848187265603
6682,301.5830340479965,12492.848187265603
6683,301.64502584360946,12492.848187265603
6684,301.69883557471303,12492.848187265603
6685,301.74423106672276,12492.848187265603
6686,301.7825512132179,12492.848187265603
6687,301.81449298575285,12492.848187265603
6688,301.84198809373015,12492.848187265603
6689,301.86644873536693,12492.848187265603
6690,301.88871404003186,12492.848187265603
6691,301.9087282669595,12492.848187265603
6692,301.92629886267923,12492.848187265603
6693,301.9415783803779,12492.848187265603
6694,301.954273394538,12492.848187265603
6695,301.96842215249785,8328.56545817707
6696,298.8144164436579,4164.282729088535
6697,295.3727572636442,0.0
6698,291.85521717916725,0.0
6699,291.45506568928744,0.0
6700,291.29502828782626,0.0
6701,291.16459671962,0.0
6702,291.04534541814763,0.0
6703,290.9349821311822,0.0
6704,290.83314740010303,0.0
6705,290.7398201396577,0.0
6706,290.65357186480117,0.0
6707,290.5732488288091,0.0
6708,290.4971065331756,0.0
6709,290.42393496983016,0.0
6710,290.3535274632016,0.0
6711,290.2853615726528,0.0
6712,290.21914794937277,0.0
6713,290.1521902783966,0.0
6714,290.0810067677602,0.0
6715,290.0091351403536,0.0
6716,289.941404454176,0.0
6717,289.8809714141862,0.0
6718,289.824927775726,0.0
6719,289.77208434089977,0.0
6720,289.7218341176356,0.0
6721,289.6747079091967,0.0
6722,289.63160889509226,0.0
6723,289.5899866878928,0.0
6724,289.54635791158546,0.0
6725,289.49860000630986,0.0
6726,289.44826386498386,0.0
6727,289.3964162519973,0.0
6728,289.3437715231522,0.0
6729,289.28991366317837,0.0
6730,289.2340333676711,0.0
6731,289.1784125871841,0.0
6732,289.1262254194586,3123.2120468164007
6733,291.46105187185486,6246.4240936328015
6734,294.0183786892928,9369.636140449202
6735,296.63645518469264,12492.848187265603
6736,299.2995839788646,12492.848187265603
6737,299.62113269014066,12492.848187265603
6738,299.7595191611107,12492.848187265603
6739,299.87299422019817,12492.848187265603
6740,299.9748802304635,12492.848187265603
6741,300.06832917177326,12492.848187265603
6742,300.15516039707325,12492.848187265603
6743,300.23650543180645,12492.848187265603
6744,300.3130594755926,12492.848187265603
6745,300.3858619117927,12492.848187265603
6746,300.45537311441564,12492.848187265603
6747,300.5233724804153,12492.848187265603
6748,300.5932523865834,12492.848187265603
6749,300.6661042688928,12492.848187265603
6750,300.74281943254203,12492.848187265603
6751,300.8235099265846,12492.848187265603
6752,300.9054468888954,12492.848187265603
6753,300.989379340937,12492.848187265603
6754,301.07636388955825,12492.848187265603
6755,301.1645261971921,12492.848187265603
6756,301.2516824368053,12492.848187265603
6757,301.33411610654747,12492.848187265603
6758,301.4106307067343,12492.848187265603
6759,301.48438621305206,12492.848187265603
6760,301.55867724872263,12492.848187265603
6761,301.6356732553454,12492.848187265603
6762,301.71270949750647,12492.848187265603
6763,301.78858062556384,12492.848187265603
6764,301.8621713023428,12492.848187265603
6765,301.93356565121525,12492.848187265603
6766,302.00313786271613,12492.848187265603
6767,302.070678406002,12492.848187265603
6768,302.13535211481377,12492.848187265603
6769,302.19616467299267,12492.848187265603
6770,302.252862552334,12492.848187265603
6771,302.30614592008146,12492.848187265603
6772,302.3552575088423,12492.848187265603
6773,302.39942418891076,12492.848187265603
6774,302.4376297451792,9369.636140449202
6775,300.0893162516822,6246.4240936328015
6776,297.51743207402166,3123.2120468164007
6777,294.88498060238504,0.0
6778,292.20729574000285,0.0
6779,291.86854427089213,0.0
6780,291.70837767008766,0.0
6781,291.5653983991375,0.0
6782,291.42666409131556,0.0
6783,291.2920000289282,0.0
6784,291.163885991325,0.0
6785,291.0436433710683,0.0
6786,290.92957782810487,0.0
6787,290.8196837941901,0.0
6788,290.7125703377125,0.0
6789,290.60757955482455,0.0
6790,290.5049352386781,0.0
6791,290.40775194239086,0.0
6792,290.32174886043737,0.0
6793,290.2460745425595,0.0
6794,290.17810794777535,0.0
6795,290.1142758601178,0.0
6796,290.0520503248607,0.0
6797,289.98970794378386,0.0
6798,289.92648996706816,0.0
6799,289.8639744689227,0.0
6800,289.80412629081013,0.0
6801,289.7478760179571,0.0
6802,289.6932005004816,0.0
6803,289.63947273976237,0.0
6804,289.58656479809247,0.0
6805,289.5343175117128,0.0
6806,289.48253420563395,0.0
6807,289.43154220959474,0.0
6808,289.381506361976,6246.4240936328015
6809,294.0969011343167,12492.848187265603
6810,299.2566585785777,12492.848187265603
6811,299.77375106534316,12492.848187265603
6812,299.93811380996584,12492.848187265603
6813,300.06282460086965,12492.848187265603
6814,300.17362281256555,12492.848187265603
6815,300.2742259514319,12492.848187265603
6816,300.3663373341894,12492.848187265603
6817,300.45124926408795,12492.848187265603
6818,300.5300115171464,12492.848187265603
6819,300.6034391162753,12492.848187265603
6820,300.6722215446333,12492.848187265603
6821,300.73702281968616,12492.848187265603
6822,300.798198852822,12492.848187265603
6823,300.8563007173047,12492.848187265603
6824,300.9115618410988,12492.848187265603
6825,300.9642713854157,12492.848187265603
6826,301.0148017214226,12492.848187265603
6827,301.06339129253024,12492.848187265603
6828,301.1102522467756,12492.848187265603
6829,301.15554657909854,12492.848187265603
6830,301.1994441903714,12492.848187265603
6831,301.242079612482,12492.848187265603
6832,301.2836334840221,12492.848187265603
6833,301.324074987922,12492.848187265603
6834,301.36360065259277,12492.848187265603
6835,301.4022843935752,12492.848187265603
6836,301.4401784049638,12492.848187265603
6837,301.47737425412686,12492.848187265603
6838,301.5139141510872,12492.848187265603
6839,301.54994725109606,12492.848187265603
6840,301.5857332835245,12492.848187265603
6841,301.62189423425275,12492.848187265603
6842,301.65925169274215,12492.848187265603
6843,301.69867420493216,6246.4240936328015
6844,296.97856579175675,0.0
6845,291.82069324254,0.0
6846,291.31292327776396,0.0
6847,291.16428789380706,0.0
6848,291.0578843503708,0.0
6849,290.96827213491883,0.0
6850,290.8905173040679,0.0
6851,290.8229540681524,0.0
6852,290.76455479110933,0.0
6853,290.71363159870117,0.0
6854,290.66887334606406,0.0
6855,290.62862216261647,0.0
6856,290.5900798159902,0.0
6857,290.5540041786643,0.0
6858,290.5216521132079,0.0
6859,290.49265009664674,0.0
6860,290.46473672144805,0.0
6861,290.4367525845571,0.0
6862,290.4086798957055,0.0
6863,290.38009965097774,0.0
6864,290.3503179511195,0.0
6865,290.31995343027876,0.0
6866,290.2904156695052,0.0
6867,290.26101234234955,0.0
6868,290.2288687635454,0.0
6869,290.1917782511385,1561.6060234082004
6870,291.340694383745,3123.2120468164007
6871,292.5970749300952,4684.818070224601
6872,293.88210301573224,6246.4240936328015
6873,295.18891268374904,7808.030117041002
6874,296.51338643868587,9369.636140449202
6875,297.85412330396736,10931.242163857403
6876,299.2108288550243,12492.848187265603
6877,300.58260920564976,12492.848187265603
6878,300.77742527894014,12492.848187265603
6879,300.8735819838389,12492.848187265603
6880,300.9516485535497,12492.848187265603
6881,301.0189148965517,12492.848187265603
6882,301.07799377853456,12492.848187265603
6883,301.12984798995427,12492.848187265603
6884,301.17532260470915,12492.848187265603
6885,301.21539178169405,12492.848187265603
6886,301.2508337545704,12492.848187265603
6887,301.28534046781334,12492.848187265603
6888,301.32524671337603,12492.848187265603
6889,301.37045972748643,12492.848187265603
6890,301.41904199773614,12492.848187265603
6891,301.4682729717644,12492.848187265603
6892,301.51619401912893,12492.848187265603
6893,301.56219999103126,12492.848187265603
6894,301.6061511969173,12492.848187265603
6895,301.6483197750638,12492.848187265603
6896,301.68897941732354,12492.848187265603
6897,301.7264747106347,12492.848187265603
6898,301.75787873768184,12492.848187265603
6899,301.7862413358033,12492.848187265603
6900,301.8162057018968,12492.848187265603
6901,301.8532335526711,12492.848187265603
6902,301.8990157578142,12492.848187265603
6903,301.9475240411963,10931.242163857403
6904,300.80004073162644,9369.636140449202
6905,299.53267264461795,7808.030117041002
6906,298.2313329188803,6246.4240936328015
6907,296.90641816267066,4684.818070224601
6908,295.56130495246504,3123.2120468164007
6909,294.19913119839924,1561.6060234082004
6910,292.82044286553446,0.0
6911,291.42520998215696,0.0
6912,291.2037914710695,0.0
6913,291.07381783242664,0.0
6914,290.9531503975104,0.0
6915,290.8388502444527,0.0
6916,290.7348517022424,0.0
6917,290.64299726040747,0.0
6918,290.5585078814063,0.0
6919,290.4793204541225,0.0
6920,290.4048627666141,0.0
6921,290.33447913668545,0.0
6922,290.2673302227941,0.0
6923,290.20293750521864,1561.6060234082004
6924,291.3317124969246,3123.2120468164007
6925,292.5736826682113,4684.818070224601
6926,293.8475965186452,6246.4240936328015
6927,295.14585749392967,7808.030117041002
6928,296.465922389668,9369.636140449202
6929,297.8064331220136,10931.242163857403
6930,299.1658214103931,12492.848187265603
6931,300.54300995046367,12492.848187265603
6932,300.74581377198206,12492.848187265603
6933,300.851791705287,12492.848187265603
6934,300.9363917364,12492.848187265603
6935,301.01128353785646,12492.848187265603
6936,301.0841458323024,12492.848187265603
6937,301.1611267539658,12492.848187265603
6938,301.24206829008676,12492.848187265603
6939,301.3265328001754,12492.848187265603
6940,301.4175059442695,12492.848187265603
6941,301.51285205451103,12492.848187265603
6942,301.6183396891414,12492.848187265603
6943,301.73377706652303,12492.848187265603
6944,301.8604687528583,12492.848187265603
6945,301.99225501983807,12492.848187265603
6946,302.1203234560081,12492.848187265603
6947,302.24542437874595,12492.848187265603
6948,302.3817544671247,12492.848187265603
6949,302.56113732846393,12492.848187265603
6950,302.71308953891946,12492.848187265603
6951,302.850381116935,12492.848187265603
6952,302.9672687288092,12492.848187265603
6953,303.0502821700515,12492.848187265603
6954,303.16207606190824,12492.848187265603
6955,303.27668720747624,12492.848187265603
6956,303.3831433255783,12492.848187265603
6957,303.4830153697013,12492.848187265603
6958,303.58064030862147,12492.848187265603
6959,303.6778928080256,10931.242163857403
6960,302.57922608421677,9369.636140449202
6961,301.36136169741235,7808.030117041002
6962,300.1046611967903,6246.4240936328015
6963,298.7920853750657,4684.818070224601
6964,297.3783998159695,3123.2120468164007
6965,295.9082805525866,1561.6060234082004
6966,294.4480952416383,0.0
6967,293.0364683688367,0.0
6968,292.8176917952652,0.0
6969,292.70164896442003,0.0
6970,292.6045490473066,0.0
6971,292.5117091709289,0.0
6972,292.4176156851037,0.0
6973,292.320653762397,0.0
6974,292.226499367812,0.0
6975,292.1643744689623,0.0
6976,292.2006467919389,0.0
6977,292.25574621644614,0.0
6978,292.30654684540656,0.0
6979,292.22564625451,0.0
6980,292.0489743772171,0.0
6981,291.838036674481,0.0
6982,291.6432171511165,0.0
6983,291.5270345263409,0.0
6984,291.42908145414697,0.0
6985,291.3431836088684,0.0
6986,291.26995312939187,0.0
6987,291.2073876759094,0.0
6988,291.14675187884484,0.0
6989,291.0847294253575,0.0
6990,291.02106311939923,0.0
6991,290.9574078072686,0.0
6992,290.89538480077965,0.0
6993,290.8361770544651,0.0
6994,290.77877981351725,0.0
6995,290.7233241668949,0.0
6996,290.67026292699006,0.0
6997,290.61980136609833,0.0
6998,290.57107262422306,0.0
6999,290.52326464367144,0.0
7000,290.47549205278915,0.0
7001,290.4272151566074,0.0
7002,290.37857417772256,0.0
7003,290.3296389813996,0.0
7004,290.280408627905,0.0
7005,290.22893796064517,0.0
7006,290.1723147489649,0.0
7007,290.1137608875856,1041.0706822721336
7008,290.851945034232,2082.141364544267
7009,291.6705374143537,3123.2120468164007
7010,292.51533753066536,4164.282729088534
7011,293.3772308119745,5205.353411360667
7012,294.2509286852791,6246.4240936328015
7013,295.1324241620543,7287.494775904934
7014,296.022400507102,8328.565458177069
7015,296.92283723741053,9369.636140449202
7016,297.8359309478792,10410.706822721335
7017,298.7628239414412,11451.777504993468
7018,299.7026362217467,12492.848187265603
7019,300.6523466892278,12492.848187265603
7020,300.8154868875172,12492.848187265603
7021,300.9109118050142,12492.848187265603
7022,300.9939647665068,12492.848187265603
7023,301.070116518814,12492.848187265603
7024,301.1405860265121,12492.848187265603
7025,301.20613772642105,12492.848187265603
7026,301.2674105896401,12492.848187265603
7027,301.3249465708426,12492.848187265603
7028,301.37918369423517,12492.848187265603
7029,301.4304966428435,12492.848187265603
7030,301.4791978810422,12492.848187265603
7031,301.52603093216504,12492.848187265603
7032,301.5718151312865,12492.848187265603
7033,301.61808595507256,12492.848187265603
7034,301.66706450658137,12492.848187265603
7035,301.7197790992632,12492.848187265603
7036,301.77886364785286,12492.848187265603
7037,301.8433792798268,12492.848187265603
7038,301.9128073283597,12492.848187265603
7039,302.00047960336417,12492.848187265603
7040,302.13415397967066,12492.848187265603
7041,302.2978619594742,12492.848187265603
7042,302.45113355973933,12492.848187265603
7043,302.55050757212194,12492.848187265603
7044,302.58886762276285,12492.848187265603
7045,302.61285680159756,12492.848187265603
7046,302.67241829106246,12492.848187265603
7047,302.81233060250554,12492.848187265603
7048,303.05403440191515,12492.848187265603
7049,303.3044020289877,12492.848187265603
7050,303.51985857578194,12492.848187265603
7051,303.6731929437425,12492.848187265603
7052,303.8027260853212,12492.848187265603
7053,303.9145220353904,12492.848187265603
7054,304.0075557534017,12492.848187265603
7055,304.08678255830756,12492.848187265603
7056,304.1613695978393,12492.848187265603
7057,304.2341085510967,12492.848187265603
7058,304.30708501459947,12492.848187265603
7059,304.3792025793693,12492.848187265603
7060,304.4094975509061,12492.848187265603
7061,304.45189554207957,12492.848187265603
7062,304.52775795517755,11451.777504993468
7063,303.8859612619909,10410.706822721337
7064,303.16181733209623,9369.636140449202
7065,302.44389043920194,8328.56545817707
7066,301.7023067854398,7287.4947759049355
7067,300.91841034469985,6246.4240936328015
7068,300.12224013089326,5205.353411360669
7069,299.3107985019553,4164.282729088535
7070,298.44809625985306,3123.2120468164007
7071,297.5425246388989,2082.141364544268
7072,296.55171907879196,1041.070682272134
7073,295.4729194528193,0.0
7074,294.37786468954005,0.0
7075,294.08183397838786,0.0
7076,293.7860749054518,0.0
7077,293.51445101275,0.0
7078,293.2698407511062,0.0
7079,293.0959944491117,0.0
7080,292.9473612886557,0.0
7081,292.8186725803652,0.0
7082,292.70927074319076,0.0
7083,292.61415375094026,0.0
7084,292.52491290125187,0.0
7085,292.4404371416099,0.0
7086,292.3604140405296,0.0
7087,292.28340703650906,0.0
7088,292.20778047301684,0.0
7089,292.12890864700665,0.0
7090,292.0415761397851,0.0
7091,291.95114162229794,0.0
7092,291.86528330935505,0.0
7093,291.78898622698273,0.0
7094,291.71821020246136,0.0
7095,291.64897570278293,0.0
7096,291.57780954810573,0.0
7097,291.5033820346286,0.0
7098,291.42822150537853,0.0
7099,291.3531218861361,0.0
7100,291.2780172179628,0.0
7101,291.20285229346064,0.0
7102,291.1275806823227,0.0
7103,291.052159900133,1388.0942430295113
7104,292.0353297153176,2776.1884860590226
7105,293.12136155340124,4164.282729088534
7106,294.24718020795035,5552.376972118045
7107,295.40082107786003,6940.471215147558
7108,296.572082736759,8328.565458177069
7109,297.7539538059905,9716.65970120658
7110,298.9472161365846,11104.75394423609
7111,300.1550569748169,12492.848187265603
7112,301.3806850712278,12492.848187265603
7113,301.57044548863536,12492.848187265603
7114,301.68926388718876,12492.848187265603
7115,301.80026214427494,12492.848187265603
7116,301.900183701519,12492.848187265603
7117,301.985621730604,12492.848187265603
7118,302.0633046714929,12492.848187265603
7119,302.134499621352,12492.848187265603
7120,302.19838958478914,12492.848187265603
7121,302.2552601767272,12492.848187265603
7122,302.3074788588112,12492.848187265603
7123,302.3558631728902,12492.848187265603
7124,302.4005521142682,12492.848187265603
7125,302.4418289127512,12492.848187265603
7126,302.4802555628749,12492.848187265603
7127,302.5163601227219,12492.848187265603
7128,302.5506587617016,12492.848187265603
7129,302.58213523434404,12492.848187265603
7130,302.60918656635545,12492.848187265603
7131,302.6363477809399,12492.848187265603
7132,302.67089900797225,12492.848187265603
7133,302.71718807966977,12492.848187265603
7134,302.77499170709876,12492.848187265603
7135,302.83996981294314,12492.848187265603
7136,302.9059822349619,12492.848187265603
7137,302.9684119372641,11104.75394423609
7138,301.96760276590936,9716.65970120658
7139,300.86755003980375,8328.56545817707
7140,299.7443977322665,6940.471215147558
7141,298.6086216438429,5552.376972118045
7142,297.4622107097989,4164.282729088535
7143,296.3030724399085,2776.188486059024
7144,295.1276194559299,1388.094243029512
7145,293.93679854125037,0.0
7146,292.734526255897,0.0
7147,292.69093549829597,0.0
7148,293.00550846052477,0.0
7149,293.42574613899006,0.0
7150,293.78698483954565,0.0
7151,293.94043357299535,0.0
7152,294.0046456804872,0.0
7153,294.01849108191266,0.0
7154,294.04442119296937,0.0
7155,294.13693893440586,0.0
7156,294.1984279625152,0.0
7157,294.2371026574608,0.0
7158,294.28012698358526,0.0
7159,294.3455340771805,0.0
7160,294.41893865455796,0.0
7161,294.4935025395054,0.0
7162,294.55457129346087,0.0
7163,294.59193910507094,0.0
7164,294.61075662952834,0.0
7165,294.6103810026421,0.0
7166,294.58957258733466,0.0
7167,294.5445194000555,0.0
7168,294.4668139546888,0.0
7169,294.36125770670134,0.0
7170,294.22597748342196,0.0
7171,294.0524721239739,0.0
7172,293.82594294301526,0.0
7173,293.55408636219113,0.0
7174,293.32049030854773,0.0
7175,293.0785783811641,0.0
7176,292.83652235983055,0.0
7177,292.60639372011724,0.0
7178,292.4246846083398,0.0
7179,292.3014996446946,892.3462990904002
7180,292.8788292058284,1784.6925981808004
7181,293.5422291393988,2677.0388972712003
7182,294.2461512483129,3569.3851963616007
7183,294.972428786021,4461.731495452001
7184,295.7034247687029,5354.077794542401
7185,296.421046004294,6246.4240936328015
7186,297.1233254934486,7138.770392723201
7187,297.8280611020275,8031.116691813601
7188,298.55722790380423,8923.462990904001
7189,299.32466388458135,9815.809289994402
7190,300.11681912412075,10708.155589084801
7191,300.92124059097915,11600.501888175202
7192,301.72659593036207,12492.848187265603
7193,302.5277360647561,12492.848187265603
7194,302.65291529096993,12492.848187265603
7195,302.72114513327136,12492.848187265603
7196,302.7785554375708,12492.848187265603
7197,302.82949678146673,12492.848187265603
7198,302.87494222710603,12492.848187265603
7199,302.91556043630106,12492.848187265603
7200,302.95192821487603,12492.848187265603
7201,302.9819535154421,12492.848187265603
7202,303.0026878444084,12492.848187265603
7203,303.01927241590994,12492.848187265603
7204,303.03867354175156,12492.848187265603
7205,303.06366026682997,12492.848187265603
7206,303.08818883237575,12492.848187265603
7207,303.11088049897455,12492.848187265603
7208,303.1318186191143,12492.848187265603
7209,303.15114714577066,12492.848187265603
7210,303.1689510004231,12492.848187265603
7211,303.1853446123336,12492.848187265603
7212,303.2004338131404,12492.848187265603
7213,303.2157235136752,12492.848187265603
7214,303.2336840124941,12492.848187265603
7215,303.2526070557131,11600.501888175204
7216,302.58937238124406,10708.155589084803
7217,301.8552778691444,9815.809289994402
7218,301.0930700429621,8923.462990904003
7219,300.31463368539704,8031.116691813602
7220,299.5313735586154,7138.770392723201
7221,298.7510989306493,6246.4240936328015
7222,297.96960209015737,5354.0777945424015
7223,297.1829623142029,4461.731495452002
7224,296.38864942956707,3569.385196361602
7225,295.5836792122083,2677.0388972712008
7226,294.7704872413445,1784.692598180801
7227,293.9813109333752,892.3462990904012
7228,293.28051494046935,0.0
7229,292.64684199963995,0.0
7230,292.6090537077486,0.0
7231,292.65780474302926,0.0
7232,292.85198695398753,0.0
7233,293.1313992949626,0.0
7234,293.37651108384773,0.0
7235,293.5529068351211,0.0
7236,293.74275908878616,0.0
7237,293.89674393171987,0.0
7238,294.0144193409821,0.0
7239,294.10390647434815,0.0
7240,294.1765613295393,0.0
7241,294.2477573899773,0.0
7242,294.31464420997673,0.0
7243,294.37031877415836,0.0
7244,294.3970732859001,0.0
7245,294.4104283317386,0.0
7246,294.4176279539572,0.0
7247,294.4270595658495,0.0
7248,294.44320461865254,0.0
7249,294.46233907261876,0.0
7250,294.48325268470126,0.0
7251,294.51441729383384,0.0
7252,294.5631707586125,0.0
7253,294.63683995713956,0.0
7254,294.7191844789956,0.0
7255,294.80453644005996,0.0
7256,294.8884137226558,12492.848187265603
7257,304.49209493579906,12492.848187265603
7258,305.4390273065216,12492.848187265603
7259,305.7206870054865,12492.848187265603
7260,305.9131855234778,12492.848187265603
7261,306.0612052942166,12492.848187265603
7262,306.17115800076004,12492.848187265603
7263,306.2515095163301,12492.848187265603
7264,306.2983480466773,12492.848187265603
7265,306.3129225290209,12492.848187265603
7266,306.29812077863414,12492.848187265603
7267,306.2410998547841,12492.848187265603
7268,306.1067242332706,12492.848187265603
7269,305.9500894856919,12492.848187265603
7270,305.81402714879493,12492.848187265603
7271,305.66354046782425,12492.848187265603
7272,305.5113210352802,12492.848187265603
7273,305.3597392651596,12492.848187265603
7274,305.25928155889807,12492.848187265603
7275,305.21646647825537,12492.848187265603
7276,305.18763572854874,12492.848187265603
7277,305.1666866111152,12492.848187265603
7278,305.1486151104489,12492.848187265603
7279,305.13208360786274,12492.848187265603
7280,305.117093693874,12492.848187265603
7281,305.1045522730326,12492.848187265603
7282,305.0965264359007,12492.848187265603
7283,305.0941918185939,12492.848187265603
7284,305.0985715366319,12492.848187265603
7285,305.1124746700393,12492.848187265603
7286,305.1372546375471,12492.848187265603
7287,305.1654202053941,12492.848187265603
7288,305.1875375921196,12492.848187265603
7289,305.19924640968793,12492.848187265603
7290,305.2080591835233,12492.848187265603
7291,305.2156411709269,12492.848187265603
7292,305.2219411798028,12492.848187265603
7293,305.226824034881,12492.848187265603
7294,305.23046153701534,12492.848187265603
7295,305.2332647636965,12492.848187265603
7296,305.2358281688332,12492.848187265603
7297,305.24010564999753,12492.848187265603
7298,305.24795328127146,0.0
7299,295.72764110733465,0.0
7300,294.84640669959794,0.0
7301,294.60403514773844,0.0
7302,294.42078748291834,0.0
7303,294.253043263585,0.0
7304,294.0965087437433,0.0
7305,293.9496489484972,0.0
7306,293.8104794753374,0.0
7307,293.67811078171457,0.0
7308,293.55239018577925,0.0
7309,293.43346475389177,0.0
7310,293.3213489478274,0.0
7311,293.21502963834473,0.0
7312,293.1132585486164,0.0
7313,293.0151980829801,0.0
7314,292.92053749481033,0.0
7315,292.8287745057577,0.0
7316,292.7387947532493,0.0
7317,292.6491794857536,0.0
7318,292.5588601923227,0.0
7319,292.46932506322366,0.0
7320,292.3838261946011,0.0
7321,292.3071342181666,0.0
7322,292.24638668925496,0.0
7323,292.2327193185332,0.0
7324,292.32473626170054,0.0
7325,292.45130691693635,0.0
7326,292.6081849729738,1784.6925981808004
7327,294.1162718604923,3569.3851963616007
7328,295.78138248530223,5354.077794542401
7329,297.5545310677503,7138.770392723201
7330,299.3083987650199,8923.462990904001
7331,301.04781373721494,10708.155589084801
7332,302.7785581343665,12492.848187265603
7333,304.49106833174864,12492.848187265603
7334,304.7879331835742,12492.848187265603
7335,304.9926899034351,12492.848187265603
7336,305.16561811629765,12492.848187265603
7337,305.33575356764777,12492.848187265603
7338,305.5254335583361,12492.848187265603
7339,305.729466173478,12492.848187265603
7340,305.91996394511483,12492.848187265603
7341,306.08090699343296,12492.848187265603
7342,306.21903358075406,12492.848187265603
7343,306.33654952862406,12492.848187265603
7344,306.44273243915734,12492.848187265603
7345,306.544429030498,12492.848187265603
7346,306.6772606781096,12492.848187265603
7347,306.8373195215208,12492.848187265603
7348,307.00871822530155,12492.848187265603
7349,307.1962888701835,12492.848187265603
7350,307.3852181003556,12492.848187265603
7351,307.5647447323125,12492.848187265603
7352,307.7401241956103,12492.848187265603
7353,307.937256979129,12492.848187265603
7354,308.1178029423353,12492.848187265603
7355,308.2772155173102,12492.848187265603
7356,308.4081419274129,12492.848187265603
7357,308.5074688605248,12492.848187265603
7358,308.5804209233376,12492.848187265603
7359,308.6259912928371,12492.848187265603
7360,308.6211010238746,12492.848187265603
7361,308.5662073688358,12492.848187265603
7362,308.4388703198321,12492.848187265603
7363,308.30695859353756,12492.848187265603
7364,308.16291327201026,12492.848187265603
7365,308.0141309897354,10708.155589084803
7366,306.4700516021898,8923.462990904003
7367,304.8405979491151,7138.770392723201
7368,303.1528353485435,5354.0777945424015
7369,301.46235170336354,3569.385196361602
7370,299.7797018544831,1784.692598180801
7371,298.1333783808664,0.0
7372,296.4879909933822,0.0
7373,296.1956548307145,0.0
7374,296.0185654368579,0.0
7375,295.86105738411186,0.0
7376,295.7097906042731,0.0
7377,295.55649541788546,0.0
7378,295.3968847425671,0.0
7379,295.23680840730077,0.0
7380,295.0843270833476,0.0
7381,294.94408393115515,0.0
7382,294.812596346296,0.0
7383,294.69128669772937,0.0
7384,294.5830703557041,0.0
7385,294.4895627152219,0.0
7386,294.4066222162907,0.0
7387,294.3288441934283,0.0
7388,294.2505948014214,0.0
7389,294.1692351883522,0.0
7390,294.0877965261954,0.0
7391,294.0054398890561,0.0
7392,293.9201425177387,0.0
7393,293.8290248323003,0.0
7394,293.7312020553892,0.0
7395,293.6310043460713,0.0
7396,293.5337807703776,0.0
7397,293.44202237014076,0.0
7398,293.3521761406771,0.0
7399,293.2638594776619,0.0
7400,293.17788221655934,0.0
7401,293.09434857620374,0.0
7402,293.01185923503715,0.0
7403,292.93003562667997,1041.0706822721336
7404,293.6429087653341,2082.141364544267
7405,294.4301460718319,3123.2120468164007
7406,295.23826016122183,4164.282729088534
7407,296.0619549774295,5205.353411360667
7408,296.8995836511735,6246.4240936328015
7409,297.75238435810536,7287.494775904934
7410,298.6230325108615,8328.565458177069
7411,299.50828858302566,9369.636140449202
7412,300.40241160490194,10410.706822721335
7413,301.2936572523246,11451.777504993468
7414,302.1716174919394,12492.848187265603
7415,303.0507717037927,12492.848187265603
7416,303.1580284552248,12492.848187265603
7417,303.2260367887808,12492.848187265603
7418,303.306484973403,12492.848187265603
7419,303.43002672621986,12492.848187265603
7420,303.6762479401062,12492.848187265603
7421,303.96610927786895,12492.848187265603
7422,304.28488953197507,12492.848187265603
7423,304.5779792685974,12492.848187265603
7424,304.9272058348923,12492.848187265603
7425,305.2640355759137,12492.848187265603
7426,305.5900600548439,12492.848187265603
7427,305.9240887083979,12492.848187265603
7428,306.21792685903307,12492.848187265603
7429,306.4773889667093,12492.848187265603
7430,306.71641063461334,12492.848187265603
7431,306.932674741291,12492.848187265603
7432,307.12507534551594,12492.848187265603
7433,307.2896409489606,12492.848187265603
7434,307.4306979842455,12492.848187265603
7435,307.5522894740489,12492.848187265603
7436,307.66080393866656,12492.848187265603
7437,307.76227812177837,12492.848187265603
7438,307.8614752974187,12492.848187265603
7439,307.9511629752599,11451.777504993468
7440,307.2345386742347,10410.706822721337
7441,306.43497584027494,9369.636140449202
7442,305.6171048946205,8328.56545817707
7443,304.8046210144743,7287.4947759049355
7444,303.99806008227006,6246.4240936328015
7445,303.21129060842304,5205.353411360669
7446,302.4413983244234,4164.282729088535
7447,301.6725171225154,3123.2120468164007
7448,300.8854158854796,2082.141364544268
7449,300.0633742808272,1041.070682272134
7450,299.21888115275107,0.0
7451,298.3383846955998,0.0
7452,298.2186789775282,0.0
7453,298.1421455101125,0.0
7454,298.05555012033426,0.0
7455,297.94955139902095,0.0
7456,297.8172729526195,0.0
7457,297.6612867760304,0.0
7458,297.4824816758125,0.0
7459,297.27272579315127,0.0
7460,296.9920136589458,0.0
7461,296.71772012063997,0.0
7462,296.43170778170446,0.0
7463,296.18204090132264,0.0
7464,295.91985134951545,0.0
7465,295.6570999819339,0.0
7466,295.45747885715434,0.0
7467,295.3214064287939,0.0
7468,295.19806329850957,0.0
7469,295.07100753532694,1784.6925981808004
7470,296.2884964840367,3569.3851963616007
7471,297.6284711803767,5354.077794542401
7472,299.01629801537433,7138.770392723201
7473,300.46795653014374,8923.462990904001
7474,301.9903866697638,10708.155589084801
7475,303.5523754047138,12492.848187265603
7476,305.1164774090371,12492.848187265603
7477,305.30119038650884,12492.848187265603
7478,305.3686797311406,12492.848187265603
7479,305.4173836268116,12492.848187265603
7480,305.4578004168142,12492.848187265603
7481,305.4923063119436,12492.848187265603
7482,305.5203338168585,12492.848187265603
7483,305.54311009548354,12492.848187265603
7484,305.5624015778238,12492.848187265603
7485,305.58071958632434,12492.848187265603
7486,305.60033686286727,12492.848187265603
7487,305.6203904131255,12492.848187265603
7488,305.6392826015365,12492.848187265603
7489,305.6575809703831,12492.848187265603
7490,305.67793322410245,12492.848187265603
7491,305.69788744595,12492.848187265603
7492,305.71374723914147,12492.848187265603
7493,305.71915855663474,12492.848187265603
7494,305.710171092859,12492.848187265603
7495,305.69479936047475,12492.848187265603
7496,305.6836114401765,12492.848187265603
7497,305.68338805640803,12492.848187265603
7498,305.68992942627665,10708.155589084803
7499,304.3394793649958,8923.462990904003
7500,302.8655727848512,7138.770392723201
7501,301.35965649988293,5354.0777945424015
7502,299.83250573940603,3569.385196361602
7503,298.28630007977654,1784.692598180801
7504,296.7233861025376,0.0
7505,295.1518361761333,0.0
7506,294.94402704133563,0.0
7507,294.85186322400796,0.0
7508,294.7672491260235,0.0
7509,294.667971067057,0.0
7510,294.5587823426783,0.0
7511,294.45064068819573,0.0
7512,294.3553300054849,0.0
7513,294.2808347087752,0.0
7514,294.22103869643746,0.0
7515,294.17510376895046,0.0
7516,294.14765860674584,0.0
7517,294.13169388613994,0.0
7518,294.1251896420661,0.0
7519,294.1250912777955,0.0
7520,294.1398115695836,0.0
7521,294.17136516020236,0.0
7522,294.20957166018974,0.0
7523,294.25144550044297,0.0
7524,294.2981889731483,0.0
7525,294.3458942753856,0.0
7526,294.3905012750082,0.0
7527,294.42749996477187,0.0
7528,294.45929974781416,0.0
7529,294.51450528585593,0.0
7530,294.5763539855858,0.0
7531,294.66420749630845,0.0
7532,294.8749175117525,0.0
7533,295.1032093048654,0.0
7534,295.28522751485696,0.0
7535,295.3806159245576,0.0
7536,295.47306986859945,0.0
7537,295.52636018521144,0.0
7538,295.56686405886285,0.0
7539,295.6244487137851,0.0
7540,295.718713628951,0.0
7541,295.80511848617436,0.0
7542,295.89105287041116,0.0
7543,295.9745547642665,0.0
7544,296.0542938153202,0.0
7545,296.12547479788225,0.0
7546,296.18221976613614,3123.2120468164007
7547,298.600772460114,6246.4240936328015
7548,301.2245261527068,9369.636140449202
7549,303.882851644694,12492.848187265603
7550,306.55768381874793,12492.848187265603
7551,306.86294956195303,12492.848187265603
7552,306.96804006374373,12492.848187265603
7553,307.03482885564466,12492.848187265603
7554,307.076602382154,12492.848187265603
7555,307.07580540796636,12492.848187265603
7556,306.9934177713591,12492.848187265603
7557,306.86481753131585,12492.848187265603
7558,306.7472485238508,12492.848187265603
7559,306.61676527513896,12492.848187265603
7560,306.4580089317575,12492.848187265603
7561,306.30092494371996,12492.848187265603
7562,306.1941917818972,12492.848187265603
7563,306.1592686939398,12492.848187265603
7564,306.14255327142695,12492.848187265603
7565,306.13474479098124,12492.848187265603
7566,306.1300132995209,12492.848187265603
7567,306.129994575092,12492.848187265603
7568,306.138631145151,12492.848187265603
7569,306.1561544113102,12492.848187265603
7570,306.17497622058977,12492.848187265603
7571,306.1934012661602,12492.848187265603
7572,306.21127496585717,12492.848187265603
7573,306.2285582480519,12492.848187265603
7574,306.2452303203601,12492.848187265603
7575,306.2612830294592,9369.636140449202
7576,303.8944319922185,6246.4240936328015
7577,301.2999840134274,3123.2120468164007
7578,298.63056691341177,0.0
7579,295.9093334775278,0.0
7580,295.5351886027909,0.0
7581,295.3591978710926,0.0
7582,295.22168343484856,0.0
7583,295.10004654052375,0.0
7584,294.9831275153661,0.0
7585,294.8617446217344,0.0
7586,294.7373683614452,0.0
7587,294.6160574335157,0.0
7588,294.5048524315345,0.0
7589,294.40728660769184,0.0
7590,294.3192133320752,0.0
7591,294.23899292359295,1784.6925981808004
7592,295.52731800966626,3569.3851963616007
7593,296.94925041605353,5354.077794542401
7594,298.4108324254632,7138.770392723201
7595,299.90277296358653,8923.462990904001
7596,301.4221895625279,10708.155589084801
7597,302.96936757587457,12492.848187265603
7598,304.5468386335869,12492.848187265603
7599,304.78566932334036,12492.848187265603
7600,304.9124279465825,12492.848187265603
7601,305.0119782230611,12492.848187265603
7602,305.09393111300744,12492.848187265603
7603,305.16239757026165,12492.848187265603
7604,305.2210535458318,12492.848187265603
7605,305.27125231686824,12492.848187265603
7606,305.31224443781434,12492.848187265603
7607,305.3487470878715,12492.848187265603
7608,305.38716371504364,12492.848187265603
7609,305.43243425746925,12492.848187265603
7610,305.4836575904168,12492.848187265603
7611,305.5385491862493,12492.848187265603
7612,305.59618219543177,12492.848187265603
7613,305.654032403783,12492.848187265603
7614,305.71369020715997,12492.848187265603
7615,305.77487543956676,10708.155589084803
7616,304.47497896763264,8923.462990904003
7617,303.0460352825651,7138.770392723201
7618,301.57662977447336,5354.0777945424015
7619,300.0788364779228,3569.385196361602
7620,298.56081405965347,1784.692598180801
7621,297.0295290540214,0.0
7622,295.4872049714229,0.0
7623,295.29061530620885,0.0
7624,295.1980795978186,0.0
7625,295.11296270810595,0.0
7626,295.0279813056819,0.0
7627,294.94658731913347,0.0
7628,294.87296713731007,0.0
7629,294.8134025685301,0.0
7630,294.7686761945267,0.0
7631,294.73010537061157,0.0
7632,294.6868100062589,0.0
7633,294.63338027376614,0.0
7634,294.5772621758574,0.0
7635,294.5202558903259,0.0
7636,294.461078239752,0.0
7637,294.39922044306354,0.0
7638,294.33501864798467,0.0
7639,294.26960026864026,0.0
7640,294.204192964033,0.0
7641,294.1388408834025,0.0
7642,294.07203479138064,0.0
7643,294.00288260569215,0.0
7644,293.931691478002,0.0
7645,293.85821599416096,0.0
7646,293.7823438634594,0.0
7647,293.7024496456682,12492.848187265603
7648,303.1464777494926,12492.848187265603
7649,303.94377994424167,12492.848187265603
7650,304.094356961457,12492.848187265603
7651,304.18257531351264,12492.848187265603
7652,304.25313587652323,12492.848187265603
7653,304.3112930142537,12492.848187265603
7654,304.359115926284,12492.848187265603
7655,304.40022062528703,12492.848187265603
7656,304.44070032997854,12492.848187265603
7657,304.48306509520563,12492.848187265603
7658,304.5295730468235,12492.848187265603
7659,304.5780576528514,12492.848187265603
7660,304.62436479920973,12492.848187265603
7661,304.66762177752236,12492.848187265603
7662,304.70916044798406,12492.848187265603
7663,304.74894154569563,12492.848187265603
7664,304.7861916815231,0.0
7665,295.2885163762942,0.0
7666,294.42386540599057,0.0
7667,294.1994879917247,0.0
7668,294.03945315169,0.0
7669,293.90387105080026,0.0
7670,293.7840298991638,0.0
7671,293.6745534661792,0.0
7672,293.5704606814522,0.0
7673,293.4687904187281,0.0
7674,293.3703772546848,0.0
7675,293.27619603605655,0.0
7676,293.18707453237295,0.0
7677,293.10323799487867,0.0
7678,293.02319460474376,0.0
7679,292.9464561005878,0.0
7680,292.87274472019243,2082.141364544267
7681,294.3903089382967,4164.282729088534
7682,296.0580580865515,6246.4240936328015
7683,297.7676750805489,8328.565458177069
7684,299.5087715872031,10410.706822721335
7685,301.27739098491907,12492.848187265603
7686,303.071804355284,12492.848187265603
7687,303.3020090014135,12492.848187265603
7688,303.4085816664362,12492.848187265603
7689,303.4972339577904,12492.848187265603
7690,303.5777017785897,12492.848187265603
7691,303.6518639907255,12492.848187265603
7692,303.7204019682222,12492.848187265603
7693,303.7851142892835,12492.848187265603
7694,303.8479750096924,12492.848187265603
7695,303.9080039243889,12492.848187265603
7696,303.96316594895507,12492.848187265603
7697,304.012055888099,12492.848187265603
7698,304.0554290080806,12492.848187265603
7699,304.0950670467303,12492.848187265603
7700,304.1328878722079,12492.848187265603
7701,304.170813779911,12492.848187265603
7702,304.2095080476341,12492.848187265603
7703,304.24770396154963,12492.848187265603
7704,304.28384322362206,12492.848187265603
7705,304.3093971136175,10410.706822721337
7706,302.7330062206613,8328.56545817707
7707,301.04217527525896,6246.4240936328015
7708,299.3716182595451,4164.282729088535
7709,297.73503012226064,2082.141364544268
7710,296.04856897217076,0.0
7711,294.3025134518508,0.0
7712,294.067229798823,0.0
7713,293.96983080803255,0.0
7714,293.8729035435012,0.0
7715,293.8297607097504,0.0
7716,293.8412431595849,0.0
7717,293.845357069014,0.0
7718,293.84864639478144,0.0
7719,293.8476156331934,0.0
7720,293.845313790527,0.0
7721,293.8122271506613,0.0
7722,293.808934271965,0.0
7723,293.8112992596949,0.0
7724,293.8075624893073,0.0
7725,293.8025258561228,0.0
7726,293.8033547631141,0.0
7727,293.83938355997185,0.0
7728,293.9466476164662,0.0
7729,294.03865047184024,0.0
7730,294.08880958672023,0.0
7731,294.06916636888974,0.0
7732,293.9821218663193,0.0
7733,293.85559706641163,0.0
7734,293.71983128888144,0.0
7735,293.64518358063276,0.0
7736,293.5940690505114,0.0
7737,293.5289196343767,0.0
7738,293.44151267792336,0.0
7739,293.4391235260871,0.0
7740,293.59636215338014,0.0
7741,293.8429715114199,0.0
7742,293.9985618473694,0.0
7743,294.0841611759458,0.0
7744,294.0734086573603,0.0
7745,294.0081961478432,0.0
7746,293.89205505173936,0.0
7747,293.7337472902853,0.0
7748,293.5634399622472,0.0
7749,293.3642810864461,0.0
7750,293.16482096065795,1249.2848187265604
7751,293.92842265469295,2498.569637453121
7752,294.7504772695854,3747.8544561796816
7753,295.57264763893613,4997.139274906242
7754,296.46211296170645,6246.4240936328015
7755,297.4389801066658,7495.708912359363
7756,298.4579571098752,8744.993731085922
7757,299.50657673305415,9994.278549812483
7758,300.5772542736941,11243.563368539042
7759,301.66418628995035,12492.848187265603
7760,302.76204152460633,12492.848187265603
7761,302.9121954458922,12492.848187265603
7762,302.9764646143777,12492.848187265603
7763,303.02611154475454,12492.848187265603
7764,303.0751451417596,12492.848187265603
7765,303.12991687606564,12492.848187265603
7766,303.18632419584793,12492.848187265603
7767,303.24093362209925,12492.848187265603
7768,303.2905739725629,12492.848187265603
7769,303.3336092431428,12492.848187265603
7770,303.37206219702637,12492.848187265603
7771,303.40674485292254,12492.848187265603
7772,303.4378377341122,12492.848187265603
7773,303.46183401762096,12492.848187265603
7774,303.47341711659345,12492.848187265603
7775,303.4791989943651,12492.848187265603
7776,303.4885680981417,12492.848187265603
7777,303.5112239259031,12492.848187265603
7778,303.5482049401931,12492.848187265603
7779,303.5900968225806,11243.563368539042
7780,302.6728443948765,9994.278549812483
7781,301.6527615953369,8744.993731085922
7782,300.5999723698188,7495.708912359361
7783,299.5263723865256,6246.4240936328015
7784,298.4386033593221,4997.13927490624
7785,297.34115821183593,3747.8544561796803
7786,296.2328336548607,2498.56963745312
7787,295.11482922071997,1249.28481872656
7788,293.9880434589368,0.0
7789,292.85663202870495,0.0
7790,292.6779344536064,0.0
7791,292.5800483893148,0.0
7792,292.48890881396903,0.0
7793,292.39278725938595,0.0
7794,292.2980222066356,0.0
7795,292.2076029470375,0.0
7796,292.12331008260253,0.0
7797,292.0457721176605,0.0
7798,291.97261157380126,0.0
7799,291.90353635740655,0.0
7800,291.83994583478307,0.0
7801,291.7818342490382,0.0
7802,291.7286028198912,0.0
7803,291.68013279646897,0.0
7804,291.63802221286545,0.0
7805,291.60442721351,0.0
7806,291.5823317076336,0.0
7807,291.5695641270041,0.0
7808,291.56090025092726,0.0
7809,291.55175156912236,0.0
7810,291.54074924289205,0.0
7811,291.5298374517845,0.0
7812,291.5225252443829,0.0
7813,291.5216217011796,0.0
7814,291.52690909785684,0.0
7815,291.536429779343,0.0
7816,291.54754077312714,0.0
7817,291.56282859639236,0.0
7818,291.58667795057653,0.0
7819,291.6116119252745,6246.4240936328015
7820,296.3907694090427,12492.848187265603
7821,301.59910093610006,12492.848187265603
7822,302.16031076979476,12492.848187265603
7823,302.3662896578328,12492.848187265603
7824,302.53100690919285,12492.848187265603
7825,302.6794934051876,12492.848187265603
7826,302.81578638620783,12492.848187265603
7827,302.9420240049029,12492.848187265603
7828,303.05845691007215,12492.848187265603
7829,303.16891293240013,12492.848187265603
7830,303.27989766114206,12492.848187265603
7831,303.38991160410546,12492.848187265603
7832,303.4957267664723,12492.848187265603
7833,303.59816720459094,12492.848187265603
7834,303.70262735668086,12492.848187265603
7835,303.8033597909493,12492.848187265603
7836,303.89306551328593,12492.848187265603
7837,303.9602583477983,12492.848187265603
7838,304.0005325901832,12492.848187265603
7839,304.02595989901994,12492.848187265603
7840,304.053489433172,12492.848187265603
7841,304.09323250788634,12492.848187265603
7842,304.138351443938,6246.4240936328015
7843,299.4182898379353,0.0
7844,294.2486851973744,0.0
7845,293.7142517784195,0.0
7846,293.5284215971578,0.0
7847,293.3811632281653,0.0
7848,293.25342640115605,0.0
7849,293.1436966286545,0.0
7850,293.0511418043033,0.0
7851,292.97120344385553,0.0
7852,292.89724732177183,0.0
7853,292.80222809625747,0.0
7854,292.6493563948196,0.0
7855,292.4762152853717,0.0
7856,292.3364888700075,0.0
7857,292.259781987735,0.0
7858,292.20953687949975,1249.2848187265604
7859,293.1205389448477,2498.569637453121
7860,294.115996343061,3747.8544561796816
7861,295.1272200193166,4997.139274906242
7862,296.15551645923216,6246.4240936328015
7863,297.2000598741088,7495.708912359363
7864,298.25821939276835,8744.993731085922
7865,299.32570871845763,9994.278549812483
7866,300.400471084976,11243.563368539042
7867,301.48642011774587,12492.848187265603
7868,302.58921125211964,12492.848187265603
7869,302.7609245454033,12492.848187265603
7870,302.8645934075254,12492.848187265603
7871,302.9584163900067,12492.848187265603
7872,303.0421644971989,12492.848187265603
7873,303.1133922911114,12492.848187265603
7874,303.17576589493075,12492.848187265603
7875,303.23091649409065,12492.848187265603
7876,303.27937089875013,12492.848187265603
7877,303.31782658757095,12492.848187265603
7878,303.3421252082953,12492.848187265603
7879,303.3616621367721,12492.848187265603
7880,303.3888784680123,12492.848187265603
7881,303.4287888144103,12492.848187265603
7882,303.4698321638832,12492.848187265603
7883,303.50938721319966,12492.848187265603
7884,303.54751144194125,12492.848187265603
7885,303.5843252580682,12492.848187265603
7886,303.6199363904377,12492.848187265603
7887,303.6545133915648,12492.848187265603
7888,303.68801825415125,12492.848187265603
7889,303.72247941675306,12492.848187265603
7890,303.7609947772145,12492.848187265603
7891,303.8015428495174,12492.848187265603
7892,303.84100390318537,12492.848187265603
7893,303.8770008106892,12492.848187265603
7894,303.9105143118469,12492.848187265603
7895,303.9440804225869,12492.848187265603
7896,303.9810280603692,12492.848187265603
7897,304.02318201964005,12492.848187265603
7898,304.0705476517054,12492.848187265603
7899,304.122559513937,12492.848187265603
7900,304.1799767317768,12492.848187265603
7901,304.2452486107971,12492.848187265603
7902,304.3219828270281,12492.848187265603
7903,304.40640298063164,12492.848187265603
7904,304.4910016759485,12492.848187265603
7905,304.5710557847686,12492.848187265603
7906,304.64782936680314,12492.848187265603
7907,304.72209983199224,12492.848187265603
7908,304.7950954022432,12492.848187265603
7909,304.86570910079865,12492.848187265603
7910,304.9314807383044,12492.848187265603
7911,304.9959529252138,12492.848187265603
7912,305.0633883288663,11243.563368539042
7913,304.18496971321537,9994.278549812483
7914,303.22212907279913,8744.993731085922
7915,302.2358964153851,7495.708912359361
7916,301.22845103853246,6246.4240936328015
7917,300.1986290005644,4997.13927490624
7918,299.1496532198921,3747.8544561796803
7919,298.08519278271285,2498.56963745312
7920,297.0092453205817,1249.28481872656
7921,295.9265992275883,0.0
7922,294.83709576626694,0.0
7923,294.7208411328065,0.0
7924,294.7508689479129,0.0
7925,294.8495380493782,0.0
7926,294.9288838229127,0.0
7927,294.9513502130809,0.0
7928,294.94155113596355,0.0
7929,294.90333570219104,0.0
7930,294.8335146211572,0.0
7931,294.721259179917,0.0
7932,294.54995543758815,0.0
7933,294.34857603498216,0.0
7934,294.2003843848007,0.0
7935,294.10360940415217,0.0
7936,294.0194047753574,0.0
7937,293.9392186598697,0.0
7938,293.8641363750218,0.0
7939,293.79535729616083,0.0
7940,293.7325023805969,0.0
7941,293.67467384930444,0.0
7942,293.618252953282,0.0
7943,293.55569135801096,0.0
7944,293.47962824323514,0.0
7945,293.3981199223145,0.0
7946,293.32741228654817,0.0
7947,293.2703304685522,0.0
7948,293.2179524971955,0.0
7949,293.16752426794625,0.0
7950,293.11762661891026,0.0
7951,293.0668143808615,0.0
7952,293.0138750801042,0.0
7953,292.95800895693924,0.0
7954,292.89957814492243,0.0
7955,292.83953316561104,0.0
7956,292.7789464488889,0.0
7957,292.717370060931,960.9883220973542
7958,293.3858591893261,1921.9766441947083
7959,294.12144442053585,2882.9649662920624
7960,294.87683722086837,3843.9532883894167
7961,295.6654790433728,4804.9416104867705
7962,296.51026253704765,5765.929932584125
7963,297.3838324821475,6726.91825468148
7964,298.24818904134247,7687.906576778833
7965,299.0847223109238,8648.894898876186
7966,299.92241049227994,9609.883220973541
7967,300.76757096035897,10570.871543070896
7968,301.6198800694009,11531.85986516825
7969,302.47974374350366,12492.848187265603
7970,303.3468220794241,12492.848187265603
7971,303.4883788165557,12492.848187265603
7972,303.5694709769961,12492.848187265603
7973,303.6405097140552,12492.848187265603
7974,303.70748553000055,12492.848187265603
7975,303.77162881889944,12492.848187265603
7976,303.8334651914145,12492.848187265603
7977,303.89397931567305,12492.848187265603
7978,303.9540384785273,12492.848187265603
7979,304.01222034599925,12492.848187265603
7980,304.06641738917676,12492.848187265603
7981,304.11531633358055,12492.848187265603
7982,304.1602442799056,12492.848187265603
7983,304.2018468464428,12492.848187265603
7984,304.24051970263974,12492.848187265603
7985,304.27445442955286,12492.848187265603
7986,304.3014891673147,12492.848187265603
7987,304.3256617083341,12492.848187265603
7988,304.35260740480686,12492.848187265603
7989,304.38595666199376,12492.848187265603
7990,304.4230634843877,12492.848187265603
7991,304.4618986588497,12492.848187265603
7992,304.50241170707875,12492.848187265603
7993,304.54442837076573,12492.848187265603
7994,304.5899738143929,12492.848187265603
7995,304.64289521432386,12492.848187265603
7996,304.71115082685907,12492.848187265603
7997,304.7944574957468,12492.848187265603
7998,304.8878272192734,12492.848187265603
7999,304.990735582925,12492.848187265603
8000,305.1061893232158,12492.848187265603
8001,305.22982729889105,12492.848187265603
8002,305.3547671330466,12492.848187265603
8003,305.47638596311475,12492.848187265603
8004,305.59963620908366,12492.848187265603
8005,305.7575750555283,12492.848187265603
8006,305.8912338916078,12492.848187265603
8007,306.0118181635451,12492.848187265603
8008,306.1160992623617,12492.848187265603
8009,306.1800692562829,12492.848187265603
8010,306.2793371217698,12492.848187265603
8011,306.413853059392,11531.85986516825
8012,305.8809676568585,10570.871543070894
8013,305.28289008092486,9609.88322097354
8014,304.6495721457769,8648.894898876186
8015,303.9983145890408,7687.906576778833
8016,303.31105090292203,6726.918254681478
8017,302.58740311233987,5765.929932584123
8018,301.8802307340313,4804.94161048677
8019,301.14688765478684,3843.9532883894167
8020,300.40144527567577,2882.9649662920615
8021,299.6624403071846,1921.976644194707
8022,298.9899916543228,960.9883220973535
8023,298.29500353997884,0.0
8024,297.56675721373057,0.0
8025,297.5108940223046,0.0
8026,297.4949779227566,0.0
8027,297.38345318836684,0.0
8028,297.0903809827894,0.0
8029,296.7040326266013,0.0
8030,296.32629721792983,0.0
8031,296.0552953096695,0.0
8032,295.7794524644132,0.0
8033,295.5561851613518,0.0
8034,295.3685814703118,0.0
8035,295.24492674824444,0.0
8036,295.11715793622375,0.0
8037,294.962593868091,0.0
8038,294.7853127411957,0.0
8039,294.6062548915234,0.0
8040,294.45059096964604,0.0
8041,294.32856789611884,0.0
8042,294.2223449464584,0.0
8043,294.12600827898706,0.0
8044,294.0342067317397,0.0
8045,293.9461492845821,0.0
8046,293.8618485631268,0.0
8047,293.78050350491696,0.0
8048,293.69998056720345,0.0
8049,293.61250222389634,0.0
8050,293.5082246782958,0.0
8051,293.39931963823335,0.0
8052,293.3025986090869,0.0
8053,293.2284259830617,0.0
8054,293.1664414911244,1041.0706822721336
8055,293.9030685745196,2082.141364544267
8056,294.7115469723676,3123.2120468164007
8057,295.53483109569345,4164.282729088534
8058,296.371490700957,5205.353411360667
8059,297.22185543671776,6246.4240936328015
8060,298.0860595508517,7287.494775904934
8061,298.96358693695095,8328.565458177069
8062,299.85440811467646,9369.636140449202
8063,300.75815822554426,10410.706822721335
8064,301.6746358610436,11451.777504993468
8065,302.6058636402262,12492.848187265603
8066,303.5538108479569,12492.848187265603
8067,303.7196642999433,12492.848187265603
8068,303.81757527190547,12492.848187265603
8069,303.8978793742191,12492.848187265603
8070,303.96964734446556,12492.848187265603
8071,304.03580459715096,12492.848187265603
8072,304.0980894692109,12492.848187265603
8073,304.15760857900045,12492.848187265603
8074,304.21476875887515,12492.848187265603
8075,304.2694085545029,12492.848187265603
8076,304.3210328452245,12492.848187265603
8077,304.36795530067576,12492.848187265603
8078,304.4086255889009,12492.848187265603
8079,304.4455329561734,12492.848187265603
8080,304.4817958227913,12492.848187265603
8081,304.5208202892024,12492.848187265603
8082,304.56322490210454,12492.848187265603
8083,304.6059442014397,12492.848187265603
8084,304.6453747099284,12492.848187265603
8085,304.6779361931793,12492.848187265603
8086,304.7036531866894,12492.848187265603
8087,304.72678601748026,12492.848187265603
8088,304.7540766827732,12492.848187265603
8089,304.7894933381245,12492.848187265603
8090,304.83285101908405,12492.848187265603
8091,304.930259632463,12492.848187265603
8092,305.1515759412395,12492.848187265603
8093,305.4104832005362,11451.777504993468
8094,304.9199556258666,10410.706822721337
8095,304.29649758676703,9369.636140449202
8096,303.6567954367572,8328.56545817707
8097,303.0097450141093,7287.4947759049355
8098,302.3514424097077,6246.4240936328015
8099,301.6700675533111,5205.353411360669
8100,300.9540054078708,4164.282729088535
8101,300.2369005293821,3123.2120468164007
8102,299.47081365059444,2082.141364544268
8103,298.68474292535495,1041.070682272134
8104,297.8602529976095,0.0
8105,296.99565084654563,0.0
8106,296.8905336200399,0.0
8107,296.8325287517195,0.0
8108,296.7704740676789,0.0
8109,296.7174910097262,0.0
8110,296.6783386072916,0.0
8111,296.6568054860364,0.0
8112,296.6450456121741,0.0
8113,296.6396942116434,0.0
8114,296.64877628582167,0.0
8115,296.6793733004041,0.0
8116,296.7231915832381,0.0
8117,296.72584173028133,6246.4240936328015
8118,301.48090576084707,12492.848187265603
8119,306.6851785785452,12492.848187265603
8120,307.29027397627175,12492.848187265603
8121,307.5792451206741,12492.848187265603
8122,307.8588309542209,12492.848187265603
8123,308.05955386835313,12492.848187265603
8124,308.2045644932716,12492.848187265603
8125,308.30100716985106,12492.848187265603
8126,308.37729449873,12492.848187265603
8127,308.43822706251547,12492.848187265603
8128,308.4721049840398,12492.848187265603
8129,308.47525115046847,12492.848187265603
8130,308.44364370240044,12492.848187265603
8131,308.3711487934828,12492.848187265603
8132,308.247777660293,12492.848187265603
8133,308.10145535508536,12492.848187265603
8134,307.968809717853,12492.848187265603
8135,307.82276549715215,12492.848187265603
8136,307.6751883059834,12492.848187265603
8137,307.49025439991897,12492.848187265603
8138,307.3766141070005,6246.4240936328015
8139,302.58246313736674,0.0
8140,297.36017845732204,0.0
8141,296.77229517251266,0.0
8142,296.51474079954585,0.0
8143,296.2849349334315,0.0
8144,296.0738726835883,0.0
8145,295.88572757087087,0.0
8146,295.7088231374119,0.0
8147,295.54667918590786,0.0
8148,295.4071942678192,0.0
8149,295.2913197746564,0.0
8150,295.1853499297887,0.0
8151,295.0852121901294,0.0
8152,294.98972660936806,0.0
8153,294.8983969575717,0.0
8154,294.8113569205076,0.0
8155,294.7268853053908,0.0
8156,294.64302461309285,0.0
8157,294.5548865389465,0.0
8158,294.45734489943715,0.0
8159,294.355116220943,0.0
8160,294.2552504384181,0.0
8161,294.1613965465144,0.0
8162,294.07092144101017,0.0
8163,293.98302375084364,0.0
8164,293.89802579102434,0.0
8165,293.8197169394806,0.0
8166,293.75305630083557,0.0
8167,293.69161839019796,0.0
8168,293.6263773684254,0.0
8169,293.5497181920943,0.0
8170,293.46270052710577,0.0
8171,293.37264519483557,0.0
8172,293.2876320788233,0.0
8173,293.2136656712062,0.0
8174,293.1475995420877,0.0
8175,293.08400174279535,0.0
8176,293.01740288502015,0.0
8177,292.94408585799556,0.0
8178,292.8659281984424,0.0
8179,292.7864268979332,0.0
8180,292.708933471951,0.0
8181,292.6360387903427,0.0
8182,292.56741777286067,1135.7134715696004
8183,293.3706264452362,2271.426943139201
8184,294.26382565418857,3407.1404147088006
8185,295.1974136971223,4542.853886278402
8186,296.15444324570103,5678.567357848002
8187,297.18794349291136,6814.280829417601
8188,298.36374625790046,7949.994300987201
8189,299.62313412196556,9085.707772556803
8190,300.9048318809717,10221.421244126403
8191,302.1594858422776,11357.134715696004
8192,303.4693318929508,12492.848187265603
8193,304.767493546606,12492.848187265603
8194,305.2388997454615,12492.848187265603
8195,305.61684007996433,12492.848187265603
8196,305.92252136579964,12492.848187265603
8197,306.1654600389986,12492.848187265603
8198,306.3407487938378,12492.848187265603
8199,306.397619240077,12492.848187265603
8200,306.3978454150749,12492.848187265603
8201,306.326798731582,12492.848187265603
8202,306.2701254763809,12492.848187265603
8203,306.2800862726459,12492.848187265603
8204,306.2386450326969,12492.848187265603
8205,306.18988248577386,12492.848187265603
8206,306.1668382219724,12492.848187265603
8207,306.1794140397962,12492.848187265603
8208,306.21519924297723,12492.848187265603
8209,306.2649524263403,12492.848187265603
8210,306.323676269155,11357.134715696002
8211,305.5557308091691,10221.4212441264
8212,304.77973000622876,9085.707772556803
8213,304.0433474306112,7949.994300987201
8214,303.2583656031821,6814.280829417601
8215,302.39462843410934,5678.567357848002
8216,301.4925685490047,4542.853886278402
8217,300.5562049408809,3407.1404147088006
8218,299.5942594832111,2271.4269431392
8219,298.6078784424427,1135.7134715695993
8220,297.5990382299908,0.0
8221,296.5604032881981,0.0
8222,296.3472778120922,0.0
8223,296.1671044022985,0.0
8224,296.0130377185186,0.0
8225,295.88257632553587,0.0
8226,295.7640584596941,0.0
8227,295.65702525595805,0.0
8228,295.5600186781007,0.0
8229,295.46546716340976,0.0
8230,295.37359900082083,0.0
8231,295.27015133499015,0.0
8232,295.14886971557723,0.0
8233,295.02645771753527,0.0
8234,294.910911796075,0.0
8235,294.808856563615,0.0
8236,294.7190574217194,0.0
8237,294.62732657067227,0.0
8238,294.51857993071843,0.0
8239,294.40630972658784,0.0
8240,294.30982020440445,0.0
8241,294.2384189421313,0.0
8242,294.17588156073776,0.0
8243,294.1159857191281,0.0
8244,294.0556702618546,0.0
8245,293.99351060062054,0.0
8246,293.93078246428365,0.0
8247,293.86766350647014,0.0
8248,293.8038415880546,0.0
8249,293.7350303872025,0.0
8250,293.6550914732453,0.0
8251,293.5698284196225,0.0
8252,293.48805383490463,0.0
8253,293.4204543055241,0.0
8254,293.37095005019535,0.0
8255,293.3282683967553,0.0
8256,293.27826779908736,0.0
8257,293.20684959589084,0.0
8258,293.1142415589425,0.0
8259,293.01659104516386,0.0
8260,292.9327020244855,0.0
8261,292.87044081801537,0.0
8262,292.8127238364937,0.0
8263,292.75547907968667,0.0
8264,292.69841691768414,0.0
8265,292.6414947223185,0.0
8266,292.58469133606565,0.0
8267,292.5279925193583,0.0
8268,292.47138961087074,1041.0706822721336
8269,293.2031423607539,2082.141364544267
8270,293.99469255147085,3123.2120468164007
8271,294.8016591289856,4164.282729088534
8272,295.63254423030673,5205.353411360667
8273,296.4927698828473,6246.4240936328015
8274,297.37059310230745,7287.494775904934
8275,298.26151870933234,8328.565458177069
8276,299.16277965980873,9369.636140449202
8277,300.0738002008008,10410.706822721335
8278,300.9947717911548,11451.777504993468
8279,301.92760484680457,12492.848187265603
8280,302.8769742775393,12492.848187265603
8281,303.0587792591814,12492.848187265603
8282,303.1824460675219,12492.848187265603
8283,303.4173292810047,12492.848187265603
8284,303.71447082364284,12492.848187265603
8285,304.0172518540659,12492.848187265603
8286,304.335977482222,12492.848187265603
8287,304.6875373256648,12492.848187265603
8288,305.0399964620643,12492.848187265603
8289,305.39593446598565,12492.848187265603
8290,305.808567663577,12492.848187265603
8291,306.20809181773245,12492.848187265603
8292,306.53876984929667,12492.848187265603
8293,306.80043486162856,12492.848187265603
8294,307.0361927429943,12492.848187265603
8295,307.2593908549348,12492.848187265603
8296,307.4641234972346,12492.848187265603
8297,307.65070935898495,12492.848187265603
8298,307.82250394567484,12492.848187265603
8299,307.98859740523005,12492.848187265603
8300,308.14311772446734,12492.848187265603
8301,308.28959414213375,12492.848187265603
8302,308.4304536086175,12492.848187265603
8303,308.5617090649033,12492.848187265603
8304,308.69930877532306,12492.848187265603
8305,308.82219880020557,12492.848187265603
8306,308.91462473758685,12492.848187265603
8307,309.0100921590996,12492.848187265603
8308,309.1109884644696,12492.848187265603
8309,309.1962306531386,12492.848187265603
8310,309.2726827525496,12492.848187265603
8311,309.35602981987176,12492.848187265603
8312,309.4184063316417,12492.848187265603
8313,309.4102293553272,12492.848187265603
8314,309.410850998177,12492.848187265603
8315,309.38913199044686,11451.777504993468
8316,308.5164551126346,10410.706822721337
8317,307.578303145675,9369.636140449202
8318,306.6134103633341,8328.56545817707
8319,305.59668630779896,7287.4947759049355
8320,304.5943868890236,6246.4240936328015
8321,303.5796171052265,5205.353411360669
8322,302.55444646145946,4164.282729088535
8323,301.518039400816,3123.2120468164007
8324,300.4709220469133,2082.141364544268
8325,299.4178015829526,1041.070682272134
8326,298.36168051867793,0.0
8327,297.3061643795853,0.0
8328,297.0482919234833,0.0
8329,296.874847478704,0.0
8330,296.73892988014177,0.0
8331,296.6267404062121,0.0
8332,296.5237736058247,0.0
8333,296.42298591332565,0.0
8334,296.3276432236759,0.0
8335,296.23669828878195,0.0
8336,296.1474864741963,0.0
8337,296.05399824317107,0.0
8338,295.95064464460387,0.0
8339,295.8454459301505,0.0
8340,295.74932379581765,0.0
8341,295.6681339934704,0.0
8342,295.5938512721409,0.0
8343,295.52225009790317,0.0
8344,295.45060891987083,0.0
8345,295.37671343016893,0.0
8346,295.30114329674643,0.0
8347,295.22651057522125,2498.569637453121
8348,297.0616369540319,4997.139274906242
8349,299.0786235053152,7495.708912359363
8350,301.1455659775025,9994.278549812483
8351,303.24892164249746,12492.848187265603
8352,305.3852677280285,12492.848187265603
8353,305.64620829434904,12492.848187265603
8354,305.75894449926886,12492.848187265603
8355,305.85016402406126,12492.848187265603
8356,305.9310233090574,12492.848187265603
8357,306.005614460728,12492.848187265603
8358,306.07820667498925,12492.848187265603
8359,306.14764500937247,12492.848187265603
8360,306.21147870656455,12492.848187265603
8361,306.26825904941757,12492.848187265603
8362,306.3196548800214,12492.848187265603
8363,306.36583829140227,12492.848187265603
8364,306.40638075321135,12492.848187265603
8365,306.44006468135126,12492.848187265603
8366,306.466601261901,12492.848187265603
8367,306.4888592043703,12492.848187265603
8368,306.51037745192707,12492.848187265603
8369,306.5331812345216,12492.848187265603
8370,306.5556286840447,12492.848187265603
8371,306.5774063889048,12492.848187265603
8372,306.59866512095016,12492.848187265603
8373,306.61905683232254,12492.848187265603
8374,306.6386151563818,12492.848187265603
8375,306.659723925049,12492.848187265603
8376,306.68519414536627,12492.848187265603
8377,306.71575364498347,12492.848187265603
8378,306.75747113304374,12492.848187265603
8379,306.81917744931053,12492.848187265603
8380,306.89902903928964,12492.848187265603
8381,306.9961197285237,12492.848187265603
8382,307.0989227839105,12492.848187265603
8383,307.201597497606,12492.848187265603
8384,307.3082855201699,12492.848187265603
8385,307.41734714862184,12492.848187265603
8386,307.5245286369868,12492.848187265603
8387,307.6299396141296,12492.848187265603
8388,307.73520062342726,12492.848187265603
8389,307.8435492548954,12492.848187265603
8390,307.97490384480113,12492.848187265603
8391,308.09185355890594,12492.848187265603
8392,308.1920147866509,12492.848187265603
8393,308.2892388399767,9994.278549812483
8394,306.4838135114732,7495.708912359361
8395,304.5452165987092,4997.13927490624
8396,302.6949942636088,2498.56963745312
8397,300.8471557698806,0.0
8398,298.9216178187684,0.0
8399,298.7441297482285,0.0
8400,298.5401201656453,0.0
8401,298.2749591144973,0.0
8402,298.0643505483578,0.0
8403,298.0002065570279,0.0
8404,298.0348710012386,0.0
8405,298.1238257250763,0.0
8406,298.1861915592477,0.0
8407,298.2032178307259,0.0
8408,298.19875227110975,0.0
8409,298.1496779155355,0.0
8410,298.0987119001645,0.0
8411,298.05122388496403,0.0
8412,298.0129261968125,0.0
8413,297.9687831772479,2498.569637453121
8414,299.7903275992312,4997.139274906242
8415,301.7711354124762,7495.708912359363
8416,303.7904932452464,9994.278549812483
8417,305.8382729826037,12492.848187265603
8418,307.91221629975246,12492.848187265603
8419,308.10922476816563,12492.848187265603
8420,308.16139059168404,12492.848187265603
8421,308.1992702843546,12492.848187265603
8422,308.23419770121507,12492.848187265603
8423,308.25029417788295,12492.848187265603
8424,308.22865348169523,12492.848187265603
8425,308.17561053094556,12492.848187265603
8426,308.14033434389285,12492.848187265603
8427,308.15662621290136,12492.848187265603
8428,308.1797743968314,12492.848187265603
8429,308.18507731111083,12492.848187265603
8430,308.14972017199284,12492.848187265603
8431,308.0986766844441,12492.848187265603
8432,308.06851989803,12492.848187265603
8433,308.0772224701754,12492.848187265603
8434,308.09643262374675,12492.848187265603
8435,308.1188330191716,12492.848187265603
8436,308.1431283385926,12492.848187265603
8437,308.1694242592008,12492.848187265603
8438,308.1982624807556,12492.848187265603
8439,308.22718283543367,12492.848187265603
8440,308.25306373760867,12492.848187265603
8441,308.2644526441315,12492.848187265603
8442,308.24858876821554,9994.278549812483
8443,306.31658926641796,7495.708912359361
8444,304.2202990503423,4997.13927490624
8445,302.1050017448478,2498.56963745312
8446,299.9737924025223,0.0
8447,297.816639131268,0.0
8448,297.528733749366,0.0
8449,297.3738278889905,0.0
8450,297.231033716537,0.0
8451,297.0975533137191,0.0
8452,296.979922225295,0.0
8453,296.880971332738,0.0
8454,296.79282141325905,0.0
8455,296.71148475274697,0.0
8456,296.6344632892363,0.0
8457,296.5606514274191,0.0
8458,296.4907433872338,0.0
8459,296.4228818988648,0.0
8460,296.3547278924091,0.0
8461,296.2816762839192,0.0
8462,296.1999813440929,0.0
8463,296.11490603371067,0.0
8464,296.0335601894033,0.0
8465,295.95951191578206,0.0
8466,295.8884292321947,0.0
8467,295.819537634273,960.9883220973542
8468,296.4864482008325,1921.9766441947083
8469,297.2252798829718,2882.9649662920624
8470,297.9855818806482,3843.9532883894167
8471,298.7611858149016,4804.9416104867705
8472,299.5494528334787,5765.929932584125
8473,300.3502306259515,6726.91825468148
8474,301.180673146059,7687.906576778833
8475,302.04368805962616,8648.894898876186
8476,302.93057710798786,9609.883220973541
8477,303.8309144276299,10570.871543070896
8478,304.74194171337354,11531.85986516825
8479,305.66622055977393,12492.848187265603
8480,306.608650100108,12492.848187265603
8481,306.8370996210479,12492.848187265603
8482,307.0150389863974,12492.848187265603
8483,307.1552684817541,12492.848187265603
8484,307.29023845256216,12492.848187265603
8485,307.431416875986,12492.848187265603
8486,307.5751194927004,12492.848187265603
8487,307.7149385463494,12492.848187265603
8488,307.8345547673651,12492.848187265603
8489,307.91616501635593,12492.848187265603
8490,308.02793133580536,12492.848187265603
8491,308.21369031743666,12492.848187265603
8492,308.49273523732063,12492.848187265603
8493,308.80459740978296,12492.848187265603
8494,309.0624719157238,12492.848187265603
8495,309.2910093059165,12492.848187265603
8496,309.4530440363715,12492.848187265603
8497,309.5874697848009,12492.848187265603
8498,309.72400889679295,12492.848187265603
8499,309.8691151010916,12492.848187265603
8500,310.0054928517854,12492.848187265603
8501,310.12420607795667,12492.848187265603
8502,310.21610169703115,12492.848187265603
8503,310.2596801258706,12492.848187265603
8504,310.189243535764,12492.848187265603
8505,310.11965223194636,12492.848187265603
8506,310.0673838571793,12492.848187265603
8507,310.14489528452884,12492.848187265603
8508,310.2506045949876,12492.848187265603
8509,310.4005341773908,12492.848187265603
8510,310.50113613186704,12492.848187265603
8511,310.564811596923,12492.848187265603
8512,310.59506528336465,12492.848187265603
8513,310.5911978109383,12492.848187265603
8514,310.56942360035424,12492.848187265603
8515,310.50049363430526,12492.848187265603
8516,310.3343167909849,12492.848187265603
8517,310.0934301356857,12492.848187265603
8518,309.8916904999675,12492.848187265603
8519,309.79202109936733,12492.848187265603
8520,309.7066988784647,12492.848187265603
8521,309.6196197635834,12492.848187265603
8522,309.5698077978709,11531.85986516825
8523,308.8145781973408,10570.871543070894
8524,308.0057901640902,9609.88322097354
8525,307.1814030352841,8648.894898876186
8526,306.34441331909636,7687.906576778833
8527,305.4959162760422,6726.918254681478
8528,304.63612677514493,5765.929932584123
8529,303.76257009855084,4804.94161048677
8530,302.86996301528177,3843.9532883894167
8531,301.96416527749153,2882.9649662920615
8532,301.05369362493065,1921.976644194707
8533,300.14378839102187,960.9883220973535
8534,299.23139870527797,0.0
8535,298.314826446486,0.0
8536,298.127267099157,0.0
8537,298.00155878188957,0.0
8538,297.88799169460754,0.0
8539,297.78308852221636,0.0
8540,297.68824202504265,0.0
8541,297.60311413296773,0.0
8542,297.523589574548,0.0
8543,297.448221225289,0.0
8544,297.37659600328504,0.0
8545,297.30841420040133,0.0
8546,297.2432753190375,0.0
8547,297.18090690223494,0.0
8548,297.1210787862452,0.0
8549,297.0599712353439,0.0
8550,296.99213276102324,0.0
8551,296.9229470427643,0.0
8552,296.8598509384904,0.0
8553,296.80723811974855,0.0
8554,296.7598963682276,0.0
8555,296.71594887531546,0.0
8556,296.67460977028935,0.0
8557,296.6356722642659,0.0
8558,296.59945807447076,0.0
8559,296.56536793298636,0.0
8560,296.5325003801188,0.0
8561,296.4969544285599,0.0
8562,296.4539464474818,0.0
8563,296.40771627293765,0.0
8564,296.364829713639,0.0
8565,296.35118487631183,0.0
8566,296.3972726689984,0.0
8567,296.4692013466573,0.0
8568,296.5223547021533,1784.6925981808004
8569,297.8760282131396,3569.3851963616007
8570,299.2886218126996,5354.077794542401
8571,300.76379977269136,7138.770392723201
8572,302.41772939900824,8923.462990904001
8573,304.22098716025016,10708.155589084801
8574,306.0365871840593,12492.848187265603
8575,307.84181627957634,12492.848187265603
8576,308.3026315821329,12492.848187265603
8577,308.6228266720232,12492.848187265603
8578,308.93643111786537,12492.848187265603
8579,309.2295667118223,12492.848187265603
8580,309.42658876729433,12492.848187265603
8581,309.5199160093116,12492.848187265603
8582,309.6392021172641,12492.848187265603
8583,309.8140668078479,12492.848187265603
8584,309.98921064674767,12492.848187265603
8585,310.15194311102323,12492.848187265603
8586,310.3014660797215,12492.848187265603
8587,310.49574547821294,12492.848187265603
8588,310.6573019273984,12492.848187265603
8589,310.81011133983424,12492.848187265603
8590,310.9394715911729,12492.848187265603
8591,311.03973160008394,12492.848187265603
8592,311.1306213021068,12492.848187265603
8593,311.25137308329994,12492.848187265603
8594,311.399022963916,12492.848187265603
8595,311.5778507490854,12492.848187265603
8596,311.75861320398036,12492.848187265603
8597,311.9290941979409,12492.848187265603
8598,312.1031277424285,12492.848187265603
8599,312.26401991222104,12492.848187265603
8600,312.37668658179786,12492.848187265603
8601,312.44943056080217,12492.848187265603
8602,312.490181993267,12492.848187265603
8603,312.57827986358006,12492.848187265603
8604,312.7108524184902,12492.848187265603
8605,312.8114170902694,10708.155589084803
8606,311.5113790706936,8923.462990904003
8607,310.0462197856177,7138.770392723201
8608,308.5260993998563,5354.0777945424015
8609,306.95488525074813,3569.385196361602
8610,305.2952865751586,1784.692598180801
8611,303.6114659114555,0.0
8612,301.8936178137452,0.0
8613,301.49256709383565,0.0
8614,301.2104913826124,0.0
8615,300.96167957339634,0.0
8616,300.67033734743654,0.0
8617,300.385846529369,0.0
8618,300.1531825276651,0.0
8619,300.00390595482213,0.0
8620,299.88040628035833,0.0
8621,299.76833313340654,0.0
8622,299.6645707902946,0.0
8623,299.56706934709734,0.0
8624,299.4737166911164,0.0
8625,299.38312417775455,0.0
8626,299.29423655471885,0.0
8627,299.20683474970116,1135.7134715696004
8628,299.9870413493212,2271.426943139201
8629,300.84928283434317,3407.1404147088006
8630,301.73436502596485,4542.853886278402
8631,302.6359764050993,5678.567357848002
8632,303.5529391198686,6814.280829417601
8633,304.4838114854554,7949.994300987201
8634,305.42678830288185,9085.707772556803
8635,306.3808139225382,10221.421244126403
8636,307.3448424334556,11357.134715696004
8637,308.317573022574,12492.848187265603
8638,309.29917392109473,12492.848187265603
8639,309.42330185504056,12492.848187265603
8640,309.4768907222915,12492.848187265603
8641,309.518344765951,12492.848187265603
8642,309.55266663477016,12492.848187265603
8643,309.5809240329295,12492.848187265603
8644,309.6038919962044,12492.848187265603
8645,309.6225492296525,12492.848187265603
8646,309.638235862331,12492.848187265603
8647,309.65129158064894,12492.848187265603
8648,309.66185826935134,12492.848187265603
8649,309.6704962627143,12492.848187265603
8650,309.6785621184863,12492.848187265603
8651,309.68663903249524,12492.848187265603
8652,309.69503151171324,12492.848187265603
8653,309.7037073224279,12492.848187265603
8654,309.71238245833797,12492.848187265603
8655,309.7215928295992,12492.848187265603
8656,309.73213869911723,12492.848187265603
8657,309.7438785073449,12492.848187265603
8658,309.75501680996314,12492.848187265603
8659,309.7653259720113,12492.848187265603
8660,309.7748542463395,12492.848187265603
8661,309.7836619938678,12492.848187265603
8662,309.7918091999446,12492.848187265603
8663,309.8012055101105,12492.848187265603
8664,309.8168096132213,12492.848187265603
8665,309.8481368592539,12492.848187265603
8666,309.91155048903084,12492.848187265603
8667,310.0369545893873,12492.848187265603
8668,310.2595122337422,12492.848187265603
8669,310.50946164372743,12492.848187265603
8670,310.7534688022072,11357.134715696002
8671,310.0348197521569,10221.4212441264
8672,309.2572676367256,9085.707772556803
8673,308.4643234156628,7949.994300987201
8674,307.6549341609215,6814.280829417601
8675,306.78407691786396,5678.567357848002
8676,305.8738953580973,4542.853886278402
8677,304.94003862747957,3407.1404147088006
8678,303.98947596531997,2271.4269431392
8679,303.0214307270743,1135.7134715695993
8680,302.0887339117317,0.0
8681,301.1374643362812,0.0
8682,301.02997781771916,0.0
8683,300.9411674439461,0.0
8684,300.7655878853543,0.0
8685,300.5557927095441,0.0
8686,300.41464612243067,0.0
8687,300.3916240364531,0.0
8688,300.47468114249534,0.0
8689,300.6048700846883,0.0
8690,300.68055837378023,0.0
8691,300.68015493404175,0.0
8692,300.6652692697346,0.0
8693,300.65351081191903,0.0
8694,300.6471268038017,0.0
8695,300.6395928533771,0.0
8696,300.6241065465205,892.3462990904002
8697,301.2511525310021,1784.6925981808004
8698,301.9419288718625,2677.0388972712003
8699,302.65264620766675,3569.3851963616007
8700,303.3650416250275,4461.731495452001
8701,304.08289534353804,5354.077794542401
8702,304.8116683397324,6246.4240936328015
8703,305.56739177134074,7138.770392723201
8704,306.4009024161876,8031.116691813601
8705,307.22395305017955,8923.462990904001
8706,308.0395122786365,9815.809289994402
8707,308.8124900563607,10708.155589084801
8708,309.5232274773116,11600.501888175202
8709,310.20052301378286,12492.848187265603
8710,310.8997079690678,12492.848187265603
8711,310.97633899248297,12492.848187265603
8712,310.9934918172845,12492.848187265603
8713,310.9929218208294,12492.848187265603
8714,310.993724122248,12492.848187265603
8715,310.9990763937533,12492.848187265603
8716,311.0019051933969,12492.848187265603
8717,311.0017120741095,12492.848187265603
8718,310.99936759517453,12492.848187265603
8719,310.9949824422404,12492.848187265603
8720,310.9872166604915,12492.848187265603
8721,310.98298308788384,12492.848187265603
8722,310.99546246153955,12492.848187265603
8723,311.01848054813803,12492.848187265603
8724,311.04169650635276,12492.848187265603
8725,311.0585935861177,12492.848187265603
8726,311.073554556935,12492.848187265603
8727,311.08720471169636,12492.848187265603
8728,311.0990700745785,12492.848187265603
8729,311.10427402507685,12492.848187265603
8730,311.0960441150604,11600.501888175204
8731,310.40048844001404,10708.155589084803
8732,309.644928088544,9815.809289994402
8733,308.8984114755959,8923.462990904003
8734,308.18652723476634,8031.116691813602
8735,307.480207314723,7138.770392723201
8736,306.7395420639618,6246.4240936328015
8737,305.938069011312,5354.0777945424015
8738,305.0962974506556,4461.731495452002
8739,304.23519755779824,3569.385196361602
8740,303.37435003962156,2677.0388972712008
8741,302.52294530328345,1784.692598180801
8742,301.668589221617,892.3462990904012
8743,300.8105739800641,0.0
8744,299.9526601814478,0.0
8745,299.7759134008684,0.0
8746,299.6596936110083,0.0
8747,299.5611417854961,0.0
8748,299.4799655690071,0.0
8749,299.4155527631158,0.0
8750,299.35985958746045,0.0
8751,299.31007870711034,0.0
8752,299.26463508162766,0.0
8753,299.2235544930506,0.0
8754,299.18741636718494,0.0
8755,299.1536102288817,0.0
8756,299.1189285610354,0.0
8757,299.07837404041084,0.0
8758,299.02843603563394,0.0
8759,298.97350448244487,1249.2848187265604
8760,299.87544091669855,2498.569637453121
8761,300.87985770106775,3747.8544561796816
8762,301.92746307587663,4997.139274906242
8763,303.0278651051807,6246.4240936328015
8764,304.18700741994314,7495.708912359363
8765,305.38224365224767,8744.993731085922
8766,306.6179155632685,9994.278549812483
8767,307.876028218636,11243.563368539042
8768,309.13922621113306,12492.848187265603
8769,310.415810496501,12492.848187265603
8770,310.758581557325,12492.848187265603
8771,311.02735745092355,12492.848187265603
8772,311.35546714462424,12492.848187265603
8773,311.7432968370942,12492.848187265603
8774,312.0876761016756,12492.848187265603
8775,312.4237245209226,12492.848187265603
8776,312.66416161817637,12492.848187265603
8777,312.8825645227804,12492.848187265603
8778,313.0621309206303,12492.848187265603
8779,313.2131871830573,12492.848187265603
8780,313.32506849563447,12492.848187265603
8781,313.39388458480056,12492.848187265603
8782,313.46617003852293,12492.848187265603
8783,313.5484401513374,12492.848187265603
8784,313.6459135577624,12492.848187265603
8785,313.7449860883688,12492.848187265603
8786,313.850569311268,12492.848187265603
8787,313.9681226432526,12492.848187265603
8788,314.0889832447475,12492.848187265603
8789,314.21166019818224,12492.848187265603
8790,314.3347567082553,12492.848187265603
8791,314.45659245382296,12492.848187265603
8792,314.57219098708805,12492.848187265603
8793,314.68131199336534,12492.848187265603
8794,314.78081914023244,12492.848187265603
8795,314.83686667391464,11243.563368539042
8796,313.8833825272224,9994.278549812483
8797,312.76991838669477,8744.993731085922
8798,311.6587802547464,7495.708912359361
8799,310.5819636907406,6246.4240936328015
8800,309.5586132671013,4997.13927490624
8801,308.5727050151275,3747.8544561796803
8802,307.4919915766768,2498.56963745312
8803,306.29749772445945,1249.28481872656
8804,305.0467663947709,0.0
8805,303.73301997310193,0.0
8806,303.39765633171544,0.0
8807,303.13517805348255,0.0
8808,302.82757366271454,0.0
8809,302.5205388734598,0.0
8810,302.2463111513347,0.0
8811,302.04668943225744,0.0
8812,301.8785596890585,0.0
8813,301.725614314086,0.0
8814,301.58027624513187,0.0
8815,301.44073001794015,0.0
8816,301.30854539075403,0.0
8817,301.1897236244696,0.0
8818,301.09102358685215,0.0
8819,301.00720155280305,0.0
8820,300.9304570955881,0.0
8821,300.85635777139686,0.0
8822,300.78723690733665,0.0
8823,300.72003695143377,0.0
8824,300.6500978953358,0.0
8825,300.5748348788984,0.0
8826,300.49727611519455,0.0
8827,300.4193103786846,0.0
8828,300.3422506558257,0.0
8829,300.2682481639003,0.0
8830,300.1984236352143,0.0
8831,300.1294268894878,0.0
8832,300.05703704365607,6246.4240936328015
8833,304.73354573453724,12492.848187265603
8834,309.82329716134905,12492.848187265603
8835,310.2526731397862,12492.848187265603
8836,310.3313462192466,12492.848187265603
8837,310.3842636184266,12492.848187265603
8838,310.4279104093989,12492.848187265603
8839,310.46360698836037,12492.848187265603
8840,310.49304972612276,12492.848187265603
8841,310.5191985071888,12492.848187265603
8842,310.5478524531362,12492.848187265603
8843,310.5830669864335,12492.848187265603
8844,310.62831940237476,12492.848187265603
8845,310.69074822584327,12492.848187265603
8846,310.7751272124847,12492.848187265603
8847,310.86934029625627,12492.848187265603
8848,310.9575852573262,12492.848187265603
8849,311.02953882824437,12492.848187265603
8850,311.09005987296354,12492.848187265603
8851,311.1394506832796,12492.848187265603
8852,311.17635507498164,12492.848187265603
8853,311.1812418117321,12492.848187265603
8854,311.12809199597274,12492.848187265603
8855,311.0544427428458,6246.4240936328015
8856,306.2548160058767,0.0
8857,301.0774262948742,0.0
8858,300.61483983703704,0.0
8859,300.60338954038997,0.0
8860,300.7110460705062,0.0
8861,300.85964737784246,0.0
8862,301.025745246988,0.0
8863,301.22698070890823,0.0
8864,301.3966183278997,0.0
8865,301.55010736525253,0.0
8866,301.74047807647344,0.0
8867,301.899056766359,0.0
8868,302.0320577369446,0.0
8869,302.1399534491861,0.0
8870,302.22839394400114,0.0
8871,302.2967096052497,0.0
8872,302.3506862944846,0.0
8873,302.3843353508709,0.0
8874,302.39350541017194,0.0
8875,302.38082774924067,0.0
8876,302.35421772853033,0.0
8877,302.3283829323183,6246.4240936328015
8878,307.07447870425955,12492.848187265603
8879,312.2740905587837,12492.848187265603
8880,312.83115899250555,12492.848187265603
8881,313.03373718802527,12492.848187265603
8882,313.22188001255086,12492.848187265603
8883,313.4281229564484,12492.848187265603
8884,313.6376578229829,12492.848187265603
8885,313.84780123978504,12492.848187265603
8886,314.0578607273238,12492.848187265603
8887,314.2531380304174,12492.848187265603
8888,314.42091186525977,12492.848187265603
8889,314.5667813935442,12492.848187265603
8890,314.7042814095758,12492.848187265603
8891,314.84913617267716,12492.848187265603
8892,314.9743056069029,12492.848187265603
8893,315.0631201238407,12492.848187265603
8894,315.11990595925505,12492.848187265603
8895,315.1438345857122,12492.848187265603
8896,315.14886356279766,12492.848187265603
8897,315.12752321224957,12492.848187265603
8898,315.075679384389,12492.848187265603
8899,314.9703585738768,12492.848187265603
8900,314.8721868172549,12492.848187265603
8901,314.76414061223926,12492.848187265603
8902,314.64912089765073,12492.848187265603
8903,314.4861546232058,12492.848187265603
8904,314.32230150360243,12492.848187265603
8905,314.141634147179,12492.848187265603
8906,314.0029100202547,12492.848187265603
8907,313.9551418136692,12492.848187265603
8908,313.92580196422784,6246.4240936328015
8909,309.12227129305927,0.0
8910,303.83975096778704,0.0
8911,303.1858079348656,0.0
8912,302.9009164401638,0.0
8913,302.688069525287,0.0
8914,302.5015901988076,0.0
8915,302.3339492826348,0.0
8916,302.1842896526226,0.0
8917,302.05235028751594,0.0
8918,301.9344921073997,0.0
8919,301.8240083616048,0.0
8920,301.71361331106164,0.0
8921,301.59761898394015,0.0
8922,301.4776832608855,0.0
8923,301.3586505711442,4164.282729088534
8924,304.4212837879335,8328.565458177069
8925,307.7905658612075,12492.848187265603
8926,311.2512805589145,12492.848187265603
8927,311.59989587114774,12492.848187265603
8928,311.7030964263509,12492.848187265603
8929,311.7660731038453,12492.848187265603
8930,311.80964823102914,12492.848187265603
8931,311.84193127063094,12492.848187265603
8932,311.86992688311665,12492.848187265603
8933,311.89741356479783,12492.848187265603
8934,311.9215780718021,12492.848187265603
8935,311.94144289337635,12492.848187265603
8936,311.9566043606273,12492.848187265603
8937,311.9660544006058,12492.848187265603
8938,311.96939888116805,12492.848187265603
8939,311.96913184441246,12492.848187265603
8940,311.96830972923664,12492.848187265603
8941,311.9727218092215,12492.848187265603
8942,311.9870734024844,12492.848187265603
8943,312.0046322043818,12492.848187265603
8944,312.0162711510334,12492.848187265603
8945,312.017519678572,8328.56545817707
8946,308.83911686755977,4164.282729088535
8947,305.36409143876136,0.0
8948,301.8075607138402,0.0
8949,301.3661430105568,0.0
8950,301.16478337853147,0.0
8951,300.99687262521854,0.0
8952,300.85482572333103,0.0
8953,300.7547082434141,0.0
8954,300.73475458151955,0.0
8955,300.7642048571229,0.0
8956,300.86850665319116,0.0
8957,300.97735765138333,0.0
8958,301.0959289484981,0.0
8959,301.22058893448485,0.0
8960,301.3949758185082,0.0
8961,301.5719474496224,0.0
8962,301.77159310034455,0.0
8963,301.96242560477566,0.0
8964,302.0814336569243,0.0
8965,302.0854198786112,0.0
8966,302.1143317542316,0.0
8967,302.17027344644697,0.0
8968,302.25103920953546,0.0
8969,302.3351034540728,0.0
8970,302.3989780533064,0.0
8971,302.41343679654517,0.0
8972,302.3617212015555,2498.569637453121
8973,304.184378479524,4997.139274906242
8974,306.20998159279884,7495.708912359363
8975,308.34016710852933,9994.278549812483
8976,310.5147432908319,12492.848187265603
8977,312.73176492935676,12492.848187265603
8978,313.1029884077805,12492.848187265603
8979,313.3516927190406,12492.848187265603
8980,313.6258577708434,12492.848187265603
8981,313.90839296836026,12492.848187265603
8982,314.14690844827214,12492.848187265603
8983,314.3344793761743,12492.848187265603
8984,314.4817524703962,12492.848187265603
8985,314.6023757735175,12492.848187265603
8986,314.70930975737394,12492.848187265603
8987,314.8084806452532,12492.848187265603
8988,314.8885416438005,12492.848187265603
8989,314.91845023982955,12492.848187265603
8990,314.9561014294789,12492.848187265603
8991,315.0107528034125,12492.848187265603
8992,315.1261519726485,12492.848187265603
8993,315.21034651804075,12492.848187265603
8994,315.27897807291765,12492.848187265603
8995,315.33134501298895,12492.848187265603
8996,315.3302991455185,12492.848187265603
8997,315.30422155559637,12492.848187265603
8998,315.2509958599466,12492.848187265603
8999,315.16436005714866,12492.848187265603
9000,315.0256773376209,12492.848187265603
9001,314.87239074472814,9994.278549812483
9002,312.83597139728835,7495.708912359361
9003,310.6924109465827,4997.13927490624
9004,308.5147390773219,2498.56963745312
9005,306.2974852202919,0.0
9006,304.0304724938343,0.0
9007,303.6364765282572,0.0
9008,303.40957048384337,0.0
9009,303.23368866252093,0.0
9010,303.0795046144247,0.0
9011,302.9385537600157,0.0
9012,302.8070633582176,0.0
9013,302.68190093398647,0.0
9014,302.5617164391338,0.0
9015,302.4465156662645,0.0
9016,302.33676267766816,0.0
9017,302.2367384690073,0.0
9018,302.1509876148977,0.0
9019,302.0705256400351,0.0
9020,301.9833370074187,0.0
9021,301.8842016395759,0.0
9022,301.7835011458454,0.0
9023,301.6834195939786,0.0
9024,301.5839756147508,0.0
9025,301.4850506897161,0.0
9026,301.38650948578663,0.0
9027,301.28824393600337,0.0
9028,301.1901541398262,0.0
9029,301.10284553553277,0.0
9030,301.04297587398906,0.0
9031,300.99444743148587,0.0
9032,300.9338416559398,0.0
9033,300.8484092488044,0.0
9034,300.75310285543196,0.0
9035,300.65519068319884,0.0
9036,300.5590496050566,0.0
9037,300.46630714022086,0.0
9038,300.3742560867059,0.0
9039,300.28357731536875,0.0
9040,300.1962247954034,0.0
9041,300.115038938326,0.0
9042,300.04130780273636,0.0
9043,299.9709846973024,892.3462990904002
9044,300.57974598455417,1784.6925981808004
9045,301.24655120400115,2677.0388972712003
9046,301.92753075047386,3569.3851963616007
9047,302.62371513807307,4461.731495452001
9048,303.34728721745535,5354.077794542401
9049,304.09665046061855,6246.4240936328015
9050,304.8710795635499,7138.770392723201
9051,305.7762038730069,8031.116691813601
9052,306.7403118550578,8923.462990904001
9053,307.78369992576773,9815.809289994402
9054,308.88524948724506,10708.155589084801
9055,310.0202360688838,11600.501888175202
9056,311.1937069518831,12492.848187265603
9057,312.29678404312585,12492.848187265603
9058,312.7153229728772,12492.848187265603
9059,313.099075581168,12492.848187265603
9060,313.4142837487303,12492.848187265603
9061,313.6817492349395,12492.848187265603
9062,313.9212415582317,12492.848187265603
9063,314.1331376861607,12492.848187265603
9064,314.3195296075242,12492.848187265603
9065,314.4885758006753,12492.848187265603
9066,314.656049384937,12492.848187265603
9067,314.81401668223515,12492.848187265603
9068,314.9492228054812,12492.848187265603
9069,315.06099339672227,12492.848187265603
9070,315.1675668233976,12492.848187265603
9071,315.27990136819506,12492.848187265603
9072,315.3942468058811,12492.848187265603
9073,315.5012180055089,12492.848187265603
9074,315.59361545920643,12492.848187265603
9075,315.6816053814364,12492.848187265603
9076,315.738173998299,12492.848187265603
9077,315.7519885784325,12492.848187265603
9078,315.7315569068695,12492.848187265603
9079,315.7080895308232,12492.848187265603
9080,315.638889493462,12492.848187265603
9081,315.58873182394166,12492.848187265603
9082,315.5529039398606,12492.848187265603
9083,315.56726626192085,12492.848187265603
9084,315.59863458663796,12492.848187265603
9085,315.6327313110501,12492.848187265603
9086,315.6804596809618,12492.848187265603
9087,315.6858479178145,12492.848187265603
9088,315.6789941342861,12492.848187265603
9089,315.6832647256515,12492.848187265603
9090,315.7001052863982,12492.848187265603
9091,315.73484085094253,12492.848187265603
9092,315.8159491710627,12492.848187265603
9093,315.858149437858,12492.848187265603
9094,315.8728647693393,12492.848187265603
9095,315.80739223457135,12492.848187265603
9096,315.6667788342845,12492.848187265603
9097,315.5405059937566,12492.848187265603
9098,315.4402434210947,11600.501888175204
9099,314.7192995728825,10708.155589084803
9100,313.9501549119737,9815.809289994402
9101,313.1626887617796,8923.462990904003
9102,312.3552412071263,8031.116691813602
9103,311.53373893800654,7138.770392723201
9104,310.70711411894814,6246.4240936328015
9105,309.8823359940476,5354.0777945424015
9106,309.05649489025154,4461.731495452002
9107,308.2284427199108,3569.385196361602
9108,307.397306038061,2677.0388972712008
9109,306.5630420950236,1784.692598180801
9110,305.72530865678345,892.3462990904012
9111,304.88088428748733,0.0
9112,304.02608451634455,0.0
9113,303.83828181464327,0.0
9114,303.7007474196294,0.0
9115,303.57237378054407,0.0
9116,303.45380460549273,0.0
9117,303.34712298367134,0.0
9118,303.2482420839789,0.0
9119,303.15414652326365,0.0
9120,303.0626871815477,0.0
9121,302.97222482297,0.0
9122,302.8830092987407,0.0
9123,302.7949579484701,0.0
9124,302.70791116089765,0.0
9125,302.61726467741414,0.0
9126,302.51667242736744,0.0
9127,302.41351700312356,0.0
9128,302.318381994129,0.0
9129,302.238234733081,0.0
9130,302.16837902677196,0.0
9131,302.10522855660844,0.0
9132,302.0460047851491,0.0
9133,301.990554686975,1784.6925981808004
9134,303.3032353240094,3569.3851963616007
9135,304.74508397468776,5354.077794542401
9136,306.2189811966375,7138.770392723201
9137,307.704897966751,8923.462990904001
9138,309.19108468823555,10708.155589084801
9139,310.6905603459125,12492.848187265603
9140,312.222350480103,12492.848187265603
9141,312.4366749482734,12492.848187265603
9142,312.5568311187365,12492.848187265603
9143,312.6693584417061,12492.848187265603
9144,312.79909833806255,12492.848187265603
9145,312.94398318118925,12492.848187265603
9146,313.12679574476624,12492.848187265603
9147,313.31889981890504,12492.848187265603
9148,313.5892702953869,12492.848187265603
9149,313.86718513848126,12492.848187265603
9150,314.145216114151,12492.848187265603
9151,314.44016500734796,12492.848187265603
9152,314.69070593967626,12492.848187265603
9153,314.91791287147794,12492.848187265603
9154,315.14159595945875,12492.848187265603
9155,315.33534415585194,12492.848187265603
9156,315.4286532353982,12492.848187265603
9157,315.39343567410015,12492.848187265603
9158,315.34209796661685,12492.848187265603
9159,315.33553980041586,12492.848187265603
9160,315.3110909824143,12492.848187265603
9161,315.3239823508192,12492.848187265603
9162,315.33846436850376,12492.848187265603
9163,315.43671014274855,12492.848187265603
9164,315.63997692662133,12492.848187265603
9165,315.87542388731356,12492.848187265603
9166,316.0456519180216,10708.155589084803
9167,314.761126833358,8923.462990904003
9168,313.2636471240098,7138.770392723201
9169,311.71383084607055,5354.0777945424015
9170,310.15324150598565,3569.385196361602
9171,308.6186674957042,1784.692598180801
9172,307.0876143001461,0.0
9173,305.5378331261087,0.0
9174,305.32073867864324,0.0
9175,305.2054643166772,0.0
9176,305.098836569896,0.0
9177,304.9968349080712,0.0
9178,304.9038503117431,0.0
9179,304.8784217907397,0.0
9180,305.03578814123415,0.0
9181,305.24563422855044,0.0
9182,305.33680326622493,0.0
9183,305.25626817922824,0.0
9184,305.0750460534286,0.0
9185,304.8138359832392,0.0
9186,304.57829771675887,0.0
9187,304.3487719196814,0.0
9188,304.0619843442457,0.0
9189,303.7398577303406,0.0
9190,303.3481476037897,0.0
9191,302.9969810841758,0.0
9192,302.7354199292809,0.0
9193,302.5992544811304,12492.848187265603
9194,312.02429523656815,12492.848187265603
9195,312.8146681759618,12492.848187265603
9196,312.9638332826079,12492.848187265603
9197,313.054083419327,12492.848187265603
9198,313.13129891948614,12492.848187265603
9199,313.20096061038646,12492.848187265603
9200,313.26336945952323,12492.848187265603
9201,313.3197582311224,12492.848187265603
9202,313.3715356318579,12492.848187265603
9203,313.41982120129967,12492.848187265603
9204,313.4653405330637,12492.848187265603
9205,313.50961530553104,12492.848187265603
9206,313.5541374720477,12492.848187265603
9207,313.5975749454764,0.0
9208,304.10889723090355,0.0
9209,303.2591506105124,0.0
9210,303.05048394322637,0.0
9211,302.90045395068734,0.0
9212,302.76432266613057,0.0
9213,302.63485802427124,0.0
9214,302.50861753964267,0.0
9215,302.3869351342143,0.0
9216,302.2723367057599,0.0
9217,302.1680660196704,0.0
9218,302.0742366796197,0.0
9219,301.98580687786034,0.0
9220,301.8968580270667,0.0
9221,301.80210872445576,0.0
9222,301.7018547183849,0.0
9223,301.6005603354101,0.0
9224,301.50328391401064,0.0
9225,301.41233842557784,0.0
9226,301.3243640857474,0.0
9227,301.2400518795257,0.0
9228,301.1613927499288,0.0
9229,301.0891360153923,0.0
9230,301.0205302827426,0.0
9231,300.95392920873826,0.0
9232,300.8877847882883,0.0
9233,300.82143039049333,0.0
9234,300.7557920367357,0.0
9235,300.69114386592395,0.0
9236,300.6275989322956,0.0
9237,300.56525782802106,0.0
9238,300.5040939682404,0.0
9239,300.448164216863,0.0
9240,300.4106618933513,0.0
9241,300.3900481273333,0.0
9242,300.3970868348413,0.0
9243,300.47934337464727,0.0
9244,300.6513754763417,0.0
9245,300.87294089358863,0.0
9246,301.0785910777416,0.0
9247,301.2833545393314,0.0
9248,301.44079818153426,0.0
9249,301.6177984700882,12492.848187265603
9250,311.3022350588733,12492.848187265603
9251,312.3307969915443,12492.848187265603
9252,312.6894337388085,12492.848187265603
9253,312.96543870256994,12492.848187265603
9254,313.21466959722494,12492.848187265603
9255,313.44226385866176,12492.848187265603
9256,313.6363772211269,12492.848187265603
9257,313.7929498505123,12492.848187265603
9258,313.9128990502043,12492.848187265603
9259,314.0220476031868,12492.848187265603
9260,314.12475288623,12492.848187265603
9261,314.2280698429611,12492.848187265603
9262,314.3304665854786,12492.848187265603
9263,314.4448872529307,12492.848187265603
9264,314.57298157543175,12492.848187265603
9265,314.7019079983218,12492.848187265603
9266,314.8442560385615,12492.848187265603
9267,314.9942025340662,12492.848187265603
9268,315.1568522747591,12492.848187265603
9269,315.3264913104606,12492.848187265603
9270,315.4950787486366,12492.848187265603
9271,315.65308798409995,12492.848187265603
9272,315.7958994044491,12492.848187265603
9273,315.9231930372214,12492.848187265603
9274,316.0433375839638,12492.848187265603
9275,316.1644824872919,12492.848187265603
9276,316.28097046775537,12492.848187265603
9277,316.37526641627903,12492.848187265603
9278,316.4113189621119,0.0
9279,306.8626882860441,0.0
9280,305.9536295628204,0.0
9281,305.6459475230447,0.0
9282,305.40293076931226,0.0
9283,305.10558042190036,0.0
9284,304.826274282267,0.0
9285,304.5335434592079,0.0
9286,304.2227962708026,0.0
9287,303.91688265991843,0.0
9288,303.65094691032084,0.0
9289,303.3996523024434,0.0
9290,303.1794818064004,0.0
9291,302.98579690291496,0.0
9292,302.8132259667924,0.0
9293,302.6613875545097,0.0
9294,302.5231630573997,0.0
9295,302.3965799046906,0.0
9296,302.2817406316246,0.0
9297,302.1852656717017,0.0
9298,302.1124768416652,0.0
9299,302.0496268738739,0.0
9300,301.9789606107448,0.0
9301,301.8900149099225,0.0
9302,301.7932553616313,0.0
9303,301.69560356445237,0.0
9304,301.6021341178217,0.0
9305,301.5151550311378,0.0
9306,301.4310035177005,0.0
9307,301.34884098307765,0.0
9308,301.26889571455365,0.0
9309,301.19146791728804,0.0
9310,301.11721387304385,3123.2120468164007
9311,303.4285745853272,6246.4240936328015
9312,305.96512573441265,9369.636140449202
9313,308.5679994713287,12492.848187265603
9314,311.22564580192216,12492.848187265603
9315,311.5469785496562,12492.848187265603
9316,311.6831726977116,12492.848187265603
9317,311.78558749929533,12492.848187265603
9318,311.8656881820195,12492.848187265603
9319,311.93340751094746,12492.848187265603
9320,311.9994465871659,12492.848187265603
9321,312.0792723404827,12492.848187265603
9322,312.1812809033884,12492.848187265603
9323,312.28748393808763,12492.848187265603
9324,312.3745912525152,12492.848187265603
9325,312.43214080129013,12492.848187265603
9326,312.47995159877337,12492.848187265603
9327,312.5230091465761,12492.848187265603
9328,312.56203960137174,12492.848187265603
9329,312.59777703197994,12492.848187265603
9330,312.63114344453714,12492.848187265603
9331,312.66219682663893,12492.848187265603
9332,312.6906924696877,12492.848187265603
9333,312.7140740067386,12492.848187265603
9334,312.7293225976433,12492.848187265603
9335,312.7421686023871,12492.848187265603
9336,312.7620796858339,9369.636140449202
9337,310.41223745180577,6246.4240936328015
9338,307.8503744854023,3123.2120468164007
9339,305.2367164907782,0.0
9340,302.5834068867719,0.0
9341,302.2758981577151,0.0
9342,302.1551390429485,0.0
9343,302.06164619099917,0.0
9344,301.9822631244585,0.0
9345,301.9155795647837,0.0
9346,301.8609225747543,0.0
9347,301.81253430645074,0.0
9348,301.7642055925969,0.0
9349,301.7120632938513,0.0
9350,301.6585110788635,0.0
9351,301.6054601960181,0.0
9352,301.5539815846676,0.0
9353,301.5048455508397,0.0
9354,301.4565583367399,0.0
9355,301.4091103047279,0.0
9356,301.36256977137293,0.0
9357,301.31731268686235,0.0
9358,301.27305053099485,0.0
9359,301.22905663181706,0.0
9360,301.18434410444075,0.0
9361,301.1382313371586,0.0
9362,301.09193747687914,0.0
9363,301.04466468873204,2082.141364544267
9364,302.583836445191,4164.282729088534
9365,304.26966531505775,6246.4240936328015
9366,305.9966929665528,8328.565458177069
9367,307.75192371932604,10410.706822721335
9368,309.5295357409792,12492.848187265603
9369,311.3251721162112,12492.848187265603
9370,311.55042321596767,12492.848187265603
9371,311.646684468968,12492.848187265603
9372,311.7220634242746,12492.848187265603
9373,311.7861853427732,12492.848187265603
9374,311.83926924947474,12492.848187265603
9375,311.8817529588,12492.848187265603
9376,311.91627623739953,12492.848187265603
9377,311.9416978737299,12492.848187265603
9378,311.95598899236654,12492.848187265603
9379,311.96348551573476,12492.848187265603
9380,311.9699949358429,12492.848187265603
9381,311.9795684699235,12492.848187265603
9382,311.9909764444978,12492.848187265603
9383,312.00278899723406,12492.848187265603
9384,312.0152903009622,12492.848187265603
9385,312.0271889385922,12492.848187265603
9386,312.04056676978666,12492.848187265603
9387,312.0550662835445,12492.848187265603
9388,312.06965174924073,12492.848187265603
9389,312.0846656495492,12492.848187265603
9390,312.1005080861311,12492.848187265603
9391,312.1173638636041,12492.848187265603
9392,312.13417698601495,10410.706822721337
9393,310.5655785063478,8328.56545817707
9394,308.8555785199834,6246.4240936328015
9395,307.1059584731079,4164.282729088535
9396,305.3202951452717,2082.141364544268
9397,303.49774725209494,0.0
9398,301.6457009468051,0.0
9399,301.35618076082557,0.0
9400,301.1905076656934,0.0
9401,301.04365176795255,0.0
9402,300.90564126387414,0.0
9403,300.7742006041148,0.0
9404,300.6481416958984,0.0
9405,300.52001658240505,0.0
9406,300.3799430371454,0.0
9407,300.2381714324075,0.0
9408,300.10879988162924,0.0
9409,299.99957530268375,0.0
9410,299.8995097471522,0.0
9411,299.80474588420145,0.0
9412,299.7140089956742,0.0
9413,299.6267345529374,0.0
9414,299.5433636806365,0.0
9415,299.4621061823393,0.0
9416,299.3807180916997,0.0
9417,299.29357807291973,0.0
9418,299.19529357042273,0.0
9419,299.09322762637964,0.0
9420,298.99753441016213,0.0
9421,298.9150274969579,0.0
9422,298.84126216074486,0.0
9423,298.7713701000049,2082.141364544267
9424,300.28893699395314,4164.282729088534
9425,301.94757404293017,6246.4240936328015
9426,303.6383353139748,8328.565458177069
9427,305.3588306754468,10410.706822721335
9428,307.1158222693546,12492.848187265603
9429,308.9157648750078,12492.848187265603
9430,309.16763867558177,12492.848187265603
9431,309.3034440074917,12492.848187265603
9432,309.42286267488106,12492.848187265603
9433,309.5345944100159,12492.848187265603
9434,309.65156598796784,12492.848187265603
9435,309.7809916754337,12492.848187265603
9436,309.91731244398534,12492.848187265603
9437,310.0564361510606,12492.848187265603
9438,310.19659126149793,12492.848187265603
9439,310.33765588396705,12492.848187265603
9440,310.48072207874714,12492.848187265603
9441,310.6219458936456,12492.848187265603
9442,310.7564980264139,12492.848187265603
9443,310.8858005232755,12492.848187265603
9444,311.0217060498954,12492.848187265603
9445,311.19120648181854,12492.848187265603
9446,311.3464574439215,12492.848187265603
9447,311.49669731992225,12492.848187265603
9448,311.63104864516754,12492.848187265603
9449,311.74021735508046,12492.848187265603
9450,311.83474606038743,12492.848187265603
9451,311.9203108427454,12492.848187265603
9452,312.0002468561588,12492.848187265603
9453,312.08006653837344,12492.848187265603
9454,312.1590640806011,12492.848187265603
9455,312.23715872849823,12492.848187265603
9456,312.3094462602227,12492.848187265603
9457,312.3746392453864,12492.848187265603
9458,312.4426701663652,12492.848187265603
9459,312.4767105292975,12492.848187265603
9460,312.4214320146098,12492.848187265603
9461,312.29809980481485,12492.848187265603
9462,312.20229121322643,12492.848187265603
9463,312.1749849802382,12492.848187265603
9464,312.1759395844457,12492.848187265603
9465,312.1996122595911,12492.848187265603
9466,312.23243033939025,12492.848187265603
9467,312.2640199577048,12492.848187265603
9468,312.29056968813524,12492.848187265603
9469,312.30780823853905,12492.848187265603
9470,312.3192278100194,12492.848187265603
9471,312.324882001518,12492.848187265603
9472,312.32612700798086,12492.848187265603
9473,312.322591468984,10410.706822721337
9474,310.7263561976113,8328.56545817707
9475,308.98053926307983,6246.4240936328015
9476,307.1951972322295,4164.282729088535
9477,305.3829214964127,2082.141364544268
9478,303.5453243512836,0.0
9479,301.6851027884222,0.0
9480,301.3946503168571,0.0
9481,301.23337008032837,0.0
9482,301.0941236561909,0.0
9483,300.9656482088155,0.0
9484,300.8445858789925,0.0
9485,300.72796125686517,0.0
9486,300.6127240256899,0.0
9487,300.5023266321691,0.0
9488,300.3995538329288,0.0
9489,300.30667395532254,0.0
9490,300.2195208638754,0.0
9491,300.1363476662933,0.0
9492,300.05676233538827,0.0
9493,299.98079495134215,0.0
9494,299.9091275995464,0.0
9495,299.84004706756053,0.0
9496,299.77138585153875,0.0
9497,299.6987015565777,0.0
9498,299.6181805487255,0.0
9499,299.53500954358094,0.0
9500,299.4562548971244,0.0
9501,299.386640709127,0.0
9502,299.32307412425416,0.0
9503,299.26154843510955,0.0
9504,299.19823968836283,0.0
9505,299.1309849917036,0.0
9506,299.06163141835145,0.0
9507,298.9923969620397,0.0
9508,298.9250205302595,0.0
9509,298.8603735914151,0.0
9510,298.7965811512099,0.0
9511,298.7331570476264,0.0
9512,298.67003861899,0.0
9513,298.60718481383697,0.0
9514,298.5445742541051,0.0
9515,298.48218008597513,0.0
9516,298.4199813639346,0.0
9517,298.3569575989534,0.0
9518,298.2919838527157,0.0
9519,298.2269672612897,0.0
9520,298.16444351396837,0.0
9521,298.10548567036386,0.0
9522,298.0475593347066,0.0
9523,297.98998075195414,0.0
9524,297.93298228243304,0.0
9525,297.87652437970206,2498.569637453121
9526,299.726654214726,4997.139274906242
9527,301.75444294925506,7495.708912359363
9528,303.8343265153415,9994.278549812483
9529,305.9571361344712,12492.848187265603
9530,308.12404740015774,12492.848187265603
9531,308.425522201481,12492.848187265603
9532,308.5823575663463,12492.848187265603
9533,308.71854019561226,12492.848187265603
9534,308.8456221175605,12492.848187265603
9535,308.96624832375426,12492.848187265603
9536,309.0823724290826,12492.848187265603
9537,309.19581977857916,12492.848187265603
9538,309.3071740009081,12492.848187265603
9539,309.41538624414187,12492.848187265603
9540,309.51882910697964,12492.848187265603
9541,309.6164660742229,12492.848187265603
9542,309.70904484859335,12492.848187265603
9543,309.79658977470706,12492.848187265603
9544,309.87811769463855,12492.848187265603
9545,309.953423162454,12492.848187265603
9546,310.0222212892718,12492.848187265603
9547,310.0867709456435,12492.848187265603
9548,310.14923123831034,12492.848187265603
9549,310.2109038297677,12492.848187265603
9550,310.2710943718939,12492.848187265603
9551,310.32926479030795,12492.848187265603
9552,310.3852260462779,12492.848187265603
9553,310.4384920995072,12492.848187265603
9554,310.49028860682756,12492.848187265603
9555,310.54147885639463,12492.848187265603
9556,310.5931836610696,12492.848187265603
9557,310.64531587676476,12492.848187265603
9558,310.69498634015764,12492.848187265603
9559,310.74147489430595,12492.848187265603
9560,310.78474219917257,12492.848187265603
9561,310.8246596471739,12492.848187265603
9562,310.86100290207276,12492.848187265603
9563,310.89384637170076,12492.848187265603
9564,310.923763251029,12492.848187265603
9565,310.9493605383298,12492.848187265603
9566,310.9664864121731,12492.848187265603
9567,310.97398314756134,12492.848187265603
9568,310.97072066179487,12492.848187265603
9569,310.9558857942237,12492.848187265603
9570,310.9290212338946,12492.848187265603
9571,310.9044436780662,12492.848187265603
9572,310.89955731474316,9994.278549812483
9573,309.0056774607009,7495.708912359361
9574,306.9323010454946,4997.13927490624
9575,304.7914273828766,2498.56963745312
9576,302.59045678794155,0.0
9577,300.3473641527461,0.0
9578,299.9930563369341,0.0
9579,299.8067529568524,0.0
9580,299.6485503742662,0.0
9581,299.5118574507564,0.0
9582,299.40494321411774,0.0
9583,299.31786469109403,0.0
9584,299.23539019925505,0.0
9585,299.1484867308655,0.0
9586,299.06099994022173,0.0
9587,298.9729052775285,0.0
9588,298.8823971888443,0.0
9589,298.7834028946092,1784.6925981808004
9590,300.0315553147718,3569.3851963616007
9591,301.40294097070273,5354.077794542401
9592,302.81947520591393,7138.770392723201
9593,304.28009614224345,8923.462990904001
9594,305.7707795535581,10708.155589084801
9595,307.28751266318835,12492.848187265603
9596,308.8281246829435,12492.848187265603
9597,309.0305988243828,12492.848187265603
9598,309.12853366871036,12492.848187265603
9599,309.2106024209754,12492.848187265603
9600,309.28356572565133,12492.848187265603
9601,309.34687197438876,12492.848187265603
9602,309.40003281778803,12492.848187265603
9603,309.44453498971905,12492.848187265603
9604,309.4823865132895,12492.848187265603
9605,309.5088172574889,12492.848187265603
9606,309.51533274727893,12492.848187265603
9607,309.51303164061653,12492.848187265603
9608,309.51735828482447,12492.848187265603
9609,309.5422275698576,12492.848187265603
9610,309.58582659518856,12492.848187265603
9611,309.6354860079228,12492.848187265603
9612,309.67672674291083,10708.155589084803
9613,308.3387284592133,8923.462990904003
9614,306.86376889183015,7138.770392723201
9615,305.3517079532295,5354.0777945424015
9616,303.817969501512,3569.385196361602
9617,302.270012665181,1784.692598180801
9618,300.7043000787118,0.0
9619,299.11966683740036,0.0
9620,298.8764416388472,0.0
9621,298.7371899703453,0.0
9622,298.60971102156816,0.0
9623,298.49275395586335,0.0
9624,298.39655908634404,0.0
9625,298.32848617841614,0.0
9626,298.2885693904484,0.0
9627,298.2771004623243,0.0
9628,298.2813691916511,0.0
9629,298.29551297529304,0.0
9630,298.3184326569883,0.0
9631,298.3470034163087,0.0
9632,298.37935178942234,0.0
9633,298.4127593076352,0.0
9634,298.4476851630642,0.0
9635,298.5576659658717,0.0
9636,298.81367680715573,0.0
9637,299.14569362434895,0.0
9638,299.46706418132754,0.0
9639,299.66488722102383,0.0
9640,299.79000114965703,0.0
9641,299.87298590342016,0.0
9642,299.9023807617588,0.0
9643,299.88147324276025,0.0
9644,299.7545243701109,0.0
9645,299.5854492284442,0.0
9646,299.4589536318819,0.0
9647,299.46663662671483,0.0
9648,299.53132577334884,0.0
9649,299.6414488622137,0.0
9650,299.75161945305666,0.0
9651,299.8216729404396,0.0
9652,299.8754289056525,0.0
9653,299.9347026545362,0.0
9654,299.98167694595566,0.0
9655,300.02701001734175,0.0
9656,300.07170439400994,0.0
9657,300.11298658838194,0.0
9658,300.1475271593944,0.0
9659,300.1732224745105,0.0
9660,300.18299514763766,0.0
9661,300.1784235783391,0.0
9662,300.1635295438387,0.0
9663,300.1334500676298,1784.6925981808004
9664,301.4253622602872,3569.3851963616007
9665,302.8384828879343,5354.077794542401
9666,304.2605405205555,7138.770392723201
9667,305.64480665199414,8923.462990904001
9668,307.03525775228223,10708.155589084801
9669,308.44778959273316,12492.848187265603
9670,309.8729681715543,12492.848187265603
9671,309.93740431725183,12492.848187265603
9672,309.84003415452474,12492.848187265603
9673,309.7219772692526,12492.848187265603
9674,309.6249058423542,12492.848187265603
9675,309.60988145275866,12492.848187265603
9676,309.6143681853458,12492.848187265603
9677,309.62067545440567,12492.848187265603
9678,309.61907076255955,12492.848187265603
9679,309.61339666178384,12492.848187265603
9680,309.6129024787464,12492.848187265603
9681,309.6299164429483,12492.848187265603
9682,309.6689343545667,12492.848187265603
9683,309.7177123954022,12492.848187265603
9684,309.7606778019183,12492.848187265603
9685,309.78705500904084,12492.848187265603
9686,309.8032411548397,12492.848187265603
9687,309.8163515502543,12492.848187265603
9688,309.83290909948965,12492.848187265603
9689,309.86094476437694,12492.848187265603
9690,309.90302449619213,12492.848187265603
9691,309.9494485883643,12492.848187265603
9692,309.9881246904623,12492.848187265603
9693,310.01076602179387,10708.155589084803
9694,308.6614024160895,8923.462990904003
9695,307.1808747493137,7138.770392723201
9696,305.66698139067495,5354.0777945424015
9697,304.13459747473644,3569.385196361602
9698,302.5887846358052,1784.692598180801
9699,301.0241981035069,0.0
9700,299.4348274923498,0.0
9701,299.1613631823451,0.0
9702,298.9492969737079,0.0
9703,298.7396778237897,0.0
9704,298.565251289054,0.0
9705,298.4477611584864,0.0
9706,298.35656384875443,0.0
9707,298.27602402258356,0.0
9708,298.19618524364193,0.0
9709,298.1126291356033,0.0
9710,298.0320263643585,0.0
9711,297.9531668149275,0.0
9712,297.8726964952197,0.0
9713,297.78945439312395,0.0
9714,297.70674566881735,0.0
9715,297.62523501348323,0.0
9716,297.54502299715205,0.0
9717,297.4659483531626,0.0
9718,297.3876921078367,0.0
9719,297.3115734446495,0.0
9720,297.24118903656904,0.0
9721,297.1792650448237,0.0
9722,297.1286378281239,0.0
9723,297.08965028331306,0.0
9724,297.05892008680974,0.0
9725,297.0353598288306,0.0
9726,297.01744108319434,0.0
9727,297.0043347531553,0.0
9728,296.99581940028287,892.3462990904002
9729,297.67142472320285,1784.6925981808004
9730,298.41364677426964,2677.0388972712003
9731,299.17453592045973,3569.3851963616007
9732,299.946936806186,4461.731495452001
9733,300.7293461456116,5354.077794542401
9734,301.5209613052014,6246.4240936328015
9735,302.32135437954,7138.770392723201
9736,303.1294618681817,8031.116691813601
9737,303.94542301910514,8923.462990904001
9738,304.76808535599196,9815.809289994402
9739,305.59522273887893,10708.155589084801
9740,306.4217493024252,11600.501888175202
9741,307.24432730846064,12492.848187265603
9742,308.0568353959651,12492.848187265603
9743,308.2286656116497,12492.848187265603
9744,308.44046351869895,12492.848187265603
9745,308.6965486308408,12492.848187265603
9746,308.9295204974139,12492.848187265603
9747,309.08482044870556,12492.848187265603
9748,309.20424198338736,12492.848187265603
9749,309.29940299388693,12492.848187265603
9750,309.3738803133655,12492.848187265603
9751,309.43631905047056,12492.848187265603
9752,309.4962996596652,12492.848187265603
9753,309.56434025061805,12492.848187265603
9754,309.64840278005926,12492.848187265603
9755,309.731871959343,12492.848187265603
9756,309.795698601688,12492.848187265603
9757,309.81824064421284,12492.848187265603
9758,309.7957161325979,12492.848187265603
9759,309.75153675191086,12492.848187265603
9760,309.71264054330095,12492.848187265603
9761,309.70410199052145,12492.848187265603
9762,309.73126536930965,12492.848187265603
9763,309.77473356480436,12492.848187265603
9764,309.8021862591709,12492.848187265603
9765,309.81479312895124,12492.848187265603
9766,309.8159123696019,11600.501888175204
9767,309.1136705045091,10708.155589084803
9768,308.31661969139606,9815.809289994402
9769,307.4603785837195,8923.462990904003
9770,306.58304396701334,8031.116691813602
9771,305.7154673246846,7138.770392723201
9772,304.8716336524732,6246.4240936328015
9773,304.0561954421688,5354.0777945424015
9774,303.245519635426,4461.731495452002
9775,302.4308740436222,3569.385196361602
9776,301.6077562224569,2677.0388972712008
9777,300.77563371839,1784.692598180801
9778,299.93566268406886,892.3462990904012
9779,299.08801608300644,0.0
9780,298.23276575037875,0.0
9781,298.0479688743432,0.0
9782,297.91341370985833,0.0
9783,297.7875403663891,0.0
9784,297.6726736627282,0.0
9785,297.57287889787074,0.0
9786,297.4855761572001,0.0
9787,297.4053797631332,0.0
9788,297.3266712409902,0.0
9789,297.24652258128344,0.0
9790,297.16821391243843,0.0
9791,297.092255894428,0.0
9792,297.0186072980128,0.0
9793,296.9468498180139,0.0
9794,296.8769945354286,0.0
9795,296.8087769050945,0.0
9796,296.74197913402645,0.0
9797,296.6698040015784,0.0
9798,296.5816416098648,0.0
9799,296.4874418907076,0.0
9800,296.40171782120694,0.0
9801,296.3317017068399,0.0
9802,296.2670459314995,0.0
9803,296.20494713388086,0.0
9804,296.1449854835742,0.0
9805,296.0872083046787,0.0
9806,296.0315537885347,0.0
9807,295.97684596069354,0.0
9808,295.9217179870928,0.0
9809,295.8642692475021,4164.282729088534
9810,298.97981033827983,8328.565458177069
9811,302.3884589602856,12492.848187265603
9812,305.87844361155624,12492.848187265603
9813,306.2498580056384,12492.848187265603
9814,306.37186262209093,12492.848187265603
9815,306.46726859218387,12492.848187265603
9816,306.5724702570549,12492.848187265603
9817,306.6962320826436,12492.848187265603
9818,306.8308524740545,12492.848187265603
9819,306.9788780092135,12492.848187265603
9820,307.14953819159666,12492.848187265603
9821,307.3256195795358,12492.848187265603
9822,307.48689506370124,12492.848187265603
9823,307.6111547420799,12492.848187265603
9824,307.6988206533194,8328.56545817707
9825,304.57830717704536,4164.282729088535
9826,301.1323540457739,0.0
9827,297.60495160177544,0.0
9828,297.21086902910605,0.0
9829,297.0875347069421,0.0
9830,297.0121630621429,0.0
9831,296.9947429045525,0.0
9832,297.07109040162646,0.0
9833,297.21498349302396,0.0
9834,297.3276755316555,0.0
9835,297.3660384076432,0.0
9836,297.38272447153906,0.0
9837,297.3908417388019,0.0
9838,297.39934022489837,0.0
9839,297.4073644369274,0.0
9840,297.40655475849127,0.0
9841,297.3915252983572,0.0
9842,297.39138446146967,0.0
9843,297.4135298856878,0.0
9844,297.4828761674484,0.0
9845,297.581054639003,0.0
9846,297.7177734333041,0.0
9847,297.8451768995515,0.0
9848,298.00525014324484,0.0
9849,298.15893215663834,0.0
9850,298.2790066430221,0.0
9851,298.29305586190736,0.0
9852,298.07785289619136,0.0
9853,297.7573299052219,0.0
9854,297.4746560972906,0.0
9855,297.34319062316445,0.0
9856,297.2575471712511,0.0
9857,297.1347813033736,0.0
9858,296.99104494595355,0.0
9859,296.83068137345055,0.0
9860,296.6678427747181,0.0
9861,296.52780029714427,0.0
9862,296.40146603020355,0.0
9863,296.2829758708843,0.0
9864,296.15989765626034,0.0
9865,296.0329524170909,0.0
9866,295.9093047397647,0.0
9867,295.79705259400396,960.9883220973542
9868,296.43264240533006,1921.9766441947083
9869,297.15263649517,2882.9649662920624
9870,297.902716202664,3843.9532883894167
9871,298.67362836971944,4804.9416104867705
9872,299.4609997715212,5765.929932584125
9873,300.26516345676396,6726.91825468148
9874,301.0885752333736,7687.906576778833
9875,301.9250163936601,8648.894898876186
9876,302.7652689739812,9609.883220973541
9877,303.5992064468953,10570.871543070896
9878,304.42466245798676,11531.85986516825
9879,305.2516895618151,12492.848187265603
9880,306.09274879400175,12492.848187265603
9881,306.22073313753845,12492.848187265603
9882,306.29198291739357,12492.848187265603
9883,306.3547077080915,12492.848187265603
9884,306.41469011237325,12492.848187265603
9885,306.4737838873759,12492.848187265603
9886,306.5314394925143,12492.848187265603
9887,306.58604232347625,12492.848187265603
9888,306.63612545194866,12492.848187265603
9889,306.68028976703044,12492.848187265603
9890,306.71888920602186,12492.848187265603
9891,306.7529188372084,12492.848187265603
9892,306.7834391064266,12492.848187265603
9893,306.8061350830496,12492.848187265603
9894,306.81328425602555,12492.848187265603
9895,306.8136809833572,12492.848187265603
9896,306.8199338197821,12492.848187265603
9897,306.8500826412745,12492.848187265603
9898,306.91312712479623,12492.848187265603
9899,306.9884075613695,12492.848187265603
9900,307.0494317596665,12492.848187265603
9901,307.0811138736614,12492.848187265603
9902,307.10096775487744,12492.848187265603
9903,307.11798453984284,12492.848187265603
9904,307.1382607618404,12492.848187265603
9905,307.16499280613345,12492.848187265603
9906,307.1943503821549,12492.848187265603
9907,307.22400276656913,11531.85986516825
9908,306.51979186989064,10570.871543070894
9909,305.74526471776795,9609.88322097354
9910,304.95026266085324,8648.894898876186
9911,304.14601862252874,7687.906576778833
9912,303.347267547307,6726.918254681478
9913,302.55959846266967,5765.929932584123
9914,301.7771944287989,4804.94161048677
9915,301.04269826068855,3843.9532883894167
9916,300.40716700450565,2882.9649662920615
9917,299.8289469817834,1921.976644194707
9918,299.22956488262525,960.9883220973535
9919,298.60429742312857,0.0
9920,297.9212350703854,0.0
9921,297.92406158068076,0.0
9922,298.0405715948517,0.0
9923,298.09375427406474,0.0
9924,298.03834912293314,0.0
9925,297.8648617083514,0.0
9926,297.7176065650958,0.0
9927,297.6858817472938,0.0
9928,297.6815138171223,0.0
9929,297.6754956267399,0.0
9930,297.700464061993,0.0
9931,297.7580260010028,0.0
9932,297.82857615903725,0.0
9933,297.89421542315205,0.0
9934,297.96794198096546,0.0
9935,297.9705459499719,0.0
9936,297.91259352391467,0.0
9937,297.81737921969807,0.0
9938,297.7737085781555,0.0
9939,297.8267511380086,0.0
9940,297.9571714096911,0.0
9941,298.1396775300182,0.0
9942,298.2544132352482,0.0
9943,298.2784485026591,0.0
9944,298.26403281071777,0.0
9945,298.25352529826046,0.0
9946,298.26846828297937,0.0
9947,298.3210773190582,0.0
9948,298.3759256027923,12492.848187265603
9949,307.9458901191868,12492.848187265603
9950,308.84695528399936,12492.848187265603
9951,309.0565145467471,12492.848187265603
9952,309.18205435697143,12492.848187265603
9953,309.2446287636147,12492.848187265603
9954,309.28145953877953,12492.848187265603
9955,309.29334199241805,12492.848187265603
9956,309.28802794789885,12492.848187265603
9957,309.26610434752894,12492.848187265603
9958,309.18550036575203,12492.848187265603
9959,309.1020563581327,12492.848187265603
9960,308.95464860728293,12492.848187265603
9961,308.7811580634857,12492.848187265603
9962,308.64273616203695,12492.848187265603
9963,308.6018479187076,12492.848187265603
9964,308.58388082983436,12492.848187265603
9965,308.57560889194133,12492.848187265603
9966,308.575891687175,12492.848187265603
9967,308.5815216275378,12492.848187265603
9968,308.5887189407222,12492.848187265603
9969,308.5981107693382,12492.848187265603
9970,308.6109923522996,12492.848187265603
9971,308.62528357996376,12492.848187265603
9972,308.63818301328723,12492.848187265603
9973,308.6449660678794,12492.848187265603
9974,308.6432806925754,12492.848187265603
9975,308.64026639526526,0.0
9976,299.11636982325575,0.0
9977,298.24865044624244,0.0
9978,298.0346399891796,0.0
9979,297.8859240609092,0.0
9980,297.7534829084124,0.0
9981,297.62962190476816,0.0
9982,297.51513568589826,0.0
9983,297.407514899992,0.0
9984,297.303858376838,0.0
9985,297.20248096315015,0.0
9986,297.10361152810424,0.0
9987,297.00755462522807,0.0
9988,296.91404120211575,0.0
9989,296.8233324255424,0.0
9990,296.735219589718,0.0
9991,296.64965328523664,0.0
9992,296.56616168232995,1041.0706822721336
9993,297.2786341573285,2082.141364544267
9994,298.06655353091963,3123.2120468164007
9995,298.8755783541997,4164.282729088534
9996,299.70124168313276,5205.353411360667
9997,300.54293045518153,6246.4240936328015
9998,301.4021430489543,7287.494775904934
9999,302.2758966800278,8328.565458177069
10000,303.16098978139564,9369.636140449202
10001,304.05486006339925,10410.706822721335
10002,304.95773062957085,11451.777504993468
10003,305.8711565085499,12492.848187265603
10004,306.79668571577713,12492.848187265603
10005,306.9406696843515,12492.848187265603
10006,307.02228669890445,12492.848187265603
10007,307.0954063993126,12492.848187265603
10008,307.16640961253296,12492.848187265603
10009,307.2422256308813,12492.848187265603
10010,307.332173314416,12492.848187265603
10011,307.42918094947663,12492.848187265603
10012,307.5256269622009,12492.848187265603
10013,307.6041080010523,12492.848187265603
10014,307.65642312433266,12492.848187265603
10015,307.7220465478692,12492.848187265603
10016,307.87516162969797,12492.848187265603
10017,308.08319364019906,12492.848187265603
10018,308.2734924888872,11451.777504993468
10019,307.59191214876404,10410.706822721337
10020,306.7345880504296,9369.636140449202
10021,305.8028215981796,8328.56545817707
10022,304.9173785842459,7287.4947759049355
10023,304.12982817376104,6246.4240936328015
10024,303.4143007043949,5205.353411360669
10025,302.73444701842624,4164.282729088535
10026,301.9833834997543,3123.2120468164007
10027,301.15182608353945,2082.141364544268
10028,300.2762505981417,1041.070682272134
10029,299.3824090581415,0.0
10030,298.4862991250236,0.0
10031,298.3678584717451,0.0
10032,298.3037161821845,0.0
10033,298.2289962285655,0.0
10034,298.141589905436,0.0
10035,298.0405200321738,0.0
10036,297.94474762708063,0.0
10037,297.86227583817765,0.0
10038,297.7685092840962,0.0
10039,297.67099312933016,0.0
10040,297.5700412501563,0.0
10041,297.4831824638146,0.0
10042,297.43240667602663,0.0
10043,297.4173759350663,0.0
10044,297.42939525818247,0.0
10045,297.4553064455301,0.0
10046,297.50410226288056,0.0
10047,297.5203889126771,0.0
10048,297.5802552891246,0.0
10049,297.5923759827899,0.0
10050,297.570718701774,0.0
10051,297.4279038837439,0.0
10052,297.2777525315478,0.0
10053,297.12135321746274,0.0
10054,296.9563671700491,0.0
10055,296.7400019684954,0.0
10056,296.50816084658726,0.0
10057,296.25342628216174,0.0
10058,296.02306410979173,0.0
10059,295.8722561629021,0.0
10060,295.7517024811904,0.0
10061,295.658644542052,0.0
10062,295.5790595443104,0.0
10063,295.50431409101054,0.0
10064,295.42818141902995,0.0
10065,295.34395674368096,0.0
10066,295.2500145267453,0.0
10067,295.1554755291905,0.0
10068,295.07121310581647,0.0
10069,295.0056651141082,0.0
10070,294.9541959234799,0.0
10071,294.90851912737133,0.0
10072,294.86014732010733,0.0
10073,294.80494799995967,0.0
10074,294.74875826907385,2082.141364544267
10075,296.2814871224609,4164.282729088534
10076,297.96209989381157,6246.4240936328015
10077,299.6837267780781,8328.565458177069
10078,301.43558629064023,10410.706822721335
10079,303.2151945082905,12492.848187265603
10080,305.0199965188506,12492.848187265603
10081,305.2596141255383,12492.848187265603
10082,305.3708095910756,12492.848187265603
10083,305.46096025640156,12492.848187265603
10084,305.54145125285936,12492.848187265603
10085,305.61581099360126,12492.848187265603
10086,305.684725977909,12492.848187265603
10087,305.7486399434159,12492.848187265603
10088,305.8081411623971,12492.848187265603
10089,305.8669668502116,12492.848187265603
10090,305.9308681450434,12492.848187265603
10091,305.9959523284173,12492.848187265603
10092,306.0562067569262,12492.848187265603
10093,306.1011222621484,12492.848187265603
10094,306.1235290630491,12492.848187265603
10095,306.1356792484919,12492.848187265603
10096,306.1538297039881,12492.848187265603
10097,306.1964212993193,12492.848187265603
10098,306.2676634430412,12492.848187265603
10099,306.3490047676484,12492.848187265603
10100,306.4180616628816,12492.848187265603
10101,306.45580722973995,12492.848187265603
10102,306.4690334967774,12492.848187265603
10103,306.479051319989,12492.848187265603
10104,306.51323735329123,12492.848187265603
10105,306.583853341957,10410.706822721337
10106,305.0880408221555,8328.56545817707
10107,303.462615975433,6246.4240936328015
10108,301.80176592048167,4164.282729088535
10109,300.1133172176528,2082.141364544268
10110,298.399147219917,0.0
10111,296.6624993486184,0.0
10112,296.4946047470164,0.0
10113,296.4589236918566,0.0
10114,296.4524894998324,0.0
10115,296.4583784904099,0.0
10116,296.4706661782785,0.0
10117,296.5029177360382,0.0
10118,296.5084536233291,0.0
10119,296.5096191847364,0.0
10120,296.50791136955337,0.0
10121,296.503032638617,0.0
10122,296.4947129976542,0.0
10123,296.4850163285051,0.0
10124,296.4755055333003,0.0
10125,296.45569862474497,0.0
10126,296.461648074579,0.0
10127,296.4740656096419,0.0
10128,296.47812936540095,0.0
10129,296.47036098260395,0.0
10130,296.45804035766895,0.0
10131,296.4039348619793,0.0
10132,296.2594827385001,0.0
10133,296.0732250457525,0.0
10134,295.92390978231856,0.0
10135,295.8535102914524,0.0
10136,295.8049066162273,0.0
10137,295.76006205192294,0.0
10138,295.7127308388164,0.0
10139,295.66067554770683,0.0
10140,295.60816098245175,0.0
10141,295.54976454370546,0.0
10142,295.4748626452366,0.0
10143,295.3877195718016,0.0
10144,295.29836043184673,0.0
10145,295.21203730056476,0.0
10146,295.1249156448603,0.0
10147,295.03635006162267,0.0
10148,294.94695882927374,0.0
10149,294.8578178967046,0.0
10150,294.7689359006986,0.0
10151,294.68033341207354,0.0
10152,294.59268731739985,0.0
10153,294.5071371706211,0.0
10154,294.4258294027182,0.0
10155,294.3530395115,0.0
10156,294.2903624249154,1041.0706822721336
10157,295.03148746570093,2082.141364544267
10158,295.8500803314182,3123.2120468164007
10159,296.6902151316116,4164.282729088534
10160,297.545960411175,5205.353411360667
10161,298.4157336085899,6246.4240936328015
10162,299.2980998378151,7287.494775904934
10163,300.192992944382,8328.565458177069
10164,301.0994071197809,9369.636140449202
10165,302.0174284460788,10410.706822721335
10166,302.948409383608,11451.777504993468
10167,303.89073495990965,12492.848187265603
10168,304.84192885766885,12492.848187265603
10169,305.00694604171605,12492.848187265603
10170,305.10651108841546,12492.848187265603
10171,305.19403806855064,12492.848187265603
10172,305.27456468061206,12492.848187265603
10173,305.34895581554485,12492.848187265603
10174,305.4179817261973,12492.848187265603
10175,305.48247800629116,12492.848187265603
10176,305.54368947991276,12492.848187265603
10177,305.60258467649936,12492.848187265603
10178,305.6597432536962,12492.848187265603
10179,305.71489844572517,12492.848187265603
10180,305.76781458999056,12492.848187265603
10181,305.81862848841587,12492.848187265603
10182,305.86727507083634,12492.848187265603
10183,305.9121303612683,12492.848187265603
10184,305.9511557859944,12492.848187265603
10185,305.9823819527301,11451.777504993468
10186,305.2120583028511,10410.706822721337
10187,304.3621978227012,9369.636140449202
10188,303.48913139704206,8328.56545817707
10189,302.59871641788567,7287.4947759049355
10190,301.6914558348801,6246.4240936328015
10191,300.7703711579923,5205.353411360669
10192,299.8393858887728,4164.282729088535
10193,298.9003106980526,3123.2120468164007
10194,297.95042841154105,2082.141364544268
10195,296.98985049747984,1041.070682272134
10196,296.01963428388336,0.0
10197,295.04328349744776,0.0
10198,294.85661595777617,0.0
10199,294.7675512582405,0.0
10200,294.779406477202,0.0
10201,294.81780518412813,0.0
10202,294.8991318952384,0.0
10203,294.9684634553686,0.0
10204,295.1033061285031,0.0
10205,295.2527508180828,0.0
10206,295.38193809290743,0.0
10207,295.47971126575806,0.0
10208,295.5486083011246,0.0
10209,295.6053778542905,12492.848187265603
10210,305.2005691576629,12492.848187265603
10211,306.1783257295005,12492.848187265603
10212,306.52797159566916,12492.848187265603
10213,306.8300352203402,12492.848187265603
10214,307.1173764621343,12492.848187265603
10215,307.3341284834918,12492.848187265603
10216,307.497765679234,12492.848187265603
10217,307.63947664848865,12492.848187265603
10218,307.7394412724639,12492.848187265603
10219,307.9012855878078,12492.848187265603
10220,308.05179385756765,12492.848187265603
10221,308.20439929032125,12492.848187265603
10222,308.3565581348238,12492.848187265603
10223,308.47439296575766,12492.848187265603
10224,308.56747091603376,12492.848187265603
10225,308.6414380454441,12492.848187265603
10226,308.71440440206914,12492.848187265603
10227,308.8025899627846,12492.848187265603
10228,308.91858100836527,12492.848187265603
10229,309.0598994675288,12492.848187265603
10230,309.21466197904,12492.848187265603
10231,309.3683833772348,12492.848187265603
10232,309.51311244474823,12492.848187265603
10233,309.6419112925745,12492.848187265603
10234,309.7535976440056,12492.848187265603
10235,309.85325803408125,12492.848187265603
10236,309.93864940471855,12492.848187265603
10237,310.01391471228595,12492.848187265603
10238,310.0765208842745,12492.848187265603
10239,310.11852716334533,12492.848187265603
10240,310.1432193924914,12492.848187265603
10241,310.1374734954847,12492.848187265603
10242,310.0863246690797,12492.848187265603
10243,310.02011349922344,12492.848187265603
10244,309.94398942520905,0.0
10245,300.3254535286001,0.0
10246,299.3030698587274,0.0
10247,298.9387731829001,0.0
10248,298.58397039425785,0.0
10249,298.2238740605658,0.0
10250,297.91635951081446,0.0
10251,297.71283702279766,0.0
10252,297.53967046459053,0.0
10253,297.3799008979467,0.0
10254,297.2361829117451,0.0
10255,297.10470420198567,0.0
10256,296.98063391554206,0.0
10257,296.8635995516541,0.0
10258,296.75348845139837,0.0
10259,296.6479460475731,0.0
10260,296.5443430012747,0.0
10261,296.4370360930275,0.0
10262,296.32145126937513,0.0
10263,296.2052801363919,0.0
10264,296.0984236376662,0.0
10265,296.00646892833777,0.0
10266,295.9221009726986,0.0
10267,295.841093473085,0.0
10268,295.76059283910234,0.0
10269,295.67898906348296,0.0
10270,295.5972389172975,0.0
10271,295.5152180056988,0.0
10272,295.4323795978776,0.0
10273,295.34240764590425,0.0
10274,295.23679225438264,0.0
10275,295.1255956072773,0.0
10276,295.02289866076575,0.0
10277,294.935648321737,0.0
10278,294.85340224523566,0.0
10279,294.7731127052577,0.0
10280,294.6940919489398,0.0
10281,294.6158781299333,0.0
10282,294.538454828718,0.0
10283,294.46220491843764,0.0
10284,294.38758406696695,12492.848187265603
10285,303.8483229808455,12492.848187265603
10286,304.6794970661104,12492.848187265603
10287,304.8721780923109,12492.848187265603
10288,304.99932995668007,12492.848187265603
10289,305.0973813281317,12492.848187265603
10290,305.17248496677524,12492.848187265603
10291,305.23500607128767,12492.848187265603
10292,305.29690498177143,12492.848187265603
10293,305.3658069404911,12492.848187265603
10294,305.4393335438766,12492.848187265603
10295,305.5498782651272,12492.848187265603
10296,305.76692625873216,12492.848187265603
10297,306.0072145105333,12492.848187265603
10298,306.2434468361262,12492.848187265603
10299,306.47541336069975,12492.848187265603
10300,306.72748422666007,12492.848187265603
10301,307.0061565217783,12492.848187265603
10302,307.27613402446593,12492.848187265603
10303,307.50708574679516,12492.848187265603
10304,307.7411635848609,12492.848187265603
10305,308.0152885393142,12492.848187265603
10306,308.2658602848004,12492.848187265603
10307,308.50286064169,12492.848187265603
10308,308.7184446683313,12492.848187265603
10309,308.91619487303575,12492.848187265603
10310,309.0903948423787,12492.848187265603
10311,309.2441053452179,12492.848187265603
10312,309.37168344706174,12492.848187265603
10313,309.46974897803193,12492.848187265603
10314,309.55951767021736,12492.848187265603
10315,309.6532563189367,12492.848187265603
10316,309.7416675730546,12492.848187265603
10317,309.8195887500339,12492.848187265603
10318,309.88326492930037,12492.848187265603
10319,309.92530274731456,12492.848187265603
10320,309.93749371340533,12492.848187265603
10321,309.9626894353713,12492.848187265603
10322,310.03286325151026,12492.848187265603
10323,310.1579237728055,12492.848187265603
10324,310.33183653326273,12492.848187265603
10325,310.53740755489025,12492.848187265603
10326,310.7262039866731,0.0
10327,301.3484900057543,0.0
10328,300.6007986965274,0.0
10329,300.47790712886683,0.0
10330,300.3864681863023,0.0
10331,300.291526134402,0.0
10332,300.2158269701862,0.0
10333,300.14113677693047,0.0
10334,300.01908181272825,0.0
10335,299.89718215849746,0.0
10336,299.83369610443424,0.0
10337,299.74349727703884,0.0
10338,299.6172719125951,0.0
10339,299.4553269989646,0.0
10340,299.26675305964693,0.0
10341,299.08295942106537,0.0
10342,298.86205235231887,0.0
10343,298.6224774853091,0.0
10344,298.3409156755731,0.0
10345,298.042562107861,0.0
10346,297.7940773365279,0.0
10347,297.6469465580748,0.0
10348,297.5214911360351,0.0
10349,297.39346689868074,0.0
10350,297.26267520628545,0.0
10351,297.13516974571695,0.0
10352,297.02051556579056,0.0
10353,296.9276230399468,0.0
10354,296.8472150559113,1784.6925981808004
10355,298.13269084417806,3569.3851963616007
10356,299.542066889279,5354.077794542401
10357,300.97927978333047,7138.770392723201
10358,302.43885599689355,8923.462990904001
10359,303.9215945190496,10708.155589084801
10360,305.4278114505149,12492.848187265603
10361,306.9583942005423,12492.848187265603
10362,307.1514045243477,12492.848187265603
10363,307.2379448272866,12492.848187265603
10364,307.3055349303212,12492.848187265603
10365,307.3572701654701,12492.848187265603
10366,307.39186348350705,12492.848187265603
10367,307.41664718388097,12492.848187265603
10368,307.4407662372129,12492.848187265603
10369,307.4724033820539,12492.848187265603
10370,307.51150083255317,12492.848187265603
10371,307.5514320914924,12492.848187265603
10372,307.5849626937304,12492.848187265603
10373,307.6053206611437,12492.848187265603
10374,307.6141533641285,12492.848187265603
10375,307.6183910371946,12492.848187265603
10376,307.6258148721286,12492.848187265603
10377,307.64333467198117,12492.848187265603
10378,307.6701556680217,12492.848187265603
10379,307.6990482827205,10708.155589084803
10380,306.3602808271737,8923.462990904003
10381,304.88512180098536,7138.770392723201
10382,303.37107701795105,5354.0777945424015
10383,301.828606969159,3569.385196361602
10384,300.2607293020287,1784.692598180801
10385,298.6682764470327,0.0
10386,297.05219981377746,0.0
10387,296.7768499153665,0.0
10388,296.6103417033636,0.0
10389,296.4645248136241,0.0
10390,296.3385965410624,0.0
10391,296.2386055213456,0.0
10392,296.19278153229266,0.0
10393,296.1987570278177,0.0
10394,296.26649626288787,0.0
10395,296.3695590677232,0.0
10396,296.52850155068774,0.0
10397,296.7029214296896,0.0
10398,296.8935751095532,0.0
10399,297.12669918265215,0.0
10400,297.3299103532225,0.0
10401,297.51011518784003,0.0
10402,297.7025828416355,0.0
10403,297.8448697702822,0.0
10404,297.97012566478577,0.0
10405,298.08475529800023,0.0
10406,298.1908284701978,0.0
10407,298.2761464069229,0.0
10408,298.3198198723977,0.0
10409,298.3242145127301,0.0
10410,298.3286418485895,0.0
10411,298.342925211183,0.0
10412,298.3458780468543,1041.0706822721336
10413,299.13509787606637,2082.141364544267
10414,299.99758628128313,3123.2120468164007
10415,300.88715328823787,4164.282729088534
10416,301.80242020835993,5205.353411360667
10417,302.7367984065396,6246.4240936328015
10418,303.6870527147039,7287.494775904934
10419,304.6540449690296,8328.565458177069
10420,305.6470948132542,9369.636140449202
10421,306.6747174750049,10410.706822721335
10422,307.73232337233577,11451.777504993468
10423,308.8078752790678,12492.848187265603
10424,309.88480124600267,12492.848187265603
10425,310.1603890391554,12492.848187265603
10426,310.35728801164703,12492.848187265603
10427,310.5283326824116,12492.848187265603
10428,310.6748652358674,12492.848187265603
10429,310.8000509645578,12492.848187265603
10430,310.88958982388715,12492.848187265603
10431,310.94859229196766,12492.848187265603
10432,310.9955328615908,12492.848187265603
10433,311.0309833017044,12492.848187265603
10434,311.03315205557163,12492.848187265603
10435,311.0113192992744,12492.848187265603
10436,310.9816083220375,12492.848187265603
10437,310.92979856520606,12492.848187265603
10438,310.8246840651418,12492.848187265603
10439,310.7128713123336,12492.848187265603
10440,310.5698974931793,12492.848187265603
10441,310.38000581187373,12492.848187265603
10442,310.21779819360324,12492.848187265603
10443,310.13159026703545,12492.848187265603
10444,310.08190569931185,12492.848187265603
10445,310.0325561756465,12492.848187265603
10446,309.9904699418607,12492.848187265603
10447,309.9536052320965,12492.848187265603
10448,309.91996555095585,12492.848187265603
10449,309.89017486626045,12492.848187265603
10450,309.8610151219209,12492.848187265603
10451,309.8356207317669,12492.848187265603
10452,309.81877204168717,12492.848187265603
10453,309.8121745376135,12492.848187265603
10454,309.8101816777366,12492.848187265603
10455,309.8103489507075,12492.848187265603
10456,309.81120045108554,12492.848187265603
10457,309.81230026005386,12492.848187265603
10458,309.81450644202926,12492.848187265603
10459,309.8167498898129,12492.848187265603
10460,309.8174604167177,12492.848187265603
10461,309.80931896786194,12492.848187265603
10462,309.783380496747,12492.848187265603
10463,309.74999218074913,12492.848187265603
10464,309.7236126341787,12492.848187265603
10465,309.714882137529,12492.848187265603
10466,309.71787912111745,12492.848187265603
10467,309.7243681804148,12492.848187265603
10468,309.7259375993079,12492.848187265603
10469,309.71707968361954,12492.848187265603
10470,309.7018683638134,11451.777504993468
10471,308.8911779773675,10410.706822721337
10472,308.0098538994084,9369.636140449202
10473,307.11421113832387,8328.56545817707
10474,306.20607517127434,7287.4947759049355
10475,305.2846867720353,6246.4240936328015
10476,304.34973057726853,5205.353411360669
10477,303.40012706661287,4164.282729088535
10478,302.4365706849093,3123.2120468164007
10479,301.46208779418225,2082.141364544268
10480,300.47962057101427,1041.070682272134
10481,299.491695711203,0.0
10482,298.4984741799144,0.0
10483,298.29335342444426,0.0
10484,298.1571432930661,0.0
10485,298.0364998332989,0.0
10486,297.93107365591527,0.0
10487,297.86085501007153,0.0
10488,297.87667978115644,0.0
10489,297.95395974214887,0.0
10490,298.03252631741657,0.0
10491,298.1623810474687,0.0
10492,298.32774966579757,0.0
10493,298.5730254637288,0.0
10494,298.78767514824557,0.0
10495,298.98317027530624,1388.0942430295113
10496,300.26666893802536,2776.1884860590226
10497,301.6199780229354,4164.282729088534
10498,302.9898232735701,5552.376972118045
10499,304.36566456357804,6940.471215147558
10500,305.74416707940264,8328.565458177069
10501,307.1201070194945,9716.65970120658
10502,308.48046015027614,11104.75394423609
10503,309.8257016930042,12492.848187265603
10504,311.16086225108904,12492.848187265603
10505,311.4293122962637,12492.848187265603
10506,311.59061089739873,12492.848187265603
10507,311.73506837163825,12492.848187265603
10508,311.86893509280924,12492.848187265603
10509,311.9981709130846,12492.848187265603
10510,312.1231549308467,12492.848187265603
10511,312.25325825117966,12492.848187265603
10512,312.4133954609105,12492.848187265603
10513,312.5694409682579,12492.848187265603
10514,312.7386961451901,12492.848187265603
10515,312.9003270805818,12492.848187265603
10516,313.0581130565598,12492.848187265603
10517,313.214967031785,12492.848187265603
10518,313.3748703810086,12492.848187265603
10519,313.54190499515454,12492.848187265603
10520,313.71264098367925,12492.848187265603
10521,313.8701281815688,12492.848187265603
10522,313.99193705559196,12492.848187265603
10523,314.0769341292106,12492.848187265603
10524,314.15988222602203,12492.848187265603
10525,314.2135332879765,12492.848187265603
10526,314.25334750011535,12492.848187265603
10527,314.27075253693636,12492.848187265603
10528,314.2370826560193,12492.848187265603
10529,314.1849302670219,11104.75394423609
10530,313.07722604917416,9716.65970120658
10531,311.8425465499267,8328.56545817707
10532,310.58560194559163,6940.471215147558
10533,309.3313287092162,5552.376972118045
10534,308.05745438670573,4164.282729088535
10535,306.7342858381887,2776.188486059024
10536,305.3972830587062,1388.094243029512
10537,304.03334105897756,0.0
10538,302.6604790684007,0.0
10539,302.3606684355543,0.0
10540,302.1575041120287,0.0
10541,301.96865277084964,0.0
10542,301.7720653954492,0.0
10543,301.58083565988176,0.0
10544,301.4129548676871,0.0
10545,301.281940661748,0.0
10546,301.1727382677667,0.0
10547,301.072370902592,0.0
10548,300.96933666494914,0.0
10549,300.8567517838891,0.0
10550,300.74048931676367,0.0
10551,300.6249008842579,0.0
10552,300.5134791547476,0.0
10553,300.4082049612592,0.0
10554,300.3070401880363,0.0
10555,300.2093105471147,0.0
10556,300.11492992222077,0.0
10557,300.02338074982595,0.0
10558,299.93442915219214,0.0
10559,299.85026094289617,0.0
10560,299.7736184834558,0.0
10561,299.70490803653894,0.0
10562,299.6398100327436,0.0
10563,299.57639794801986,0.0
10564,299.51338769793995,0.0
10565,299.4501672227688,0.0
10566,299.38726345505836,0.0
10567,299.3244528973798,0.0
10568,299.26131461503445,0.0
10569,299.19477332692964,0.0
10570,299.1206805783802,0.0
10571,299.0429637956604,0.0
10572,298.96753099770734,0.0
10573,298.89943745639323,0.0
10574,298.8378784722336,0.0
10575,298.7778513981574,0.0
10576,298.713923674666,0.0
10577,298.64289838071323,0.0
10578,298.5684191059337,0.0
10579,298.49353368323807,0.0
10580,298.42189939964805,0.0
10581,298.3525210682109,0.0
10582,298.28576675806835,3123.2120468164007
10583,300.63667092331644,6246.4240936328015
10584,303.317262662674,9369.636140449202
10585,306.11476840452696,12492.848187265603
10586,308.9771188379997,12492.848187265603
10587,309.5085991019283,12492.848187265603
10588,309.87874637909647,12492.848187265603
10589,310.2481661743418,12492.848187265603
10590,310.5716183692262,12492.848187265603
10591,310.8645187942524,12492.848187265603
10592,311.18021019732555,12492.848187265603
10593,311.46827635738634,12492.848187265603
10594,311.7494955156701,12492.848187265603
10595,312.0219090750512,12492.848187265603
10596,312.2848860109103,12492.848187265603
10597,312.5403601554004,12492.848187265603
10598,312.7824852849769,12492.848187265603
10599,313.00718978020956,12492.848187265603
10600,313.2090996948674,12492.848187265603
10601,313.36780497400304,12492.848187265603
10602,313.4759222566315,12492.848187265603
10603,313.55633652509977,12492.848187265603
10604,313.6362425449898,12492.848187265603
10605,313.7356065964042,12492.848187265603
10606,313.84761048535694,12492.848187265603
10607,313.9650738902793,12492.848187265603
10608,314.08264328675233,12492.848187265603
10609,314.1965456465833,9369.636140449202
10610,311.93835250267193,6246.4240936328015
10611,309.46843926011564,3123.2120468164007
10612,306.9507094394858,0.0
10613,304.4030191643246,0.0
10614,304.2085782972142,0.0
10615,304.19956352500174,0.0
10616,304.20389789894085,0.0
10617,304.20463129004185,0.0
10618,304.2037484936103,0.0
10619,304.1995683271652,0.0
10620,304.18618534626677,0.0
10621,304.1476394634189,0.0
10622,304.0909058778107,0.0
10623,304.01481614606666,0.0
10624,303.9277856312177,0.0
10625,303.83129632380286,0.0
10626,303.72524025160294,0.0
10627,303.59510322312326,0.0
10628,303.43463147274156,0.0
10629,303.27622575311045,0.0
10630,303.10563518806623,0.0
10631,302.91739759549273,0.0
10632,302.6510458835073,0.0
10633,302.38383884045726,0.0
10634,302.1317276991236,0.0
10635,301.94270761276425,0.0
10636,301.7821880407014,0.0
10637,301.63948232145555,0.0
10638,301.5124013578736,0.0
10639,301.39330650246944,0.0
10640,301.27857391398265,0.0
10641,301.1695041201977,0.0
10642,301.06415537088526,0.0
10643,300.96221065978716,0.0
10644,300.8642429867288,0.0
10645,300.77656717947747,0.0
10646,300.7075623121422,0.0
10647,300.64709392205793,0.0
10648,300.5812365329741,0.0
10649,300.497050122042,0.0
10650,300.39547303822286,0.0
10651,300.2873969864662,0.0
10652,300.1853829550727,0.0
10653,300.1034418820761,0.0
10654,300.0446179071156,0.0
10655,299.993734185352,0.0
10656,299.9321050585786,0.0
10657,299.84143860672526,1561.6060234082004
10658,300.91315434061084,3123.2120468164007
10659,302.08725886914874,4684.818070224601
10660,303.3061067740345,6246.4240936328015
10661,304.575430978744,7808.030117041002
10662,305.87724892651977,9369.636140449202
10663,307.20046319480343,10931.242163857403
10664,308.53741634150595,12492.848187265603
10665,309.8819997273803,12492.848187265603
10666,310.0462112385528,12492.848187265603
10667,310.11387800107957,12492.848187265603
10668,310.1682386971821,12492.848187265603
10669,310.2204006213593,12492.848187265603
10670,310.2716415523286,12492.848187265603
10671,310.31924634526416,12492.848187265603
10672,310.359896533767,12492.848187265603
10673,310.38990608169854,12492.848187265603
10674,310.40883461684007,12492.848187265603
10675,310.42110932200046,12492.848187265603
10676,310.43244369090917,12492.848187265603
10677,310.45263926140694,12492.848187265603
10678,310.4926394699338,12492.848187265603
10679,310.5835002727732,12492.848187265603
10680,310.74380617614787,12492.848187265603
10681,310.9649362478747,12492.848187265603
10682,311.2035308374132,12492.848187265603
10683,311.4816237933124,12492.848187265603
10684,311.75914939510113,12492.848187265603
10685,312.0115817630437,12492.848187265603
10686,312.23550097990625,12492.848187265603
10687,312.4272642046626,12492.848187265603
10688,312.60939021985297,12492.848187265603
10689,312.7960482194758,12492.848187265603
10690,312.9904780902706,12492.848187265603
10691,313.1978606569593,12492.848187265603
10692,313.41476992134517,12492.848187265603
10693,313.6387264387645,12492.848187265603
10694,313.8681341899377,12492.848187265603
10695,314.0708749498794,12492.848187265603
10696,314.2119220589505,12492.848187265603
10697,314.2719027555302,12492.848187265603
10698,314.340165958612,12492.848187265603
10699,314.4341412744325,12492.848187265603
10700,314.54779634715663,12492.848187265603
10701,314.67359132974605,10931.242163857403
10702,313.5972410942568,9369.636140449202
10703,312.3614414622784,7808.030117041002
10704,311.0569698555144,6246.4240936328015
10705,309.7070789707419,4684.818070224601
10706,308.3572681315234,3123.2120468164007
10707,307.0211299500677,1561.6060234082004
10708,305.6779930299209,0.0
10709,304.3150198162322,0.0
10710,304.1168685604001,0.0
10711,303.99870302706023,0.0
10712,303.9030639563494,0.0
10713,303.8145798581835,0.0
10714,303.7148584517283,0.0
10715,303.61423914190027,0.0
10716,303.51394531269307,0.0
10717,303.4185917161664,0.0
10718,303.33344307779663,0.0
10719,303.249383672278,0.0
10720,303.13903863419307,0.0
10721,303.0123139542701,0.0
10722,302.89364725214796,0.0
10723,302.77249462745317,0.0
10724,302.64817199353774,0.0
10725,302.524684595311,0.0
10726,302.4031276704511,0.0
10727,302.28361492072906,0.0
10728,302.1600160358351,0.0
10729,302.0387778914537,0.0
10730,301.92562295152857,0.0
10731,301.8258997718589,0.0
10732,301.74637213127954,0.0
10733,301.65798062071724,0.0
10734,301.5315016630863,0.0
10735,301.38947635030604,0.0
10736,301.2646964248552,0.0
10737,301.1753578251839,0.0
10738,301.09974600258175,1784.6925981808004
10739,302.3887058854431,3569.3851963616007
10740,303.80060221557403,5354.077794542401
10741,305.23883854001497,7138.770392723201
10742,306.69688463214084,8923.462990904001
10743,308.177778771497,10708.155589084801
10744,309.68552360995614,12492.848187265603
10745,311.22149230789563,12492.848187265603
10746,311.41910357377327,12492.848187265603
10747,311.50993501269903,12492.848187265603
10748,311.58245872884214,12492.848187265603
10749,311.6420916413101,12492.848187265603
10750,311.68989748990293,12492.848187265603
10751,311.73163107987926,12492.848187265603
10752,311.7736437525693,12492.848187265603
10753,311.820243650978,12492.848187265603
10754,311.86865939088716,12492.848187265603
10755,311.91623021783283,12492.848187265603
10756,311.9605971288173,12492.848187265603
10757,312.00047853078036,12492.848187265603
10758,312.0373056593689,12492.848187265603
10759,312.07158202107524,12492.848187265603
10760,312.1033333191432,12492.848187265603
10761,312.1286333927919,12492.848187265603
10762,312.1411063820082,12492.848187265603
10763,312.146843807653,12492.848187265603
10764,312.1545196267765,12492.848187265603
10765,312.1724741729327,12492.848187265603
10766,312.2007280367461,12492.848187265603
10767,312.2324036401446,12492.848187265603
10768,312.25946966296675,12492.848187265603
10769,312.27349950223004,12492.848187265603
10770,312.27360369024666,12492.848187265603
10771,312.26836330787137,12492.848187265603
10772,312.268236382624,12492.848187265603
10773,312.2817718263818,12492.848187265603
10774,312.31431594878563,12492.848187265603
10775,312.37617999998287,12492.848187265603
10776,312.49400141508505,12492.848187265603
10777,312.63502245324685,12492.848187265603
10778,312.7795698498524,12492.848187265603
10779,312.9081160830819,12492.848187265603
10780,312.9983540989853,12492.848187265603
10781,313.09386661691775,12492.848187265603
10782,313.22471917848304,12492.848187265603
10783,313.45354993927435,12492.848187265603
10784,313.8264667448374,12492.848187265603
10785,314.2674300959185,12492.848187265603
10786,314.6822325600881,12492.848187265603
10787,314.99738646784346,12492.848187265603
10788,315.21291712613254,12492.848187265603
10789,315.3520309952331,10708.155589084803
10790,314.08255427656235,8923.462990904003
10791,312.67205809432585,7138.770392723201
10792,311.1532570786114,5354.0777945424015
10793,309.54721152702655,3569.385196361602
10794,307.91795622228625,1784.692598180801
10795,306.3086989615364,0.0
10796,304.67469826503117,0.0
10797,304.41208493717795,0.0
10798,304.2761300701776,0.0
10799,304.1926163263241,0.0
10800,304.12541834821315,0.0
10801,304.05900750059277,0.0
10802,303.98966138420025,0.0
10803,303.914560587387,0.0
10804,303.8379166738586,0.0
10805,303.7636213047636,0.0
10806,303.6851516103343,0.0
10807,303.5683227692834,0.0
10808,303.3645466831124,0.0
10809,303.11884856447404,0.0
10810,302.9020119897604,0.0
10811,302.76137428982884,0.0
10812,302.6487791383871,0.0
10813,302.55489778514675,0.0
10814,302.471965549197,0.0
10815,302.3900362361312,0.0
10816,302.30394010143476,0.0
10817,302.208874832314,0.0
10818,302.1086007932821,0.0
10819,302.0064502979051,0.0
10820,301.9056178296664,0.0
10821,301.8102793281903,0.0
10822,301.72112778347724,0.0
10823,301.63398530915225,0.0
10824,301.5443822254778,0.0
10825,301.449929487909,0.0
10826,301.3547217959038,0.0
10827,301.2628111765411,0.0
10828,301.17696094822054,0.0
10829,301.0995225309063,0.0
10830,301.03040122723263,0.0
10831,300.9639702740193,0.0
10832,300.8932229960397,2498.569637453121
10833,302.7182215716862,4997.139274906242
10834,304.7090087714296,7495.708912359363
10835,306.7421787228646,9994.278549812483
10836,308.8119444944511,12492.848187265603
10837,310.9182773510257,12492.848187265603
10838,311.1486659682263,12492.848187265603
10839,311.2324262497522,12492.848187265603
10840,311.30021462136085,12492.848187265603
10841,311.36567528707906,12492.848187265603
10842,311.42861486995923,12492.848187265603
10843,311.4868740692464,12492.848187265603
10844,311.5379279309499,12492.848187265603
10845,311.58043069412076,12492.848187265603
10846,311.61661870480617,12492.848187265603
10847,311.6484745408219,12492.848187265603
10848,311.67759029104,12492.848187265603
10849,311.70559098565127,12492.848187265603
10850,311.73310705591666,12492.848187265603
10851,311.7593069221518,12492.848187265603
10852,311.78303900074167,12492.848187265603
10853,311.80322407035555,12492.848187265603
10854,311.8193178119376,12492.848187265603
10855,311.831259828578,12492.848187265603
10856,311.83891358468253,12492.848187265603
10857,311.8332343809709,12492.848187265603
10858,311.80076067684627,12492.848187265603
10859,311.7565510805136,12492.848187265603
10860,311.72168926071987,12492.848187265603
10861,311.70794957390785,12492.848187265603
10862,311.7014096532724,12492.848187265603
10863,311.69566418557866,12492.848187265603
10864,311.6871790507126,12492.848187265603
10865,311.6726228857147,12492.848187265603
10866,311.65253201908587,12492.848187265603
10867,311.6315732409547,12492.848187265603
10868,311.61529664638545,12492.848187265603
10869,311.6094584693442,12492.848187265603
10870,311.6152901827306,12492.848187265603
10871,311.6281567224639,12492.848187265603
10872,311.6450447200449,12492.848187265603
10873,311.6608780369489,12492.848187265603
10874,311.6789953922927,12492.848187265603
10875,311.7141859702755,12492.848187265603
10876,311.7927659073481,9994.278549812483
10877,309.99003442491454,7495.708912359361
10878,307.9987510395841,4997.13927490624
10879,305.9085149638775,2498.56963745312
10880,303.72234375343515,0.0
10881,301.49099359307775,0.0
10882,301.1714400918118,0.0
10883,301.0837197421285,0.0
10884,301.0909294272836,0.0
10885,301.1601103491899,0.0
10886,301.1917726900343,0.0
10887,301.16612696897903,0.0
10888,301.1151198654988,0.0
10889,301.0574025727055,0.0
10890,301.0156702070386,0.0
10891,300.9767906838298,0.0
10892,300.94071467724024,0.0
10893,300.908740092389,0.0
10894,300.88324723503075,0.0
10895,300.85921707447665,0.0
10896,300.83021937949076,0.0
10897,300.79074685590996,0.0
10898,300.7480537388636,0.0
10899,300.7236796215714,0.0
10900,300.75534517341833,0.0
10901,300.83173170014845,0.0
10902,300.8802761185656,892.3462990904002
10903,301.540356523987,1784.6925981808004
10904,302.17986109798085,2677.0388972712003
10905,302.7613734683351,3569.3851963616007
10906,303.3593378390495,4461.731495452001
10907,304.0408000888964,5354.077794542401
10908,304.74045087014173,6246.4240936328015
10909,305.45245738885785,7138.770392723201
10910,306.1753142055306,8031.116691813601
10911,306.9061791379313,8923.462990904001
10912,307.63829421440795,9815.809289994402
10913,308.37905686297864,10708.155589084801
10914,309.13234788801134,11600.501888175202
10915,309.88198909437284,12492.848187265603
10916,310.6519237568767,12492.848187265603
10917,310.7653961483481,12492.848187265603
10918,310.8342670833019,12492.848187265603
10919,310.87526331458,12492.848187265603
10920,310.85387509047945,12492.848187265603
10921,310.774415131833,12492.848187265603
10922,310.7058940685979,12492.848187265603
10923,310.6775170327994,12492.848187265603
10924,310.6617906190452,12492.848187265603
10925,310.6520432652647,12492.848187265603
10926,310.64801386235536,12492.848187265603
10927,310.64781849429437,12492.848187265603
10928,310.64697576759386,12492.848187265603
10929,310.644469283579,12492.848187265603
10930,310.63983516550513,12492.848187265603
10931,310.6333061580341,12492.848187265603
10932,310.6249521905653,12492.848187265603
10933,310.60816287600625,12492.848187265603
10934,310.57314445665537,12492.848187265603
10935,310.53284747094443,12492.848187265603
10936,310.5049677914412,12492.848187265603
10937,310.49776605457646,12492.848187265603
10938,310.4963908553841,12492.848187265603
10939,310.4958912992099,12492.848187265603
10940,310.494448376413,12492.848187265603
10941,310.49127503671355,12492.848187265603
10942,310.4873923001711,12492.848187265603
10943,310.4827348900944,12492.848187265603
10944,310.47690930385625,11600.501888175204
10945,309.78607890915964,10708.155589084803
10946,309.0234105308065,9815.809289994402
10947,308.240195616976,8923.462990904003
10948,307.4483300899265,8031.116691813602
10949,306.65225365741344,7138.770392723201
10950,305.84681464424466,6246.4240936328015
10951,305.0310889841468,5354.0777945424015
10952,304.20546994481305,4461.731495452002
10953,303.3707238535518,3569.385196361602
10954,302.5270615932535,2677.0388972712008
10955,301.67505139769185,1784.692598180801
10956,300.814558376329,892.3462990904012
10957,299.94981390737416,0.0
10958,299.0859289914227,0.0
10959,298.8992144137554,0.0
10960,298.7655239640655,0.0
10961,298.6327975460336,0.0
10962,298.49650598338525,0.0
10963,298.3622783542065,0.0
10964,298.23824594929937,0.0
10965,298.1284490997435,0.0
10966,298.0277496307077,0.0
10967,297.988066937241,0.0
10968,298.087056151856,0.0
10969,298.2324503988954,0.0
10970,298.40631745859815,0.0
10971,298.52696929226283,0.0
10972,298.6476949293849,0.0
10973,298.7815492196108,0.0
10974,298.922052890971,0.0
10975,299.06064562724544,0.0
10976,299.1889481541349,0.0
10977,299.32582920603517,0.0
10978,299.4664796137132,0.0
10979,299.5792218087111,0.0
10980,299.6589860804045,0.0
10981,299.7236919870497,0.0
10982,299.7498885556088,0.0
10983,299.7028019284978,0.0
10984,299.65573740192093,0.0
10985,299.5956008126008,0.0
10986,299.50653356286523,0.0
10987,299.47761508624535,0.0
10988,299.4898243963404,0.0
10989,299.5297469061047,0.0
10990,299.5689271838472,0.0
10991,299.56366268626,0.0
10992,299.5030448838147,0.0
10993,299.418373785913,0.0
10994,299.36867673240954,0.0
10995,299.3763990496139,0.0
10996,299.4293292455971,0.0
10997,299.52921334652257,0.0
10998,299.63810357984045,0.0
10999,299.7796244780101,0.0
11000,299.9290787048811,0.0
11001,300.1212101986056,1135.7134715696004
11002,301.1368573913311,2271.426943139201
11003,302.2044045728884,3407.1404147088006
11004,303.2249635814715,4542.853886278402
11005,304.1884747466659,5678.567357848002
11006,305.09654336357596,6814.280829417601
11007,306.0087698911638,7949.994300987201
11008,306.9851980102167,9085.707772556803
11009,307.9887235576217,10221.421244126403
11010,308.97352794340475,11357.134715696004
11011,309.8921836128247,12492.848187265603
11012,310.83779533350975,12492.848187265603
11013,310.9250796494317,12492.848187265603
11014,310.91354929159877,12492.848187265603
11015,310.8817981433888,12492.848187265603
11016,310.82115508387216,12492.848187265603
11017,310.7035297472291,12492.848187265603
11018,310.58822366023645,12492.848187265603
11019,310.4951299108385,12492.848187265603
11020,310.44223386584986,12492.848187265603
11021,310.40943740979264,12492.848187265603
11022,310.384116248698,12492.848187265603
11023,310.3672461431233,12492.848187265603
11024,310.35698792268454,12492.848187265603
11025,310.3581891754761,12492.848187265603
11026,310.3676889574772,12492.848187265603
11027,310.3790861725996,12492.848187265603
11028,310.38550034071295,12492.848187265603
11029,310.38024957118444,12492.848187265603
11030,310.3637013733563,12492.848187265603
11031,310.34392956298893,12492.848187265603
11032,310.3304085584639,12492.848187265603
11033,310.3276044435,12492.848187265603
11034,310.3279482715503,12492.848187265603
11035,310.3291428255795,12492.848187265603
11036,310.3304939274144,12492.848187265603
11037,310.3314838838993,12492.848187265603
11038,310.3321442525078,12492.848187265603
11039,310.3327220695939,12492.848187265603
11040,310.33349030774514,12492.848187265603
11041,310.33775162261867,12492.848187265603
11042,310.35029129491164,12492.848187265603
11043,310.3667853489491,12492.848187265603
11044,310.38069570008645,12492.848187265603
11045,310.38302407673984,12492.848187265603
11046,310.36947835017645,12492.848187265603
11047,310.35080348411947,12492.848187265603
11048,310.34095694305694,11357.134715696002
11049,309.48597436465394,10221.4212441264
11050,308.56965230248375,9085.707772556803
11051,307.63795531772973,7949.994300987201
11052,306.6822852093151,6814.280829417601
11053,305.69706710461804,5678.567357848002
11054,304.69450892995627,4542.853886278402
11055,303.6785967916901,3407.1404147088006
11056,302.65056420216496,2271.4269431392
11057,301.61201224000376,1135.7134715695993
11058,300.5639458627997,0.0
11059,299.5057128736727,0.0
11060,299.303476428107,0.0
11061,299.16141975343834,0.0
11062,299.00495322801,0.0
11063,298.84664118482567,0.0
11064,298.71135834097475,0.0
11065,298.60923852318143,0.0
11066,298.52162530365945,0.0
11067,298.4421884119128,0.0
11068,298.367953349667,0.0
11069,298.2980459153774,0.0
11070,298.232199867637,0.0
11071,298.1701952151765,0.0
11072,298.1114095599866,0.0
11073,298.0603448707895,0.0
11074,298.02548843186617,0.0
11075,298.0011086961652,0.0
11076,297.97782562060456,0.0
11077,297.95014759216156,0.0
11078,297.92133405851524,0.0
11079,297.89234398491243,0.0
11080,297.8629267262998,3123.2120468164007
11081,300.21812770219594,6246.4240936328015
11082,302.7996878806406,9369.636140449202
11083,305.4432789054335,12492.848187265603
11084,308.1265038179033,12492.848187265603
11085,308.4610521699708,12492.848187265603
11086,308.6096491968018,12492.848187265603
11087,308.73155516565646,12492.848187265603
11088,308.83944216717975,12492.848187265603
11089,308.9359043282572,12492.848187265603
11090,309.02424417391325,12492.848187265603
11091,309.10436335591254,12492.848187265603
11092,309.1767721490904,12492.848187265603
11093,309.23920177523746,12492.848187265603
11094,309.28799200265365,12492.848187265603
11095,309.3279650442735,12492.848187265603
11096,309.36633806385396,12492.848187265603
11097,309.4108270468414,12492.848187265603
11098,309.4629304889572,12492.848187265603
11099,309.5149730966031,12492.848187265603
11100,309.5559668299247,12492.848187265603
11101,309.585155898853,12492.848187265603
11102,309.612726543872,12492.848187265603
11103,309.6597152682569,12492.848187265603
11104,309.7500641336488,12492.848187265603
11105,309.8568576730464,12492.848187265603
11106,309.9396012655834,12492.848187265603
11107,310.0192127181813,12492.848187265603
11108,310.1517264696787,12492.848187265603
11109,310.2877108971223,12492.848187265603
11110,310.39345870194364,12492.848187265603
11111,310.39390676903827,12492.848187265603
11112,310.2863319703449,9369.636140449202
11113,307.73607060355056,6246.4240936328015
11114,304.9512533223874,3123.2120468164007
11115,302.17876885186143,0.0
11116,299.39116247325535,0.0
11117,298.9854818274555,0.0
11118,298.7893029068607,0.0
11119,298.63276360020427,0.0
11120,298.4911763114251,0.0
11121,298.35982799603516,0.0
11122,298.23701821566135,0.0
11123,298.1214823665559,0.0
11124,298.0120419862219,0.0
11125,297.90573853545374,0.0
11126,297.798201599362,0.0
11127,297.6910442187188,0.0
11128,297.58705717440046,0.0
11129,297.48850359845943,6246.4240936328015
11130,302.15797111369716,12492.848187265603
11131,307.27356253754436,12492.848187265603
11132,307.7459189713321,12492.848187265603
11133,307.8638536500795,12492.848187265603
11134,307.9384689021992,12492.848187265603
11135,307.997019987217,12492.848187265603
11136,308.0466483496864,12492.848187265603
11137,308.0913987843737,12492.848187265603
11138,308.1322733087892,12492.848187265603
11139,308.1699940022884,12492.848187265603
11140,308.2047981981839,12492.848187265603
11141,308.2431803482532,12492.848187265603
11142,308.294096659375,12492.848187265603
11143,308.3478261658928,12492.848187265603
11144,308.39038536868077,12492.848187265603
11145,308.4116306605633,12492.848187265603
11146,308.41749192012327,12492.848187265603
11147,308.41695708107636,12492.848187265603
11148,308.419018156086,6246.4240936328015
11149,303.66333101109916,0.0
11150,298.46548349870864,0.0
11151,297.9123093570614,0.0
11152,297.71470678547706,0.0
11153,297.55979424244964,0.0
11154,297.42051363517686,0.0
11155,297.2931181758751,0.0
11156,297.17795512470866,0.0
11157,297.07190360778986,0.0
11158,296.9714741935927,0.0
11159,296.88897760357753,0.0
11160,296.86330084636006,0.0
11161,296.8951993886579,0.0
11162,296.9848298426398,0.0
11163,297.111250188426,0.0
11164,297.27581653544047,0.0
11165,297.46940332600354,0.0
11166,297.666091480465,0.0
11167,297.8538078089974,0.0
11168,298.0033649956911,0.0
11169,298.1158669136213,0.0
11170,298.2771061711286,0.0
11171,298.41649629923637,0.0
11172,298.4539187127455,0.0
11173,298.46391754516503,0.0
11174,298.447043394074,0.0
11175,298.5349023365319,0.0
11176,298.5997888499755,0.0
11177,298.65472310424326,0.0
11178,298.6944734963297,0.0
11179,298.722012257909,0.0
11180,298.7131128663794,0.0
11181,298.683342351292,0.0
11182,298.6575918506253,0.0
11183,298.6458473953779,0.0
11184,298.6204930337107,0.0
11185,298.5634020834424,0.0
11186,298.5087919282341,0.0
11187,298.4433583009462,0.0
11188,298.37471170294214,0.0
11189,298.28128554910637,0.0
11190,298.2090066152634,12492.848187265603
11191,307.683423700868,12492.848187265603
11192,308.5095999292664,12492.848187265603
11193,308.7097920467289,12492.848187265603
11194,308.8585707676252,12492.848187265603
11195,308.9879624575175,12492.848187265603
11196,309.09325588590684,12492.848187265603
11197,309.1733270241043,12492.848187265603
11198,309.2328092421906,12492.848187265603
11199,309.25538885628305,12492.848187265603
11200,309.2161412801852,12492.848187265603
11201,309.1512055776395,12492.848187265603
11202,309.1105508757687,12492.848187265603
11203,309.11871949034594,12492.848187265603
11204,309.1391270706159,12492.848187265603
11205,309.16165732375526,12492.848187265603
11206,309.18197503835995,12492.848187265603
11207,309.20071122398105,12492.848187265603
11208,309.2179370131836,12492.848187265603
11209,309.23597227187037,12492.848187265603
11210,309.25452666847923,12492.848187265603
11211,309.27190139447754,12492.848187265603
11212,309.2861029458735,12492.848187265603
11213,309.29194331476043,12492.848187265603
11214,309.28275176686475,12492.848187265603
11215,309.2728502592014,12492.848187265603
11216,309.27586005443993,12492.848187265603
11217,309.29853780384184,12492.848187265603
11218,309.32490075599713,12492.848187265603
11219,309.3511504586653,12492.848187265603
11220,309.3770129762086,0.0
11221,299.8738366669676,0.0
11222,299.0124138455338,0.0
11223,298.79585873638615,0.0
11224,298.64067263345703,0.0
11225,298.50526765953884,0.0
11226,298.3884249985889,0.0
11227,298.2836090738915,0.0
11228,298.18309668596027,0.0
11229,298.0828234963972,0.0
11230,297.9863782963009,0.0
11231,297.8946893977135,0.0
11232,297.8072841812893,0.0
11233,297.72360716241093,0.0
11234,297.6432577382009,0.0
11235,297.56590128033105,0.0
11236,297.4911104315656,0.0
11237,297.41689700570515,0.0
11238,297.33957266728646,0.0
11239,297.2586447756431,0.0
11240,297.17443914808115,0.0
11241,297.0591827573683,1041.0706822721336
11242,297.6654142174579,2082.141364544267
11243,298.3200979927889,3123.2120468164007
11244,299.0365862118954,4164.282729088534
11245,299.8416898747575,5205.353411360667
11246,300.680103730612,6246.4240936328015
11247,301.5348788096779,7287.494775904934
11248,302.39995645317487,8328.565458177069
11249,303.2724054281602,9369.636140449202
11250,304.1541624569439,10410.706822721335
11251,305.046566188785,11451.777504993468
11252,305.952190739881,12492.848187265603
11253,306.87186834171047,12492.848187265603
11254,307.0105265589341,12492.848187265603
11255,307.08955461406265,12492.848187265603
11256,307.16533903847153,12492.848187265603
11257,307.2398347008332,12492.848187265603
11258,307.31068806712415,12492.848187265603
11259,307.37690258689406,12492.848187265603
11260,307.44245656227395,12492.848187265603
11261,307.5081408239956,12492.848187265603
11262,307.573137660109,12492.848187265603
11263,307.6603907312215,12492.848187265603
11264,307.8032156969902,12492.848187265603
11265,307.9847775223909,12492.848187265603
11266,308.1722697093988,12492.848187265603
11267,308.32809918956644,12492.848187265603
11268,308.45398117081754,12492.848187265603
11269,308.5587390535227,12492.848187265603
11270,308.66420893266866,12492.848187265603
11271,308.8030528619226,12492.848187265603
11272,309.0239204736461,12492.848187265603
11273,309.2393260534019,12492.848187265603
11274,309.42389040289044,12492.848187265603
11275,309.5267723834485,12492.848187265603
11276,309.53410496881975,12492.848187265603
11277,309.4967067061808,12492.848187265603
11278,309.47569793291456,12492.848187265603
11279,309.52562954814243,12492.848187265603
11280,309.64124958323686,12492.848187265603
11281,309.7954261756045,12492.848187265603
11282,309.96642526210366,12492.848187265603
11283,310.0898275398159,12492.848187265603
11284,310.12907946693474,12492.848187265603
11285,310.0898469852181,11451.777504993468
11286,309.2675960472917,10410.706822721337
11287,308.4786170868426,9369.636140449202
11288,307.85033880776336,8328.56545817707
11289,307.2756122824534,7287.4947759049355
11290,306.5809386809855,6246.4240936328015
11291,305.69884927396447,5205.353411360669
11292,304.71334275224706,4164.282729088535
11293,303.69611206925356,3123.2120468164007
11294,302.62976347299775,2082.141364544268
11295,301.5713390226,1041.070682272134
11296,300.4622259540911,0.0
11297,299.3635513982743,0.0
11298,299.0319855879241,0.0
11299,298.85985502351247,0.0
11300,298.8368811772145,0.0
11301,298.870652833694,0.0
11302,298.8303529417465,0.0
11303,298.6701734370584,0.0
11304,298.42238347377776,0.0
11305,298.1122751182594,0.0
11306,297.8344746568632,0.0
11307,297.65313803539874,0.0
11308,297.48229919132496,0.0
11309,297.3277982069604,0.0
11310,297.2026851184119,0.0
11311,297.1008296308185,0.0
11312,297.0049047795561,0.0
11313,296.90500024942804,0.0
11314,296.793326243231,0.0
11315,296.6785892700042,0.0
11316,296.5727376532065,0.0
11317,296.48797047346073,0.0
11318,296.4239077564704,0.0
11319,296.3686482253427,0.0
11320,296.30824807028165,0.0
11321,296.23355665358076,0.0
11322,296.1511892739182,0.0
11323,296.0682491534223,0.0
11324,295.99103617106124,0.0
11325,295.92341218096357,0.0
11326,295.8610628496312,0.0
11327,295.8002593849738,0.0
11328,295.7378399098229,1041.0706822721336
11329,296.46658338001924,2082.141364544267
11330,297.2693035691917,3123.2120468164007
11331,298.092403269487,4164.282729088534
11332,298.9305122713696,5205.353411360667
11333,299.782997760052,6246.4240936328015
11334,300.6485245454837,7287.494775904934
11335,301.52631431195226,8328.565458177069
11336,302.41545511379417,9369.636140449202
11337,303.3153447107748,10410.706822721335
11338,304.22478601309723,11451.777504993468
11339,305.1430728420729,12492.848187265603
11340,306.07038454970444,12492.848187265603
11341,306.2091666382686,12492.848187265603
11342,306.274720493123,12492.848187265603
11343,306.32545806833735,12492.848187265603
11344,306.37397538464495,12492.848187265603
11345,306.42653988492896,12492.848187265603
11346,306.4800871272739,12492.848187265603
11347,306.5332032026215,12492.848187265603
11348,306.5865254702663,12492.848187265603
11349,306.63748335363834,12492.848187265603
11350,306.68580945811493,12492.848187265603
11351,306.737617794474,12492.848187265603
11352,306.80442222746615,12492.848187265603
11353,306.8895617005424,12492.848187265603
11354,306.9836938918402,12492.848187265603
11355,307.1412407028031,12492.848187265603
11356,307.44465306543333,12492.848187265603
11357,307.8039831965059,12492.848187265603
11358,308.09990668685964,12492.848187265603
11359,308.24295723357613,12492.848187265603
11360,308.2296960370063,12492.848187265603
11361,308.1228034941617,12492.848187265603
11362,308.09852146082545,12492.848187265603
11363,308.2346386204871,12492.848187265603
11364,308.530965423897,11451.777504993468
11365,308.0512539108925,10410.706822721337
11366,307.42312412550905,9369.636140449202
11367,306.6252693330776,8328.56545817707
11368,305.6819665478093,7287.4947759049355
11369,304.67886756977504,6246.4240936328015
11370,303.7217749528405,5205.353411360669
11371,302.83402790697943,4164.282729088535
11372,301.9622480880632,3123.2120468164007
11373,301.0702962763812,2082.141364544268
11374,300.14223778633436,1041.070682272134
11375,299.192353076573,0.0
11376,298.2419849067262,0.0
11377,298.1002760789069,0.0
11378,298.0449472598681,0.0
11379,298.0047236667092,0.0
11380,297.9607007755453,0.0
11381,297.91092202249666,0.0
11382,297.86498683022603,0.0
11383,297.84173335100917,0.0
11384,297.8835244124179,0.0
11385,297.9258696043188,0.0
11386,297.9323837605506,0.0
11387,297.8863247649301,0.0
11388,297.8125095595612,0.0
11389,297.7280794061647,0.0
11390,297.6331598743905,0.0
11391,297.5119408543129,0.0
11392,297.34518625093506,0.0
11393,297.14583761191795,0.0
11394,296.93947477149845,0.0
11395,296.79163036618866,0.0
11396,296.65590785576063,0.0
11397,296.52489761530796,0.0
11398,296.39774419794537,0.0
11399,296.27231329612323,0.0
11400,296.14492408281467,0.0
11401,296.01832035701307,0.0
11402,295.9001472348204,0.0
11403,295.7940244112543,0.0
11404,295.69931822701125,0.0
11405,295.6102497417419,0.0
11406,295.521398618488,0.0
11407,295.43415252036084,0.0
11408,295.35166686177973,0.0
11409,295.2768513138373,0.0
11410,295.20620941152754,0.0
11411,295.1389664602922,0.0
11412,295.07521798381134,0.0
11413,295.0150537767728,0.0
11414,294.9576202276167,0.0
11415,294.90119784401617,0.0
11416,294.84407232470903,0.0
11417,294.78538652321623,0.0
11418,294.72615678756495,0.0
11419,294.6670800746868,0.0
11420,294.60857490809275,0.0
11421,294.5510540238614,6246.4240936328015
11422,299.25877734351144,12492.848187265603
11423,304.4110584955771,12492.848187265603
11424,304.9198515277513,12492.848187265603
11425,305.07896445029223,12492.848187265603
11426,305.20558673704176,12492.848187265603
11427,305.32065580524244,12492.848187265603
11428,305.4218728697674,12492.848187265603
11429,305.5052256467737,12492.848187265603
11430,305.5727433113788,12492.848187265603
11431,305.630874991037,12492.848187265603
11432,305.6865385707441,12492.848187265603
11433,305.74344509898145,12492.848187265603
11434,305.7977311093732,12492.848187265603
11435,305.84945315263997,12492.848187265603
11436,305.8995323590863,12492.848187265603
11437,305.94852839419787,12492.848187265603
11438,305.9960426209431,12492.848187265603
11439,306.0416539904041,12492.848187265603
11440,306.08493025243,12492.848187265603
11441,306.1256681654377,12492.848187265603
11442,306.1644083488629,12492.848187265603
11443,306.20263862949525,12492.848187265603
11444,306.2429012239412,12492.848187265603
11445,306.2849025739344,12492.848187265603
11446,306.3273122448576,12492.848187265603
11447,306.3716326026556,12492.848187265603
11448,306.4210891300123,12492.848187265603
11449,306.47709810625406,6246.4240936328015
11450,301.7755141856565,0.0
11451,296.63418041916924,0.0
11452,296.1385444073131,0.0
11453,295.99794343254075,0.0
11454,295.9013276484488,0.0
11455,295.8773526244611,0.0
11456,296.00053702821043,0.0
11457,296.16767977224487,0.0
11458,296.3055940517713,0.0
11459,296.3406173135153,0.0
11460,296.3015433434044,0.0
11461,296.1990561382871,0.0
11462,296.11575758454313,0.0
11463,296.06993843915535,0.0
11464,295.95404466040225,0.0
11465,295.8022102995086,0.0
11466,295.6826781792122,0.0
11467,295.6306605204859,0.0
11468,295.5962172127697,0.0
11469,295.56223560322843,0.0
11470,295.5228066510509,0.0
11471,295.47837524422266,0.0
11472,295.43686886299776,960.9883220973542
11473,296.13326125461936,1921.9766441947083
11474,296.90047302482674,2882.9649662920624
11475,297.68476206475077,3843.9532883894167
11476,298.4802466887063,4804.9416104867705
11477,299.28445925071924,5765.929932584125
11478,300.0966732682983,6726.91825468148
11479,300.91675271439163,7687.906576778833
11480,301.7458785543867,8648.894898876186
11481,302.58405783680064,9609.883220973541
11482,303.4309066436261,10570.871543070896
11483,304.2857482451533,11531.85986516825
11484,305.148785473497,12492.848187265603
11485,306.0210234567339,12492.848187265603
11486,306.17094221374424,12492.848187265603
11487,306.2587856464056,12492.848187265603
11488,306.3302870723334,12492.848187265603
11489,306.3875456928658,12492.848187265603
11490,306.4359576986887,12492.848187265603
11491,306.47738565550725,12492.848187265603
11492,306.5126186688293,12492.848187265603
11493,306.5426208926634,12492.848187265603
11494,306.5681652577297,12492.848187265603
11495,306.59073651154966,12492.848187265603
11496,306.61254856301423,12492.848187265603
11497,306.63619625333786,12492.848187265603
11498,306.6636547372564,12492.848187265603
11499,306.69488138480966,12492.848187265603
11500,306.72929305904455,12492.848187265603
11501,306.76526178454407,12492.848187265603
11502,306.80332961262275,12492.848187265603
11503,306.8424166681876,12492.848187265603
11504,306.88088007143483,12492.848187265603
11505,306.91852224850436,11531.85986516825
11506,306.22252808934064,10570.871543070894
11507,305.45777268582106,9609.88322097354
11508,304.67368138719564,8648.894898876186
11509,303.87478602216027,7687.906576778833
11510,303.0622481760975,6726.918254681478
11511,302.23581078806774,5765.929932584123
11512,301.39591205191635,4804.94161048677
11513,300.54242218753257,3843.9532883894167
11514,299.6761019295122,2882.9649662920615
11515,298.7973317438933,1921.976644194707
11516,297.9078018884176,960.9883220973535
11517,297.008148157718,0.0
11518,296.0991912894601,0.0
11519,295.91435984346936,0.0
11520,295.78856358824265,0.0
11521,295.67259811893706,0.0
11522,295.56144495188414,0.0
11523,295.4547403769643,0.0
11524,295.35220333812515,0.0
11525,295.2542110613011,0.0
11526,295.1605121947058,0.0
11527,295.0706486550973,0.0
11528,294.9837853522662,0.0
11529,294.899498801314,0.0
11530,294.81830801390413,0.0
11531,294.74072740675905,0.0
11532,294.6672767679598,0.0
11533,294.59790686166156,0.0
11534,294.53199470578886,0.0
11535,294.4690662348518,0.0
11536,294.4088140787929,0.0
11537,294.3508849935068,0.0
11538,294.2946480392808,0.0
11539,294.2398686988018,0.0
11540,294.18702537008556,0.0
11541,294.136908118152,0.0
11542,294.09038852818065,0.0
11543,294.04929376752887,0.0
11544,294.0155675181,0.0
11545,293.9851176239914,0.0
11546,293.95155588456674,0.0
11547,293.91784028605775,0.0
11548,293.88940587259935,0.0
11549,293.8701139016631,0.0
11550,293.85637997233016,0.0
11551,293.8469731175064,0.0
11552,293.8414162708286,0.0
11553,293.8400877750402,0.0
11554,293.8433941369995,0.0
11555,293.84815231905543,0.0
11556,293.84992757134756,12492.848187265603
11557,303.3744672519105,12492.848187265603
11558,304.24957979980206,12492.848187265603
11559,304.47794282007027,12492.848187265603
11560,304.64651889673,12492.848187265603
11561,304.8024200060994,12492.848187265603
11562,304.9475356788281,12492.848187265603
11563,305.0821938025795,12492.848187265603
11564,305.20649600164694,12492.848187265603
11565,305.32074753153904,12492.848187265603
11566,305.4261194173356,12492.848187265603
11567,305.5239458428114,12492.848187265603
11568,305.6153442584646,12492.848187265603
11569,305.70230799703256,12492.848187265603
11570,305.78726504723306,12492.848187265603
11571,305.86958504775555,12492.848187265603
11572,305.9485644275808,12492.848187265603
11573,306.0242263084631,12492.848187265603
11574,306.09743762282073,12492.848187265603
11575,306.1664666466519,12492.848187265603
11576,306.2292930185149,12492.848187265603
11577,306.2846756617568,12492.848187265603
11578,306.3332702754679,12492.848187265603
11579,306.3772204012184,12492.848187265603
11580,306.4171838881452,12492.848187265603
11581,306.4573646981565,12492.848187265603
11582,306.5003943270478,12492.848187265603
11583,306.5658981739407,12492.848187265603
11584,306.69057473424004,12492.848187265603
11585,306.84370700524994,12492.848187265603
11586,306.9698770222375,12492.848187265603
11587,307.0237836252819,0.0
11588,297.4602075024853,0.0
11589,296.48422725024886,0.0
11590,296.1918127897716,0.0
11591,296.02017857582405,0.0
11592,295.8748819125163,0.0
11593,295.7407525755895,0.0
11594,295.6150774318242,0.0
11595,295.49558110627146,0.0
11596,295.38083462217446,0.0
11597,295.2730140462299,0.0
11598,295.1748757415426,0.0
11599,295.0900359789219,0.0
11600,295.0150138414123,0.0
11601,294.940931585733,0.0
11602,294.86336772866736,0.0
11603,294.7862488391451,0.0
11604,294.71477644506245,0.0
11605,294.65415879752527,0.0
11606,294.6032069689003,0.0
11607,294.5569089154719,0.0
11608,294.5094809762657,0.0
11609,294.4573947878701,0.0
11610,294.4028882245791,0.0
11611,294.34916430657404,0.0
11612,294.2988035863763,0.0
11613,294.25294358940886,0.0
11614,294.2088548784241,0.0
11615,294.1656968202806,0.0
11616,294.1233702602085,0.0
11617,294.0818049589703,0.0
11618,294.04094587285283,0.0
11619,294.0007409943779,0.0
11620,293.96114310772725,0.0
11621,293.9043675922687,0.0
11622,293.801827921629,0.0
11623,293.6780379756076,0.0
11624,293.5690390961248,0.0
11625,293.493305268068,0.0
11626,293.4258429089368,0.0
11627,293.36105017166255,0.0
11628,293.29918660814485,0.0
11629,293.23949193465893,0.0
11630,293.17980744260393,1249.2848187265604
11631,294.0738264837671,2498.569637453121
11632,295.05945625799905,3747.8544561796816
11633,296.0723861883713,4997.139274906242
11634,297.1048887138978,6246.4240936328015
11635,298.15611005623873,7495.708912359363
11636,299.2266362134251,8744.993731085922
11637,300.31558095346537,9994.278549812483
11638,301.4212040377077,11243.563368539042
11639,302.5655952811844,12492.848187265603
11640,303.80479228065064,12492.848187265603
11641,304.1320717957593,12492.848187265603
11642,304.40068862459026,12492.848187265603
11643,304.667913988047,12492.848187265603
11644,304.9402895011078,12492.848187265603
11645,305.21444407808406,12492.848187265603
11646,305.48579186304687,12492.848187265603
11647,305.73027684444895,12492.848187265603
11648,305.9345946068772,12492.848187265603
11649,306.1026258515893,12492.848187265603
11650,306.22558481922414,12492.848187265603
11651,306.3354137449372,12492.848187265603
11652,306.4455008764869,12492.848187265603
11653,306.5418109027191,12492.848187265603
11654,306.63283198052113,12492.848187265603
11655,306.76742768723983,11243.563368539042
11656,305.9654983602702,9994.278549812483
11657,305.082662442486,8744.993731085922
11658,304.182926931252,7495.708912359361
11659,303.19187652298405,6246.4240936328015
11660,302.13679545138496,4997.13927490624
11661,301.02709170766235,3747.8544561796803
11662,299.8995088894891,2498.56963745312
11663,298.78822967865193,1249.28481872656
11664,297.69203563989424,0.0
11665,296.6072018868107,0.0
11666,296.4691810513836,0.0
11667,296.3992200993317,0.0
11668,296.33800746447054,0.0
11669,296.28058895068955,0.0
11670,296.2246282750623,0.0
11671,296.167361261218,0.0
11672,296.10650318768387,0.0
11673,296.0458886285229,0.0
11674,295.99069635053894,0.0
11675,295.95659610103536,0.0
11676,295.9888353906923,0.0
11677,296.0253676322092,0.0
11678,296.0479467055978,0.0
11679,296.0424684963362,0.0
11680,296.05169277824217,960.9883220973542
11681,296.75702094863607,1921.9766441947083
11682,297.5778870857877,2882.9649662920624
11683,298.3865137849122,3843.9532883894167
11684,299.18126828654874,4804.9416104867705
11685,299.95255372940795,5765.929932584125
11686,300.71577839950623,6726.91825468148
11687,301.42956148678513,7687.906576778833
11688,302.11724654555917,8648.894898876186
11689,302.7763249204826,9609.883220973541
11690,303.4702363782886,10570.871543070896
11691,304.21584767490884,11531.85986516825
11692,305.0012731390812,12492.848187265603
11693,305.8226917849963,12492.848187265603
11694,305.94667144634997,12492.848187265603
11695,306.023302080642,12492.848187265603
11696,306.0801618161324,12492.848187265603
11697,306.11565383505194,12492.848187265603
11698,306.14313510610936,12492.848187265603
11699,306.1659728493767,12492.848187265603
11700,306.1843838436309,12492.848187265603
11701,306.1986758620222,12492.848187265603
11702,306.2091953103765,12492.848187265603
11703,306.21617912621457,12492.848187265603
11704,306.2198808317985,12492.848187265603
11705,306.2285365210066,12492.848187265603
11706,306.2565712967523,12492.848187265603
11707,306.29586149798934,12492.848187265603
11708,306.33323691952273,11531.85986516825
11709,305.6280761312448,10570.871543070894
11710,304.8514508722724,9609.88322097354
11711,304.0547399420633,8648.894898876186
11712,303.2422440962069,7687.906576778833
11713,302.41388402466424,6726.918254681478
11714,301.5695346698108,5765.929932584123
11715,300.7120926452304,4804.94161048677
11716,299.845346842104,3843.9532883894167
11717,298.97151311098577,2882.9649662920615
11718,298.0907638845132,1921.976644194707
11719,297.202733926048,960.9883220973535
11720,296.3076150886032,0.0
11721,295.40581203695086,0.0
11722,295.2305551122536,0.0
11723,295.1156540452143,0.0
11724,295.01069351619293,0.0
11725,294.90967015192996,0.0
11726,294.8128174314059,0.0
11727,294.7198395199436,0.0
11728,294.63114619792213,0.0
11729,294.5466751481714,0.0
11730,294.46579437111876,0.0
11731,294.3903175796052,0.0
11732,294.3258227352226,0.0
11733,294.27621748325816,0.0
11734,294.2358426199668,0.0
11735,294.24826810562115,0.0
11736,294.3740038976929,0.0
11737,294.54125948838714,0.0
11738,294.757963637733,0.0
11739,294.92572038881144,0.0
11740,295.08803980446885,0.0
11741,295.2556579112455,0.0
11742,295.41202839788787,0.0
11743,295.5671223677461,0.0
11744,295.6964247921943,0.0
11745,295.8079694361408,0.0
11746,295.91985709251776,0.0
11747,296.0438307819533,0.0
11748,296.16838852386866,0.0
11749,296.2854396905182,0.0
11750,296.38516456088047,0.0
11751,296.4691841879361,0.0
11752,296.53974822806293,0.0
11753,296.59020201577414,0.0
11754,296.6107182918244,0.0
11755,296.62145824186865,0.0
11756,296.653049993814,1561.6060234082004
11757,297.883181633132,3123.2120468164007
11758,299.21635622624956,4684.818070224601
11759,300.56579114275905,6246.4240936328015
11760,301.93677525984964,7808.030117041002
11761,303.3360832904634,9369.636140449202
11762,304.7766825438674,10931.242163857403
11763,306.25750141755185,12492.848187265603
11764,307.7735840694439,12492.848187265603
11765,308.1186598826684,12492.848187265603
11766,308.3638029253293,12492.848187265603
11767,308.5899228228788,12492.848187265603
11768,308.81514741632407,12492.848187265603
11769,309.02952608205493,12492.848187265603
11770,309.2369581372961,12492.848187265603
11771,309.42780685595983,12492.848187265603
11772,309.5900751451264,12492.848187265603
11773,309.72247588838127,12492.848187265603
11774,309.83629868662007,12492.848187265603
11775,309.9382565554114,12492.848187265603
11776,310.02395749807084,12492.848187265603
11777,310.09361857207585,12492.848187265603
11778,310.1465764932914,12492.848187265603
11779,310.17972720291243,12492.848187265603
11780,310.1738425478887,12492.848187265603
11781,310.1739064589201,12492.848187265603
11782,310.17655130823084,12492.848187265603
11783,310.161880387976,12492.848187265603
11784,310.11876650909824,12492.848187265603
11785,310.0145197450366,12492.848187265603
11786,309.92939772842044,12492.848187265603
11787,309.83929716810735,12492.848187265603
11788,309.7187078021295,12492.848187265603
11789,309.5994778224173,12492.848187265603
11790,309.4966047530263,12492.848187265603
11791,309.42304963661206,12492.848187265603
11792,309.3652102229572,12492.848187265603
11793,309.32679451989617,12492.848187265603
11794,309.2950547817261,12492.848187265603
11795,309.27131908220673,12492.848187265603
11796,309.26057336759845,12492.848187265603
11797,309.27042763850073,12492.848187265603
11798,309.30231758180355,12492.848187265603
11799,309.3426713364588,12492.848187265603
11800,309.3748973687465,12492.848187265603
11801,309.38656947915985,12492.848187265603
11802,309.3844262446228,12492.848187265603
11803,309.37988001250085,12492.848187265603
11804,309.3847225892509,10931.242163857403
11805,308.2131771339571,9369.636140449202
11806,306.93637416323276,7808.030117041002
11807,305.6299642975272,6246.4240936328015
11808,304.29997731740235,4684.818070224601
11809,302.94688586334144,3123.2120468164007
11810,301.57443991504124,1561.6060234082004
11811,300.1837778616167,0.0
11812,298.775698435672,0.0
11813,298.5422547289698,0.0
11814,298.4023700954996,0.0
11815,298.2771201143806,0.0
11816,298.1588111307997,0.0
11817,298.04433062109064,0.0
11818,297.930826860368,0.0
11819,297.81959824425905,0.0
11820,297.712926453786,0.0
11821,297.61179070153725,0.0
11822,297.5150652341288,0.0
11823,297.4255667095717,0.0
11824,297.3472745622588,0.0
11825,297.2832806069824,0.0
11826,297.2310764619604,0.0
11827,297.18718257317653,0.0
11828,297.1501593068359,0.0
11829,297.1173633144737,0.0
11830,297.09109770972896,0.0
11831,297.0739751158731,0.0
11832,297.0703936099658,0.0
11833,297.0835630964606,0.0
11834,297.1121200904903,0.0
11835,297.1568852430478,0.0
11836,297.21687817153094,0.0
11837,297.2908952480773,0.0
11838,297.37413713949184,0.0
11839,297.4620672315216,0.0
11840,297.55478374215545,0.0
11841,297.65603307047996,1388.0942430295113
11842,298.8292204255243,2776.1884860590226
11843,300.1400209911657,4164.282729088534
11844,301.5174153016391,5552.376972118045
11845,302.9352282458916,6940.471215147558
11846,304.3195425323235,8328.565458177069
11847,305.6650269809157,9716.65970120658
11848,307.0054060971662,11104.75394423609
11849,308.35307537743086,12492.848187265603
11850,309.7136109914988,12492.848187265603
11851,310.0260075187041,12492.848187265603
11852,310.2429411311612,12492.848187265603
11853,310.43546632902724,12492.848187265603
11854,310.613776947885,12492.848187265603
11855,310.77971150071943,12492.848187265603
11856,310.9292860037536,12492.848187265603
11857,311.06647520199084,12492.848187265603
11858,311.22029386899374,12492.848187265603
11859,311.37477143482465,12492.848187265603
11860,311.52405755097516,12492.848187265603
11861,311.66333049827875,12492.848187265603
11862,311.7876953085849,12492.848187265603
11863,311.86398337187063,12492.848187265603
11864,311.88332300955625,12492.848187265603
11865,311.8575153953738,12492.848187265603
11866,311.7701422292483,12492.848187265603
11867,311.71568628534004,12492.848187265603
11868,311.6997090170167,12492.848187265603
11869,311.7362737680511,12492.848187265603
11870,311.755928459807,12492.848187265603
11871,311.76190482530825,12492.848187265603
11872,311.7458749492198,11104.75394423609
11873,310.6572055994481,9716.65970120658
11874,309.47611363073787,8328.56545817707
11875,308.26112188849896,6940.471215147558
11876,307.020389450102,5552.376972118045
11877,305.75932093382687,4164.282729088535
11878,304.4830064855835,2776.188486059024
11879,303.19214481050324,1388.094243029512
11880,301.88615323724446,0.0
11881,300.56747239823864,0.0
11882,300.29726243723877,0.0
11883,300.1222242423,0.0
11884,299.9719181548662,0.0
11885,299.83760482903784,0.0
11886,299.7160586637682,0.0
11887,299.60453734684444,0.0
11888,299.4996027697449,0.0
11889,299.40331763086346,0.0
11890,299.31842399063487,0.0
11891,299.24036766145844,0.0
11892,299.16241747551106,0.0
11893,299.07801212318907,0.0
11894,298.98585581857907,0.0
11895,298.89140293417927,0.0
11896,298.80139229420257,0.0
11897,298.7225208746203,0.0
11898,298.6546455019442,0.0
11899,298.59092650227495,0.0
11900,298.5230086065002,0.0
11901,298.44330193539264,0.0
11902,298.3525673957102,0.0
11903,298.2582481434116,0.0
11904,298.16928880167876,0.0
11905,298.0916035105101,0.0
11906,298.02105186356965,0.0
11907,297.95230657885986,0.0
11908,297.88032337392815,0.0
11909,297.8016796975485,0.0
11910,297.71878435413083,892.3462990904002
11911,298.3154847499936,1784.6925981808004
11912,298.97783704835985,2677.0388972712003
11913,299.66118106040597,3569.3851963616007
11914,300.35912923522966,4461.731495452001
11915,301.069229273289,5354.077794542401
11916,301.789713603663,6246.4240936328015
11917,302.51787330785965,7138.770392723201
11918,303.2513136090853,8031.116691813601
11919,303.99341568890804,8923.462990904001
11920,304.74774679921376,9815.809289994402
11921,305.52173324058253,10708.155589084801
11922,306.32159026216834,11600.501888175202
11923,307.14194109984624,12492.848187265603
11924,307.9784334890403,12492.848187265603
11925,308.1424864028253,12492.848187265603
11926,308.2525136018852,12492.848187265603
11927,308.39528771195717,12492.848187265603
11928,308.63585971073866,12492.848187265603
11929,308.9220381435957,12492.848187265603
11930,309.2479290867218,12492.848187265603
11931,309.5359004263019,12492.848187265603
11932,309.7985168852712,12492.848187265603
11933,310.0733851826013,12492.848187265603
11934,310.3342607350167,12492.848187265603
11935,310.5784257005603,12492.848187265603
11936,310.80907354162986,12492.848187265603
11937,311.06105708309116,12492.848187265603
11938,311.3024247514227,12492.848187265603
11939,311.5491568560255,12492.848187265603
11940,311.75333841156987,12492.848187265603
11941,311.903108909017,12492.848187265603
11942,311.99189553184283,12492.848187265603
11943,312.0703741855923,11600.501888175204
11944,311.4404725551842,10708.155589084803
11945,310.7388800384775,9815.809289994402
11946,310.04252945488975,8923.462990904003
11947,309.329382748595,8031.116691813602
11948,308.61134785447155,7138.770392723201
11949,307.8524019147939,6246.4240936328015
11950,307.07716718608737,5354.0777945424015
11951,306.29776283608953,4461.731495452002
11952,305.54418757608744,3569.385196361602
11953,304.81149939639255,2677.0388972712008
11954,304.1077244467859,1784.692598180801
11955,303.44380661557597,892.3462990904012
11956,302.86615474534943,0.0
11957,302.3035549003514,0.0
11958,302.3496351518302,0.0
11959,302.30083218739327,0.0
11960,302.1067981738923,0.0
11961,301.8177261004915,0.0
11962,301.5585333185962,0.0
11963,301.43577363977664,0.0
11964,301.34856623643446,0.0
11965,301.2460599978759,0.0
11966,301.0880628734571,0.0
11967,300.8818352244224,0.0
11968,300.6442676643683,0.0
11969,300.4435386015795,0.0
11970,300.25563378981053,0.0
11971,300.0728172466838,0.0
11972,299.88634173873317,0.0
11973,299.7017481948891,0.0
11974,299.5285370761271,0.0
11975,299.37597596509937,0.0
11976,299.2415987509123,0.0
11977,299.12487798061835,0.0
11978,299.02671840712634,0.0
11979,298.9353697513959,0.0
11980,298.8442150998592,0.0
11981,298.75213116220294,0.0
11982,298.6660167314079,0.0
11983,298.58925859446333,0.0
11984,298.5182684541893,0.0
11985,298.4504871866584,0.0
11986,298.38435706571596,0.0
11987,298.31858013676083,960.9883220973542
11988,298.98487999794577,1921.9766441947083
11989,299.71766630676643,2882.9649662920624
11990,300.46897451110425,3843.9532883894167
11991,301.2339794747951,4804.9416104867705
11992,302.01207195584635,5765.929932584125
11993,302.8020430847764,6726.91825468148
11994,303.6031398368913,7687.906576778833
11995,304.41451828927075,8648.894898876186
11996,305.23589321276785,9609.883220973541
11997,306.06710502229373,10570.871543070896
11998,306.9080858848307,11531.85986516825
11999,307.7585666287861,12492.848187265603
12000,308.6177259466121,12492.848187265603
12001,308.75204143268627,12492.848187265603
12002,308.8265849955726,12492.848187265603
12003,308.8905594779085,12492.848187265603
12004,308.9491302701543,12492.848187265603
12005,309.00383418991976,12492.848187265603
12006,309.0554158823589,12492.848187265603
12007,309.1038569144118,12492.848187265603
12008,309.1487745431974,12492.848187265603
12009,309.18958870201095,12492.848187265603
12010,309.22673963461267,12492.848187265603
12011,309.26129729965555,12492.848187265603
12012,309.2944217698958,12492.848187265603
12013,309.3279994917313,12492.848187265603
12014,309.3633172988414,12492.848187265603
12015,309.3986751942036,12492.848187265603
12016,309.4315342089754,12492.848187265603
12017,309.45996486497626,12492.848187265603
12018,309.48500707434914,12492.848187265603
12019,309.5106457370595,12492.848187265603
12020,309.54260277173574,12492.848187265603
12021,309.58096869713,12492.848187265603
12022,309.6220816210129,11531.85986516825
12023,308.9314751073048,10570.871543070894
12024,308.1755229657427,9609.88322097354
12025,307.40368115154473,8648.894898876186
12026,306.6198496642115,7687.906576778833
12027,305.8256975907932,6726.918254681478
12028,305.0259639956807,5765.929932584123
12029,304.22254605156144,4804.94161048677
12030,303.4178981283372,3843.9532883894167
12031,302.63403215985255,2882.9649662920615
12032,301.9035810722879,1921.976644194707
12033,301.19866551532164,960.9883220973535
12034,300.49071834615853,0.0
12035,299.71093555543587,0.0
12036,299.6362787581201,0.0
12037,299.6132997100233,0.0
12038,299.5993209794436,0.0
12039,299.5912567487446,0.0
12040,299.58263550389796,0.0
12041,299.5611614856715,0.0
12042,299.5615507101818,0.0
12043,299.5654182540955,0.0
12044,299.56439327723984,0.0
12045,299.55932044492374,0.0
12046,299.55299049773805,0.0
12047,299.5455797615374,0.0
12048,299.5351699600038,0.0
12049,299.52191362378375,0.0
12050,299.5126316703315,0.0
12051,299.50229581708203,892.3462990904002
12052,300.16840572515184,1784.6925981808004
12053,300.89562078201084,2677.0388972712003
12054,301.6383324161577,3569.3851963616007
12055,302.35571142411453,4461.731495452001
12056,302.98792397432305,5354.077794542401
12057,303.58429133798336,6246.4240936328015
12058,304.22813234942623,7138.770392723201
12059,304.993642532548,8031.116691813601
12060,305.8677717214091,8923.462990904001
12061,306.8100442922469,9815.809289994402
12062,307.70821050692473,10708.155589084801
12063,308.53265377090406,11600.501888175202
12064,309.3133666351549,12492.848187265603
12065,310.0976039031578,12492.848187265603
12066,310.1859159415583,12492.848187265603
12067,310.18461687817387,12492.848187265603
12068,310.1387866318606,12492.848187265603
12069,310.0860447665771,12492.848187265603
12070,310.06021957976935,12492.848187265603
12071,310.0775371180955,12492.848187265603
12072,310.10701637467685,12492.848187265603
12073,310.1389720800734,12492.848187265603
12074,310.1686494813687,12492.848187265603
12075,310.19046785911934,12492.848187265603
12076,310.2039437249837,12492.848187265603
12077,310.2149644164647,12492.848187265603
12078,310.232020855948,12492.848187265603
12079,310.25834281274444,12492.848187265603
12080,310.2867047935537,12492.848187265603
12081,310.31469087142204,12492.848187265603
12082,310.34097257943927,12492.848187265603
12083,310.36583780353686,11600.501888175204
12084,309.70931261576374,10708.155589084803
12085,308.9905831603057,9815.809289994402
12086,308.25779130225067,8923.462990904003
12087,307.51323715557993,8031.116691813602
12088,306.75487921480203,7138.770392723201
12089,305.97710501400013,6246.4240936328015
12090,305.1722450779979,5354.0777945424015
12091,304.34369690217216,4461.731495452002
12092,303.4973989071493,3569.385196361602
12093,302.6256319006656,2677.0388972712008
12094,301.7123549636618,1784.692598180801
12095,300.7829531169196,892.3462990904012
12096,299.8714528410521,0.0
12097,298.99353706435613,0.0
12098,298.80164947960225,0.0
12099,298.6707949626534,0.0
12100,298.5540050717135,0.0
12101,298.4454589366736,0.0
12102,298.34297239122265,0.0
12103,298.2447502700519,0.0
12104,298.1491905431617,0.0
12105,298.0551567551962,0.0
12106,297.96275793107685,0.0
12107,297.87244581414797,0.0
12108,297.7846434515136,0.0
12109,297.69972189882617,0.0
12110,297.6176218152244,0.0
12111,297.53860100389966,0.0
12112,297.46325285123464,0.0
12113,297.3931424507024,0.0
12114,297.32955159731785,0.0
12115,297.27031238293876,0.0
12116,297.2134428108819,0.0
12117,297.1573313956061,0.0
12118,297.1040297101968,0.0
12119,297.0570833411258,2082.141364544267
12120,298.6082583966705,4164.282729088534
12121,300.31515244858764,6246.4240936328015
12122,302.06760264863306,8328.565458177069
12123,303.85368194881164,10410.706822721335
12124,305.6738317359682,12492.848187265603
12125,307.5275562282605,12492.848187265603
12126,307.8251762302963,12492.848187265603
12127,308.02784933903274,12492.848187265603
12128,308.273667514466,12492.848187265603
12129,308.5590972072245,12492.848187265603
12130,308.81414035480293,12492.848187265603
12131,309.00969587622177,12492.848187265603
12132,309.1679568569564,12492.848187265603
12133,309.315867374128,12492.848187265603
12134,309.4656449865854,12492.848187265603
12135,309.60937640245055,12492.848187265603
12136,309.74891458007437,12492.848187265603
12137,309.8882619247719,12492.848187265603
12138,310.0309687528585,10410.706822721337
12139,308.61010215476244,8328.56545817707
12140,307.071275604656,6246.4240936328015
12141,305.4906050836848,4164.282729088535
12142,303.8174429520328,2082.141364544268
12143,302.0678304464704,0.0
12144,300.28893129822694,0.0
12145,300.0868834298811,0.0
12146,300.03341918378715,0.0
12147,299.99890088815516,0.0
12148,299.95922958962296,0.0
12149,299.9126723703591,0.0
12150,299.8688581256083,0.0
12151,299.8430592955152,0.0
12152,299.879820739797,0.0
12153,299.9678053286391,0.0
12154,300.0445398718347,0.0
12155,300.1152403258172,0.0
12156,300.15171529873436,0.0
12157,300.16186068012786,0.0
12158,300.14971631945014,0.0
12159,300.12180114481475,0.0
12160,300.0870188311392,0.0
12161,300.026647277595,0.0
12162,299.91670276014827,0.0
12163,299.7737187017388,0.0
12164,299.6398586818458,0.0
12165,299.5182011285327,0.0
12166,299.4086517771398,0.0
12167,299.2295869698442,1388.0942430295113
12168,300.11549047653455,2776.1884860590226
12169,301.07265777316763,4164.282729088534
12170,302.04499456381416,5552.376972118045
12171,303.03182143323505,6940.471215147558
12172,304.06977729444253,8328.565458177069
12173,305.1547490277436,9716.65970120658
12174,306.2448525042004,11104.75394423609
12175,307.3647448089648,12492.848187265603
12176,308.52745059467435,12492.848187265603
12177,308.6703654686375,12492.848187265603
12178,308.7457662394771,12492.848187265603
12179,308.8124980605796,12492.848187265603
12180,308.8652216477481,12492.848187265603
12181,308.8932255829435,12492.848187265603
12182,308.8971818122178,12492.848187265603
12183,308.8917665921083,12492.848187265603
12184,308.8941594933606,12492.848187265603
12185,308.91474629229236,12492.848187265603
12186,308.9434780288944,12492.848187265603
12187,308.97256422773495,12492.848187265603
12188,308.99562026011523,12492.848187265603
12189,309.0084958465042,12492.848187265603
12190,309.01481054078147,12492.848187265603
12191,309.0186314916176,11104.75394423609
12192,307.96467891872,9716.65970120658
12193,306.81661014431506,8328.56545817707
12194,305.6436898321076,6940.471215147558
12195,304.4508620007101,5552.376972118045
12196,303.23751319953465,4164.282729088535
12197,302.0029180261988,2776.188486059024
12198,300.74893388125685,1388.094243029512
12199,299.47821154834855,0.0
12200,298.19422578040616,0.0
12201,297.95875625905455,0.0
12202,297.8120238914819,0.0
12203,297.68149730475045,0.0
12204,297.557615309847,0.0
12205,297.4356164539759,0.0
12206,297.31374580400757,0.0
12207,297.19480135442006,0.0
12208,297.082985908633,0.0
12209,296.9830740673826,0.0
12210,296.89568341301464,0.0
12211,296.8181827646971,0.0
12212,296.75008327317806,0.0
12213,296.68613917426416,0.0
12214,296.62543138385735,0.0
12215,296.5715763538376,0.0
12216,296.5312866084396,0.0
12217,296.5068486271575,0.0
12218,296.5014344249418,0.0
12219,296.51777536069284,0.0
12220,296.5566081360956,0.0
12221,296.61886628574496,0.0
12222,296.70034633942174,0.0
12223,296.80280505179513,0.0
12224,296.9555493111088,0.0
12225,297.11427027172556,0.0
12226,297.27347116181,960.9883220973542
12227,298.16664384472585,1921.9766441947083
12228,299.14028960228245,2882.9649662920624
12229,300.11568813029277,3843.9532883894167
12230,301.057835152373,4804.9416104867705
12231,301.94672547383277,5765.929932584125
12232,302.7799797376971,6726.91825468148
12233,303.5790738111939,7687.906576778833
12234,304.36184956010277,8648.894898876186
12235,305.1316355615493,9609.883220973541
12236,305.87145927617416,10570.871543070896
12237,306.6356159276201,11531.85986516825
12238,307.4582697948951,12492.848187265603
12239,308.35208929318094,12492.848187265603
12240,308.5367178223784,12492.848187265603
12241,308.6567992342509,12492.848187265603
12242,308.75896987696274,12492.848187265603
12243,308.84745159182364,12492.848187265603
12244,308.93229616021006,12492.848187265603
12245,309.0174060173284,12492.848187265603
12246,309.1000744108974,12492.848187265603
12247,309.1767741003106,12492.848187265603
12248,309.2454098853612,12492.848187265603
12249,309.3045877325176,12492.848187265603
12250,309.35675299633107,12492.848187265603
12251,309.4034164535872,12492.848187265603
12252,309.4459825523252,12492.848187265603
12253,309.48508923866353,12492.848187265603
12254,309.52028882824,12492.848187265603
12255,309.5509407223711,12492.848187265603
12256,309.57728251056477,11531.85986516825
12257,308.86592558902163,10570.871543070894
12258,308.0813297914565,9609.88322097354
12259,307.27351989243834,8648.894898876186
12260,306.44740992781095,7687.906576778833
12261,305.60545693417305,6726.918254681478
12262,304.7497264437099,5765.929932584123
12263,303.88186648290025,4804.94161048677
12264,303.0029125286964,3843.9532883894167
12265,302.11367156551614,2882.9649662920615
12266,301.21579937131355,1921.976644194707
12267,300.31051026208195,960.9883220973535
12268,299.4003843037629,0.0
12269,298.4859254103515,0.0
12270,298.30180940477203,0.0
12271,298.1815710338051,0.0
12272,298.0731741263734,0.0
12273,297.97101247950894,0.0
12274,297.8733861646281,0.0
12275,297.77934550989255,0.0
12276,297.68825959599684,0.0
12277,297.5976183553369,0.0
12278,297.5040884415148,0.0
12279,297.41006541090775,0.0
12280,297.31923574295416,0.0
12281,297.23397290374027,0.0
12282,297.152785905334,0.0
12283,297.07566547586964,0.0
12284,297.00315235839463,0.0
12285,296.9365785268995,0.0
12286,296.8762442133001,0.0
12287,296.8187079724897,0.0
12288,296.75974234650135,0.0
12289,296.6967826640457,0.0
12290,296.63216440895036,0.0
12291,296.5677346440395,0.0
12292,296.50477024204946,0.0
12293,296.4440997901541,0.0
12294,296.3847625372719,0.0
12295,296.32651567288303,0.0
12296,296.2692782871841,0.0
12297,296.2132084731005,0.0
12298,296.1586419783611,1041.0706822721336
12299,296.8999437096146,2082.141364544267
12300,297.7166746562751,3123.2120468164007
12301,298.55632376777805,4164.282729088534
12302,299.4149039083612,5205.353411360667
12303,300.28955065879836,6246.4240936328015
12304,301.1755910870287,7287.494775904934
12305,302.06940134682577,8328.565458177069
12306,302.97155791760514,9369.636140449202
12307,303.8848918861014,10410.706822721335
12308,304.81466792434037,11451.777504993468
12309,305.7644660869135,12492.848187265603
12310,306.7344370878698,12492.848187265603
12311,306.9318973407598,12492.848187265603
12312,307.077229731369,12492.848187265603
12313,307.2247879305307,12492.848187265603
12314,307.3747342484131,12492.848187265603
12315,307.5253018117343,12492.848187265603
12316,307.6746064588843,12492.848187265603
12317,307.82425693570997,12492.848187265603
12318,307.9797125578072,12492.848187265603
12319,308.13613960636155,12492.848187265603
12320,308.2881324148239,12492.848187265603
12321,308.42961377092905,12492.848187265603
12322,308.55886313948196,12492.848187265603
12323,308.6487468787388,12492.848187265603
12324,308.6548986376431,12492.848187265603
12325,308.6282150490722,12492.848187265603
12326,308.6317839426383,12492.848187265603
12327,308.69815492734887,12492.848187265603
12328,308.7787964514713,12492.848187265603
12329,308.85902837732124,12492.848187265603
12330,308.9366339892691,12492.848187265603
12331,309.0087199268558,12492.848187265603
12332,309.07499191619803,12492.848187265603
12333,309.13789381204833,12492.848187265603
12334,309.20037460429336,12492.848187265603
12335,309.2984088322939,12492.848187265603
12336,309.47977955927695,12492.848187265603
12337,309.69434138470746,12492.848187265603
12338,309.8890174846699,12492.848187265603
12339,310.0217001811331,12492.848187265603
12340,310.12463918727406,12492.848187265603
12341,310.2013084841741,12492.848187265603
12342,310.2596413047088,12492.848187265603
12343,310.30640682638995,12492.848187265603
12344,310.3545229685655,12492.848187265603
12345,310.41905647099287,12492.848187265603
12346,310.47656489157964,12492.848187265603
12347,310.5303475468121,12492.848187265603
12348,310.5723927487081,12492.848187265603
12349,310.6048205224574,12492.848187265603
12350,310.636947350434,11451.777504993468
12351,309.9088063454458,10410.706822721337
12352,309.2120702291417,9369.636140449202
12353,308.49580832341013,8328.56545817707
12354,307.7121838095948,7287.4947759049355
12355,306.82667997866895,6246.4240936328015
12356,305.89109559725836,5205.353411360669
12357,304.9218386606888,4164.282729088535
12358,303.9316158858952,3123.2120468164007
12359,302.90577514022283,2082.141364544268
12360,301.8424510463713,1041.070682272134
12361,300.7834740284142,0.0
12362,299.71651620056497,0.0
12363,299.43106749796567,0.0
12364,299.2441721128634,0.0
12365,299.0881943386462,0.0
12366,298.9526625182781,0.0
12367,298.8290304726886,0.0
12368,298.7076275572925,0.0
12369,298.58465408514985,0.0
12370,298.4580597007041,0.0
12371,298.33180838004284,0.0
12372,298.2105520809516,0.0
12373,298.09716124784364,0.0
12374,297.9886085332958,0.0
12375,297.8860322352583,0.0
12376,297.79166359735825,0.0
12377,297.7092952914595,0.0
12378,297.6394815626357,0.0
12379,297.57513021543565,0.0
12380,297.5071784497318,0.0
12381,297.4315255794899,0.0
12382,297.3540513380129,0.0
12383,297.27628377179633,0.0
12384,297.19803788915976,0.0
12385,297.1176620321379,0.0
12386,297.0339159252217,0.0
12387,296.95074988045246,0.0
12388,296.8735323582083,0.0
12389,296.8041100842776,0.0
12390,296.7366339206761,0.0
12391,296.6696357859342,0.0
12392,296.60299976758745,0.0
12393,296.53667533508406,0.0
12394,296.4706381680769,0.0
12395,296.40485727782794,0.0
12396,296.3393104311152,3123.2120468164007
12397,298.65597200501327,6246.4240936328015
12398,301.1931366835846,9369.636140449202
12399,303.7900418290816,12492.848187265603
12400,306.4320260819724,12492.848187265603
12401,306.72874337309656,12492.848187265603
12402,306.832383905963,12492.848187265603
12403,306.9125302693852,12492.848187265603
12404,307.0034959346646,12492.848187265603
12405,307.11973566148225,12492.848187265603
12406,307.2631049558956,12492.848187265603
12407,307.4132601410323,12492.848187265603
12408,307.56244051674054,12492.848187265603
12409,307.7113123597393,12492.848187265603
12410,307.89315363086627,12492.848187265603
12411,308.129909575302,12492.848187265603
12412,308.36653044761755,12492.848187265603
12413,308.56578039933027,12492.848187265603
12414,308.7472822154553,12492.848187265603
12415,308.89347178881076,12492.848187265603
12416,309.00288614341264,12492.848187265603
12417,309.0914949924354,12492.848187265603
12418,309.15191876552467,12492.848187265603
12419,309.2215784676745,12492.848187265603
12420,309.22788304867316,12492.848187265603
12421,309.216821236299,12492.848187265603
12422,309.2566618710862,12492.848187265603
12423,309.401288393585,12492.848187265603
12424,309.62761154442416,12492.848187265603
12425,309.89598024718754,9369.636140449202
12426,307.757975540726,6246.4240936328015
12427,305.3507506466427,3123.2120468164007
12428,302.9006775904377,0.0
12429,300.3885800047233,0.0
12430,300.1894486235315,0.0
12431,300.13988212440233,0.0
12432,300.0893084522979,0.0
12433,300.03901916373434,0.0
12434,300.01793747577034,0.0
12435,300.010894635772,0.0
12436,299.99257760459034,0.0
12437,299.9644767458579,0.0
12438,299.93445097235144,0.0
12439,299.94601790490236,0.0
12440,300.0565431856502,0.0
12441,300.21474363175747,0.0
12442,300.30193284844324,0.0
12443,300.28484730555596,0.0
12444,300.25580794491844,0.0
12445,300.17561963570216,0.0
12446,300.0753851610006,0.0
12447,299.9256283016678,0.0
12448,299.7116405938093,0.0
12449,299.51687393160427,0.0
12450,299.28083331245455,2498.569637453121
12451,300.96700824315707,4997.139274906242
12452,302.85002706041826,7495.708912359363
12453,304.7810299760063,9994.278549812483
12454,306.7090030395049,12492.848187265603
12455,308.6659280613879,12492.848187265603
12456,308.7830723053587,12492.848187265603
12457,308.8058273702303,12492.848187265603
12458,308.8269892876916,12492.848187265603
12459,308.85066539251,12492.848187265603
12460,308.8821177768515,12492.848187265603
12461,308.9243605270092,12492.848187265603
12462,308.96954041698154,12492.848187265603
12463,309.0157535027547,12492.848187265603
12464,309.0588181269145,12492.848187265603
12465,309.09787817637283,12492.848187265603
12466,309.13406288762883,12492.848187265603
12467,309.1681063084918,12492.848187265603
12468,309.20035987011084,12492.848187265603
12469,309.23174115020413,12492.848187265603
12470,309.26354046959835,12492.848187265603
12471,309.2958253804058,12492.848187265603
12472,309.32843392100676,12492.848187265603
12473,309.3628520562683,12492.848187265603
12474,309.4012210291536,12492.848187265603
12475,309.44042005990093,12492.848187265603
12476,309.47614640452963,12492.848187265603
12477,309.50613259706057,12492.848187265603
12478,309.5332863305174,12492.848187265603
12479,309.5584929911301,12492.848187265603
12480,309.58189385607324,9994.278549812483
12481,307.69818290010403,7495.708912359361
12482,305.63639757361904,4997.13927490624
12483,303.5249209915182,2498.56963745312
12484,301.3751861274438,0.0
12485,299.19009712379943,0.0
12486,298.8785508241487,0.0
12487,298.7144035917353,0.0
12488,298.572426882155,0.0
12489,298.44166176236854,0.0
12490,298.3193232560403,0.0
12491,298.20393488414885,0.0
12492,298.0942532380861,0.0
12493,297.98921130259663,0.0
12494,297.88760345871276,0.0
12495,297.789033153936,0.0
12496,297.6931083801934,0.0
12497,297.589960791229,0.0
12498,297.4631953220368,0.0
12499,297.32976275553597,0.0
12500,297.2215846738163,0.0
12501,297.158946808065,0.0
12502,297.14727613494773,0.0
12503,297.1858277207882,0.0
12504,297.3102265574443,0.0
12505,297.48899127118756,0.0
12506,297.6702828565329,0.0
12507,297.8169180528682,960.9883220973542
12508,298.7380441100946,1921.9766441947083
12509,299.68624447533324,2882.9649662920624
12510,300.65191550090634,3843.9532883894167
12511,301.64786640823814,4804.9416104867705
12512,302.61016203095176,5765.929932584125
12513,303.5628897728468,6726.91825468148
12514,304.52168173798833,7687.906576778833
12515,305.4862026163773,8648.894898876186
12516,306.4436200042099,9609.883220973541
12517,307.3972215438189,10570.871543070896
12518,308.3462722947262,11531.85986516825
12519,309.2935520534325,12492.848187265603
12520,310.22459318181996,12492.848187265603
12521,310.40116845608446,12492.848187265603
12522,310.5255935537814,12492.848187265603
12523,310.6619292038629,12492.848187265603
12524,310.8073288231013,12492.848187265603
12525,310.94036308752777,12492.848187265603
12526,311.05508681757186,12492.848187265603
12527,311.163603170065,12492.848187265603
12528,311.2716905366366,12492.848187265603
12529,311.39094009762414,12492.848187265603
12530,311.5376266480687,12492.848187265603
12531,311.69019367579983,12492.848187265603
12532,311.84722759571673,12492.848187265603
12533,311.99609171312096,12492.848187265603
12534,312.1340094789153,12492.848187265603
12535,312.26670593407806,12492.848187265603
12536,312.412700607901,12492.848187265603
12537,312.5609599224333,12492.848187265603
12538,312.7026881885321,12492.848187265603
12539,312.82766970020594,12492.848187265603
12540,312.9328121283028,12492.848187265603
12541,313.004592114495,12492.848187265603
12542,313.04711782635167,12492.848187265603
12543,313.0747228208794,12492.848187265603
12544,313.1044454850283,12492.848187265603
12545,313.13478635301993,12492.848187265603
12546,313.1472555883812,12492.848187265603
12547,313.13209762128133,11531.85986516825
12548,312.3450428379783,10570.871543070894
12549,311.50429443976145,9609.88322097354
12550,310.64535717276124,8648.894898876186
12551,309.7490137591176,7687.906576778833
12552,308.7661808208325,6726.918254681478
12553,307.76711295754603,5765.929932584123
12554,306.7349159130012,4804.94161048677
12555,305.73645735353034,3843.9532883894167
12556,304.698236449551,2882.9649662920615
12557,303.6711880087853,1921.976644194707
12558,302.66888755856104,960.9883220973535
12559,301.70218421891593,0.0
12560,300.74037400219413,0.0
12561,300.5154643542684,0.0
12562,300.3627659397692,0.0
12563,300.2264949358301,0.0
12564,300.0944153484731,0.0
12565,299.95296509171976,0.0
12566,299.79276353734247,0.0
12567,299.6297029817319,0.0
12568,299.4843645956551,0.0
12569,299.37434519089913,0.0
12570,299.2930096459883,0.0
12571,299.2232271263332,0.0
12572,299.1463783199963,0.0
12573,299.0534113651042,0.0
12574,298.95763275532886,0.0
12575,298.8628546154933,0.0
12576,298.7698406010544,0.0
12577,298.6788140019785,0.0
12578,298.58900746024926,0.0
12579,298.50025010392307,0.0
12580,298.412397802807,0.0
12581,298.32683545267287,0.0
12582,298.2456244672465,0.0
12583,298.16666703137264,0.0
12584,298.0866873836877,0.0
12585,297.9979092349781,0.0
12586,297.8929760274379,0.0
12587,297.7830301052256,0.0
12588,297.6832059661286,0.0
12589,297.60128057507376,0.0
12590,297.52616852768233,0.0
12591,297.4530837097725,0.0
12592,297.37940060787366,0.0
12593,297.3039050461003,0.0
12594,297.2282583223056,0.0
12595,297.1577730207714,0.0
12596,297.10435137125637,0.0
12597,297.07887643167766,0.0
12598,297.0957360169331,0.0
12599,297.15703968958167,0.0
12600,297.26825315604265,0.0
12601,297.42932919242264,0.0
12602,297.5927638938623,0.0
12603,297.73673748290264,0.0
12604,297.9274367044992,0.0
12605,298.0816027548228,0.0
12606,298.2404024220822,0.0
12607,298.42186570131247,960.9883220973542
12608,299.29666985193677,1921.9766441947083
12609,300.2138346723351,2882.9649662920624
12610,301.1370150572884,3843.9532883894167
12611,302.06488134617524,4804.9416104867705
12612,302.99616367439006,5765.929932584125
12613,303.93514265800354,6726.91825468148
12614,304.87460332516525,7687.906576778833
12615,305.8114888291874,8648.894898876186
12616,306.7396607209794,9609.883220973541
12617,307.65472518370876,10570.871543070896
12618,308.5645622297895,11531.85986516825
12619,309.4812495086496,12492.848187265603
12620,310.40283790806023,12492.848187265603
12621,310.59989521042695,12492.848187265603
12622,310.7509300451767,12492.848187265603
12623,310.89982777742205,12492.848187265603
12624,311.05486772254227,12492.848187265603
12625,311.2113110506653,12492.848187265603
12626,311.37169147102253,12492.848187265603
12627,311.5140001853433,12492.848187265603
12628,311.6356240835689,12492.848187265603
12629,311.72818476433997,12492.848187265603
12630,311.8124013002999,12492.848187265603
12631,311.86623329536616,12492.848187265603
12632,311.8949850117765,12492.848187265603
12633,311.90509698979287,12492.848187265603
12634,311.89241615634467,12492.848187265603
12635,311.8833210274985,12492.848187265603
12636,311.89004781233,12492.848187265603
12637,311.91134843053544,12492.848187265603
12638,311.9814326686471,12492.848187265603
12639,312.0841090572415,12492.848187265603
12640,312.240466663242,12492.848187265603
12641,312.38241602532804,12492.848187265603
12642,312.5075134027603,12492.848187265603
12643,312.63300653132603,12492.848187265603
12644,312.69570265038163,12492.848187265603
12645,312.7680889890061,12492.848187265603
12646,312.85185862047365,12492.848187265603
12647,312.90844137242397,12492.848187265603
12648,312.8605537157486,12492.848187265603
12649,312.70211161486617,12492.848187265603
12650,312.5568924028832,12492.848187265603
12651,312.48625630622723,12492.848187265603
12652,312.3942953380303,12492.848187265603
12653,312.26736966117636,12492.848187265603
12654,312.1767593942643,12492.848187265603
12655,312.129059998385,12492.848187265603
12656,312.09086027191586,12492.848187265603
12657,312.0551365241811,12492.848187265603
12658,312.0148989267783,12492.848187265603
12659,311.9752735180392,12492.848187265603
12660,311.9446518955757,11531.85986516825
12661,311.1965796507328,10570.871543070894
12662,310.3911679177037,9609.88322097354
12663,309.57160168697374,8648.894898876186
12664,308.7362390025628,7687.906576778833
12665,307.8820095361711,6726.918254681478
12666,307.01289362269256,5765.929932584123
12667,306.1321776900555,4804.94161048677
12668,305.2429949092138,3843.9532883894167
12669,304.3468467503873,2882.9649662920615
12670,303.44243486793084,1921.976644194707
12671,302.5293961552938,960.9883220973535
12672,301.6078321684049,0.0
12673,300.67816565989676,0.0
12674,300.4731523245526,0.0
12675,300.3281863317907,0.0
12676,300.19390283693514,0.0
12677,300.0659042889267,0.0
12678,299.9434148020389,0.0
12679,299.8259562860359,0.0
12680,299.7125256395229,0.0
12681,299.61148142085904,0.0
12682,299.5367404967374,0.0
12683,299.4742012442034,0.0
12684,299.4035968400649,0.0
12685,299.3067874076045,0.0
12686,299.18625900826385,0.0
12687,299.0591567413994,0.0
12688,298.94538352345637,1249.2848187265604
12689,299.80702362929094,2498.569637453121
12690,300.76491495347267,3747.8544561796816
12691,301.7548275378116,4997.139274906242
12692,302.7837726599252,6246.4240936328015
12693,303.86018468769066,7495.708912359363
12694,304.9889367596653,8744.993731085922
12695,306.17688443341666,9994.278549812483
12696,307.4257430273884,11243.563368539042
12697,308.7426480053123,12492.848187265603
12698,310.09462332498424,12492.848187265603
12699,310.490766513133,12492.848187265603
12700,310.84325493488905,12492.848187265603
12701,311.12127023528785,12492.848187265603
12702,311.3828187330612,12492.848187265603
12703,311.65785436787667,12492.848187265603
12704,311.89244909040013,12492.848187265603
12705,312.1085328958413,12492.848187265603
12706,312.3176547822138,12492.848187265603
12707,312.52065480850325,12492.848187265603
12708,312.7089126013975,12492.848187265603
12709,312.88490998715446,12492.848187265603
12710,313.0395754002142,12492.848187265603
12711,313.18060110676697,12492.848187265603
12712,313.3149995527262,12492.848187265603
12713,313.44646411773897,12492.848187265603
12714,313.57303059135387,12492.848187265603
12715,313.68857184614143,12492.848187265603
12716,313.7949692177789,12492.848187265603
12717,313.88858665957406,12492.848187265603
12718,313.974508526906,12492.848187265603
12719,314.05879624018365,12492.848187265603
12720,314.14875622852196,12492.848187265603
12721,314.2555113701442,12492.848187265603
12722,314.3973358417449,12492.848187265603
12723,314.55266123753296,12492.848187265603
12724,314.7055213287041,12492.848187265603
12725,314.847007588446,11243.563368539042
12726,314.02195986896567,9994.278549812483
12727,313.1013549141544,8744.993731085922
12728,312.1429707130961,7495.708912359361
12729,311.1739242818895,6246.4240936328015
12730,310.18737938539107,4997.13927490624
12731,309.19022245239694,3747.8544561796803
12732,308.1637401868428,2498.56963745312
12733,307.1119831053891,1249.28481872656
12734,306.03252621129974,0.0
12735,304.9220694025979,0.0
12736,304.7444603557704,0.0
12737,304.6374611021369,0.0
12738,304.5354295441124,0.0
12739,304.4285846638726,0.0
12740,304.28514228584766,0.0
12741,304.1536362058047,0.0
12742,304.0246306922322,0.0
12743,303.87636287475533,0.0
12744,303.65748481734227,0.0
12745,303.42308725861267,0.0
12746,303.156902019669,0.0
12747,302.92157150117373,0.0
12748,302.6666995688478,0.0
12749,302.4469747867537,0.0
12750,302.27567555682634,0.0
12751,302.1576087069163,0.0
12752,302.05051678488144,0.0
12753,301.941878982348,0.0
12754,301.82822150573156,0.0
12755,301.713803693377,0.0
12756,301.60464704008666,0.0
12757,301.50712099746465,0.0
12758,301.4205629181194,0.0
12759,301.338434272633,0.0
12760,301.25327587394355,0.0
12761,301.1572466349635,0.0
12762,301.04964581688324,0.0
12763,300.93992339807926,0.0
12764,300.839192271966,0.0
12765,300.752879768406,0.0
12766,300.6715551946231,0.0
12767,300.5925149938501,0.0
12768,300.5151030894051,0.0
12769,300.43890202947745,0.0
12770,300.36371189752356,0.0
12771,300.2888595754896,0.0
12772,300.21364872285335,1561.6060234082004
12773,301.3270353361453,3123.2120468164007
12774,302.5469253617964,4684.818070224601
12775,303.7944595324782,6246.4240936328015
12776,305.06554188481215,7808.030117041002
12777,306.3651452834667,9369.636140449202
12778,307.69869474801703,10931.242163857403
12779,309.0559001529847,12492.848187265603
12780,310.4240074093796,12492.848187265603
12781,310.596434875588,12492.848187265603
12782,310.6500266566761,12492.848187265603
12783,310.679536124001,12492.848187265603
12784,310.71204341076606,12492.848187265603
12785,310.759564886627,12492.848187265603
12786,310.811081615876,12492.848187265603
12787,310.8686893842757,12492.848187265603
12788,310.947535898023,12492.848187265603
12789,311.06846457240476,12492.848187265603
12790,311.2058001607106,12492.848187265603
12791,311.4022663808837,12492.848187265603
12792,311.6267212212057,12492.848187265603
12793,311.8963788440646,12492.848187265603
12794,312.1525825659074,12492.848187265603
12795,312.3812926622069,12492.848187265603
12796,312.65670607197785,12492.848187265603
12797,312.9036459393983,12492.848187265603
12798,313.1489463725782,12492.848187265603
12799,313.411871077814,12492.848187265603
12800,313.6508266884929,12492.848187265603
12801,313.8698040413416,12492.848187265603
12802,314.08116373963855,12492.848187265603
12803,314.2832075685279,12492.848187265603
12804,314.4674375392682,12492.848187265603
12805,314.63934153496984,12492.848187265603
12806,314.79582324537915,12492.848187265603
12807,314.93705347680236,12492.848187265603
12808,315.05554168609706,12492.848187265603
12809,315.1510220764362,12492.848187265603
12810,315.23012369757157,12492.848187265603
12811,315.3103700654166,12492.848187265603
12812,315.416999441289,12492.848187265603
12813,315.52823456328434,12492.848187265603
12814,315.6286456528567,12492.848187265603
12815,315.71121123649266,12492.848187265603
12816,315.79856726236613,12492.848187265603
12817,315.8909701596684,12492.848187265603
12818,315.9953010853037,12492.848187265603
12819,316.0983936936406,12492.848187265603
12820,316.21137259952985,10931.242163857403
12821,315.1498978401536,9369.636140449202
12822,313.987048947165,7808.030117041002
12823,312.79919304754003,6246.4240936328015
12824,311.59011623549344,4684.818070224601
12825,310.3585222687165,3123.2120468164007
12826,309.10403167259375,1561.6060234082004
12827,307.81148207254097,0.0
12828,306.4799046911955,0.0
12829,306.27405037329294,0.0
12830,306.1711669828131,0.0
12831,306.1084541671894,0.0
12832,306.0437625833073,0.0
12833,305.9599760603759,0.0
12834,305.86435514297375,0.0
12835,305.7592911871868,0.0
12836,305.6299026759218,0.0
12837,305.5141268074868,0.0
12838,305.3684427835512,0.0
12839,305.1854323621219,0.0
12840,305.00329551577846,0.0
12841,304.807813933337,0.0
12842,304.5672055059872,0.0
12843,304.35786261808516,0.0
12844,304.12192853867447,0.0
12845,303.9085070391076,0.0
12846,303.71403480572565,0.0
12847,303.56541369651694,0.0
12848,303.438852200293,0.0
12849,303.3226072549006,0.0
12850,303.2084585841416,0.0
12851,303.0969836426949,0.0
12852,302.9899024296208,0.0
12853,302.8879176655762,0.0
12854,302.788403640983,0.0
12855,302.6903262223162,0.0
12856,302.5932285835034,1561.6060234082004
12857,303.6878764131956,3123.2120468164007
12858,304.8931313170235,4684.818070224601
12859,306.1280407026098,6246.4240936328015
12860,307.38525067330477,7808.030117041002
12861,308.66234025889514,9369.636140449202
12862,309.9576282646745,10931.242163857403
12863,311.27006210540475,12492.848187265603
12864,312.59870316790136,12492.848187265603
12865,312.7548645168383,12492.848187265603
12866,312.8256245063796,12492.848187265603
12867,312.88758895221065,12492.848187265603
12868,312.9429628054402,12492.848187265603
12869,312.99003848708196,12492.848187265603
12870,313.0313357500265,12492.848187265603
12871,313.06856646980293,12492.848187265603
12872,313.1025847165778,12492.848187265603
12873,313.1366848241496,12492.848187265603
12874,313.17456017984847,12492.848187265603
12875,313.21182918442696,12492.848187265603
12876,313.2423116856303,12492.848187265603
12877,313.2614512954274,12492.848187265603
12878,313.2719173902676,12492.848187265603
12879,313.2781810082942,12492.848187265603
12880,313.2849618942805,12492.848187265603
12881,313.29503190395025,12492.848187265603
12882,313.30662270533804,12492.848187265603
12883,313.3235432507196,12492.848187265603
12884,313.35920014470673,12492.848187265603
12885,313.43111694199206,12492.848187265603
12886,313.52187941142864,12492.848187265603
12887,313.6519604564848,12492.848187265603
12888,313.85592473318655,12492.848187265603
12889,314.08904582452317,12492.848187265603
12890,314.3893409014433,12492.848187265603
12891,314.6578724387257,12492.848187265603
12892,314.95734929513384,12492.848187265603
12893,315.2025409538018,12492.848187265603
12894,315.4303915280743,12492.848187265603
12895,315.6699243649428,12492.848187265603
12896,315.8856821417156,12492.848187265603
12897,316.0824782623676,12492.848187265603
12898,316.2715096905141,12492.848187265603
12899,316.4536223015117,12492.848187265603
12900,316.62818952613316,12492.848187265603
12901,316.79644853474775,12492.848187265603
12902,316.95611896542465,12492.848187265603
12903,317.10139802782606,12492.848187265603
12904,317.2313561024495,12492.848187265603
12905,317.33801392086593,12492.848187265603
12906,317.4225488371274,12492.848187265603
12907,317.49823023030825,12492.848187265603
12908,317.568849124729,12492.848187265603
12909,317.6414809096562,12492.848187265603
12910,317.7172019927596,10931.242163857403
12911,316.6055263573306,9369.636140449202
12912,315.3880874139679,7808.030117041002
12913,314.14638194435014,6246.4240936328015
12914,312.89688605590004,4684.818070224601
12915,311.63632229141047,3123.2120468164007
12916,310.36647129722127,1561.6060234082004
12917,309.0876772224991,0.0
12918,307.79922180828174,0.0
12919,307.68951821189967,0.0
12920,307.674453770816,0.0
12921,307.6695288904625,0.0
12922,307.67068358546777,0.0
12923,307.6629268814888,0.0
12924,307.6485968433571,0.0
12925,307.6267485368182,0.0
12926,307.5932025718421,0.0
12927,307.5417800695638,0.0
12928,307.4824669067577,0.0
12929,307.41661039080464,0.0
12930,307.3443389935501,0.0
12931,307.2648147302278,0.0
12932,307.17300455656584,0.0
12933,307.04826198532055,0.0
12934,306.9350610951928,0.0
12935,306.80598727420625,0.0
12936,306.60546163979006,0.0
12937,306.4118026880484,0.0
12938,306.18022559863823,0.0
12939,305.9688837661714,0.0
12940,305.725307152059,0.0
12941,305.49703846045435,0.0
12942,305.2833272981551,0.0
12943,305.10928672740806,0.0
12944,304.9574691037372,0.0
12945,304.83095510732755,0.0
12946,304.7146382371334,0.0
12947,304.605385110762,0.0
12948,304.5039932874229,0.0
12949,304.4098355843523,0.0
12950,304.31820360784695,0.0
12951,304.22886141485054,0.0
12952,304.14272862767007,0.0
12953,304.0596456386745,0.0
12954,303.9775669646281,0.0
12955,303.8964803720034,0.0
12956,303.8169317138643,0.0
12957,303.73914572732036,0.0
12958,303.66232380095875,0.0
12959,303.58583322833493,0.0
12960,303.5091466719766,0.0
12961,303.43248231889226,0.0
12962,303.3562718771631,0.0
12963,303.2787798338645,0.0
12964,303.19779469617,1041.0706822721336
12965,303.9066105290719,2082.141364544267
12966,304.6884169713768,3123.2120468164007
12967,305.48958917446794,4164.282729088534
12968,306.3053979125686,5205.353411360667
12969,307.1342390450591,6246.4240936328015
12970,307.97530720997565,7287.494775904934
12971,308.8276046245406,8328.565458177069
12972,309.690662601592,9369.636140449202
12973,310.562616351565,10410.706822721335
12974,311.4414274780238,11451.777504993468
12975,312.3281388103187,12492.848187265603
12976,313.22522739087856,12492.848187265603
12977,313.34279907625466,12492.848187265603
12978,313.40663705836954,12492.848187265603
12979,313.47326974334914,12492.848187265603
12980,313.563077720978,12492.848187265603
12981,313.69147374448005,12492.848187265603
12982,313.8323177637326,12492.848187265603
12983,314.0377025154685,12492.848187265603
12984,314.27551208299207,12492.848187265603
12985,314.5673423039207,12492.848187265603
12986,314.84333480731715,12492.848187265603
12987,315.0844141848433,12492.848187265603
12988,315.3637494796434,12492.848187265603
12989,315.60807055715577,12492.848187265603
12990,315.84160207048586,12492.848187265603
12991,316.09145204633495,12492.848187265603
12992,316.32388436671783,12492.848187265603
12993,316.54038089238253,12492.848187265603
12994,316.7487541549821,12492.848187265603
12995,316.9473624884593,12492.848187265603
12996,317.1338357466757,12492.848187265603
12997,317.30725759203995,12492.848187265603
12998,317.4648418078584,12492.848187265603
12999,317.6038708259386,12492.848187265603
13000,317.72721719332134,12492.848187265603
13001,317.8372079414075,12492.848187265603
13002,317.9253250320932,12492.848187265603
13003,318.014710184841,12492.848187265603
13004,318.1049370235165,12492.848187265603
13005,318.1942023646209,12492.848187265603
13006,318.2801638614413,12492.848187265603
13007,318.36528404206797,12492.848187265603
13008,318.4547736766564,12492.848187265603
13009,318.5497107667077,12492.848187265603
13010,318.6540693906206,11451.777504993468
13011,317.9717149110813,10410.706822721337
13012,317.228099649243,9369.636140449202
13013,316.48366753415894,8328.56545817707
13014,315.74281377530554,7287.4947759049355
13015,314.99449165823626,6246.4240936328015
13016,314.2224048130298,5205.353411360669
13017,313.4201859856447,4164.282729088535
13018,312.60145577386703,3123.2120468164007
13019,311.7523474026705,2082.141364544268
13020,310.87931599308024,1041.070682272134
13021,309.9818428005325,0.0
13022,309.05981365171397,0.0
13023,308.9031294619625,0.0
13024,308.8064953506478,0.0
13025,308.7149938511089,0.0
13026,308.62160925653944,0.0
13027,308.5221300288428,0.0
13028,308.3811312494924,0.0
13029,308.26204848573155,0.0
13030,308.13826833205417,0.0
13031,307.9909699429184,0.0
13032,307.7586169137297,0.0
13033,307.52105263445327,0.0
13034,307.2429747280688,0.0
13035,306.98680588765626,0.0
13036,306.7526993451989,0.0
13037,306.5318451543974,0.0
13038,306.346230196946,0.0
13039,306.1956278817086,0.0
13040,306.06152708215797,0.0
13041,305.9459516173138,0.0
13042,305.8499013987892,0.0
13043,305.76263130390146,0.0
13044,305.672205782794,0.0
13045,305.570280123463,0.0
13046,305.46085932899626,0.0
13047,305.35019107462267,0.0
13048,305.24438879050393,0.0
13049,305.14654048287775,0.0
13050,305.05230828448373,0.0
13051,304.96062549354104,0.0
13052,304.8714051895532,0.0
13053,304.7847170302635,0.0
13054,304.7000251318496,0.0
13055,304.6160691175744,0.0
13056,304.53130535233663,0.0
13057,304.442290250656,0.0
13058,304.346306519461,0.0
13059,304.24942439139136,0.0
13060,304.159170706206,0.0
13061,304.0808397298882,0.0
13062,304.01003879286634,0.0
13063,303.94247547019035,0.0
13064,303.8742643137424,0.0
13065,303.80337230067573,0.0
13066,303.7317446796596,0.0
13067,303.65969204942405,2498.569637453121
13068,305.4926211233299,4997.139274906242
13069,307.5003467210699,7495.708912359363
13070,309.5511048194492,9994.278549812483
13071,311.6353727178625,12492.848187265603
13072,313.7531436042348,12492.848187265603
13073,313.9971572016659,12492.848187265603
13074,314.092708825298,12492.848187265603
13075,314.181790410847,12492.848187265603
13076,314.30324769114014,12492.848187265603
13077,314.47040724068063,12492.848187265603
13078,314.6549115664273,12492.848187265603
13079,314.85863382771595,12492.848187265603
13080,315.12811431878447,12492.848187265603
13081,315.3910425968162,12492.848187265603
13082,315.63843099442255,12492.848187265603
13083,315.85714599133024,12492.848187265603
13084,316.04986827225844,12492.848187265603
13085,316.22617502055135,12492.848187265603
13086,316.4023457472204,12492.848187265603
13087,316.6026610699039,12492.848187265603
13088,316.84935127375854,12492.848187265603
13089,317.09207810366945,12492.848187265603
13090,317.3434824287031,12492.848187265603
13091,317.5481844235061,12492.848187265603
13092,317.7304687551568,12492.848187265603
13093,317.8961995874576,12492.848187265603
13094,318.0409566690732,12492.848187265603
13095,318.16585804842157,12492.848187265603
13096,318.28228614642165,12492.848187265603
13097,318.3659028208708,12492.848187265603
13098,318.45371444976433,9994.278549812483
13099,316.6311268628254,7495.708912359361
13100,314.6428102553633,4997.13927490624
13101,312.6071165254007,2498.56963745312
13102,310.521206961415,0.0
13103,308.38270531014814,0.0
13104,308.11224936260396,0.0
13105,307.98667837726003,0.0
13106,307.9030463820831,0.0
13107,307.8139612242802,0.0
13108,307.7139450904058,0.0
13109,307.6039758827835,0.0
13110,307.4946976151736,0.0
13111,307.3939998436714,0.0
13112,307.31975033188314,0.0
13113,307.26793715849277,0.0
13114,307.2105151973312,0.0
13115,307.1293455184266,0.0
13116,307.042402884744,0.0
13117,306.95403588144825,0.0
13118,306.86267482583713,0.0
13119,306.766173326808,0.0
13120,306.65366312052106,0.0
13121,306.5280635563787,0.0
13122,306.41911912762026,0.0
13123,306.32366016808254,0.0
13124,306.2728854394543,0.0
13125,306.22379067202104,0.0
13126,306.1623403524459,0.0
13127,306.0682120889425,0.0
13128,305.9345893640043,0.0
13129,305.7631668248238,0.0
13130,305.61191090239913,0.0
13131,305.49196136171014,0.0
13132,305.3755854134713,4164.282729088534
13133,308.44201902939125,8328.565458177069
13134,311.8130112370502,12492.848187265603
13135,315.2739724319084,12492.848187265603
13136,315.62233614578065,12492.848187265603
13137,315.734323254689,12492.848187265603
13138,315.8199112538096,12492.848187265603
13139,315.89336698546373,12492.848187265603
13140,315.9531385339702,12492.848187265603
13141,315.9995411475851,12492.848187265603
13142,316.037528579535,12492.848187265603
13143,316.06888504157024,12492.848187265603
13144,316.0943785099284,12492.848187265603
13145,316.11396286819667,12492.848187265603
13146,316.12754167462873,12492.848187265603
13147,316.13749975281655,12492.848187265603
13148,316.1466648222005,12492.848187265603
13149,316.1574703570337,12492.848187265603
13150,316.1697075817642,12492.848187265603
13151,316.18164847852347,8328.56545817707
13152,313.0149531866314,4164.282729088535
13153,309.5495631798924,0.0
13154,306.00156239503974,0.0
13155,305.5679385091317,0.0
13156,305.37380271060533,0.0
13157,305.21323633616225,0.0
13158,305.0774897247823,0.0
13159,304.95775150600366,0.0
13160,304.84332131197266,0.0
13161,304.7269935370927,0.0
13162,304.6118105066481,0.0
13163,304.5000735923902,0.0
13164,304.3937064655516,0.0
13165,304.29545777446816,0.0
13166,304.20619820603366,0.0
13167,304.1225010111658,0.0
13168,304.0403651003992,0.0
13169,303.9537426403516,0.0
13170,303.8593581477368,0.0
13171,303.76928314397736,0.0
13172,303.70542603382813,0.0
13173,303.6784922705101,0.0
13174,303.67692934860344,0.0
13175,303.6933169482858,0.0
13176,303.72461755215477,1561.6060234082004
13177,304.96939925723404,3123.2120468164007
13178,306.34795730812453,4684.818070224601
13179,307.7853956598545,6246.4240936328015
13180,309.27713761614814,7808.030117041002
13181,310.8416283824823,9369.636140449202
13182,312.4111691123582,10931.242163857403
13183,314.04035722175877,12492.848187265603
13184,315.65509849909967,12492.848187265603
13185,316.1177236133061,12492.848187265603
13186,316.43241944125265,12492.848187265603
13187,316.70231592455673,12492.848187265603
13188,316.97151881940243,12492.848187265603
13189,317.1971075825661,12492.848187265603
13190,317.39713411351005,12492.848187265603
13191,317.57140125063063,12492.848187265603
13192,317.7169196531128,12492.848187265603
13193,317.84121371949055,12492.848187265603
13194,317.94958906210115,12492.848187265603
13195,318.0503413227445,12492.848187265603
13196,318.1441188214127,12492.848187265603
13197,318.232087567717,12492.848187265603
13198,318.31878085145513,12492.848187265603
13199,318.40654530541025,12492.848187265603
13200,318.4982052057554,12492.848187265603
13201,318.59727011932614,12492.848187265603
13202,318.7151673969243,12492.848187265603
13203,318.84683838416095,10931.242163857403
13204,317.8048484939799,9369.636140449202
13205,316.6658388117059,7808.030117041002
13206,315.5001505632602,6246.4240936328015
13207,314.3022582514355,4684.818070224601
13208,313.0700628902546,3123.2120468164007
13209,311.80131571495076,1561.6060234082004
13210,310.50448153657953,0.0
13211,309.18360859381784,0.0
13212,309.0290894993597,0.0
13213,308.95574579507525,0.0
13214,308.87632374346316,0.0
13215,308.78478058775534,0.0
13216,308.6652232868762,0.0
13217,308.56245589274766,0.0
13218,308.43840123752517,0.0
13219,308.2788033198506,0.0
13220,308.09795020527775,0.0
13221,307.8456696624204,0.0
13222,307.56907316746424,0.0
13223,307.2889370639947,0.0
13224,307.0194648356552,0.0
13225,306.7954108966603,0.0
13226,306.60484333156353,0.0
13227,306.43831616654245,0.0
13228,306.28132735902915,0.0
13229,306.1255106411085,0.0
13230,305.9690848109786,0.0
13231,305.8213052023758,0.0
13232,305.6873210121125,0.0
13233,305.5744454022142,0.0
13234,305.4772835597709,0.0
13235,305.3919416280163,0.0
13236,305.31527022023147,2498.569637453121
13237,307.14938457509015,4997.139274906242
13238,309.1625046134562,7495.708912359363
13239,311.2263379365822,9994.278549812483
13240,313.32891941091816,12492.848187265603
13241,315.4674025833569,12492.848187265603
13242,315.73220512592945,12492.848187265603
13243,315.8493677436054,12492.848187265603
13244,315.94590939963734,12492.848187265603
13245,316.0341517935437,12492.848187265603
13246,316.11774182180466,12492.848187265603
13247,316.1955405856443,12492.848187265603
13248,316.2651048389647,12492.848187265603
13249,316.32164719959815,12492.848187265603
13250,316.36197407620324,12492.848187265603
13251,316.3929357012868,12492.848187265603
13252,316.4233557185668,12492.848187265603
13253,316.45858794575156,12492.848187265603
13254,316.4940196605286,12492.848187265603
13255,316.52741721752494,12492.848187265603
13256,316.5573995229332,12492.848187265603
13257,316.58345819608144,12492.848187265603
13258,316.6070815925474,12492.848187265603
13259,316.6287641048058,12492.848187265603
13260,316.6486613490213,12492.848187265603
13261,316.6663176466722,12492.848187265603
13262,316.68123449673624,12492.848187265603
13263,316.6949808935534,12492.848187265603
13264,316.70981806161535,12492.848187265603
13265,316.7275687683387,12492.848187265603
13266,316.7483084829225,12492.848187265603
13267,316.7745546777979,12492.848187265603
13268,316.81216469540016,12492.848187265603
13269,316.85798314473874,12492.848187265603
13270,316.9109556887581,12492.848187265603
13271,316.96670501957317,12492.848187265603
13272,317.0264184801571,12492.848187265603
13273,317.0975461893408,12492.848187265603
13274,317.1885357451129,9994.278549812483
13275,315.3880687488226,7495.708912359361
13276,313.41549791905555,4997.13927490624
13277,311.39073749281795,2498.56963745312
13278,309.32785338734277,0.0
13279,307.28399057211516,0.0
13280,307.2085025680348,0.0
13281,307.3247312149756,0.0
13282,307.462705413918,0.0
13283,307.5414257750582,0.0
13284,307.58667636753836,0.0
13285,307.61730652912433,0.0
13286,307.643570699251,0.0
13287,307.65157419685335,0.0
13288,307.62171198912,0.0
13289,307.56177220769223,0.0
13290,307.49109614398986,0.0
13291,307.45583520849846,0.0
13292,307.4352758170903,0.0
13293,307.4218826788586,0.0
13294,307.4107879117263,0.0
13295,307.4067287023812,0.0
13296,307.4144016560155,0.0
13297,307.43214049335035,0.0
13298,307.46328205976397,0.0
13299,307.4678242074231,0.0
13300,307.44167074665745,0.0
13301,307.401019251896,0.0
13302,307.36096835706905,0.0
13303,307.34733505493494,0.0
13304,307.33829916571585,0.0
13305,307.32835848958393,0.0
13306,307.31664549218084,0.0
13307,307.2983060657147,0.0
13308,307.2671814685915,0.0
13309,307.2036690854151,12492.848187265603
13310,316.6094231024646,12492.848187265603
13311,317.3775845815908,12492.848187265603
13312,317.6169967593424,12492.848187265603
13313,317.8668030931877,12492.848187265603
13314,318.0962121465276,12492.848187265603
13315,318.21411257863303,12492.848187265603
13316,318.28135778539803,12492.848187265603
13317,318.3050244329135,12492.848187265603
13318,318.31465062350577,12492.848187265603
13319,318.3199853070731,12492.848187265603
13320,318.312123790408,12492.848187265603
13321,318.2678985887198,12492.848187265603
13322,318.2147585629966,12492.848187265603
13323,318.1603360028412,12492.848187265603
13324,318.08450976917663,12492.848187265603
13325,317.9690261902302,12492.848187265603
13326,317.88827302843947,12492.848187265603
13327,317.86061712949305,12492.848187265603
13328,317.8482963006237,12492.848187265603
13329,317.8398235194836,12492.848187265603
13330,317.8287919995218,12492.848187265603
13331,317.81585186874946,0.0
13332,308.2738484444739,0.0
13333,307.3747760309667,0.0
13334,307.1207261434687,0.0
13335,306.9292255601625,0.0
13336,306.75688276184326,0.0
13337,306.6016198299028,0.0
13338,306.46492564397846,0.0
13339,306.3403925964807,0.0
13340,306.21999863183055,0.0
13341,306.097148079351,0.0
13342,305.97259875195925,0.0
13343,305.85053994510974,0.0
13344,305.7356776168344,0.0
13345,305.63248159614864,0.0
13346,305.5400939864732,0.0
13347,305.45324220911584,0.0
13348,305.36575949740234,0.0
13349,305.27334367216054,0.0
13350,305.1780042407028,0.0
13351,305.08283356962494,0.0
13352,304.99040388851597,0.0
13353,304.9045982818718,0.0
13354,304.82672752593226,0.0
13355,304.75160297848174,0.0
13356,304.67248820504557,0.0
13357,304.5847942478311,0.0
13358,304.4910005081892,0.0
13359,304.3949499374357,0.0
13360,304.30093180919846,0.0
13361,304.2113165074345,0.0
13362,304.1255078222146,0.0
13363,304.04891302239577,0.0
13364,303.99931280899295,0.0
13365,304.00694331289924,0.0
13366,304.04592372631396,0.0
13367,304.15828131968675,0.0
13368,304.28340691085435,0.0
13369,304.4488251010262,0.0
13370,304.6065177818882,960.9883220973542
13371,305.46847077510046,1921.9766441947083
13372,306.4035136144716,2882.9649662920624
13373,307.36135537122,3843.9532883894167
13374,308.3212130737,4804.9416104867705
13375,309.2884043170012,5765.929932584125
13376,310.1722470178365,6726.91825468148
13377,311.0133294737979,7687.906576778833
13378,311.8630829594516,8648.894898876186
13379,312.71798456425415,9609.883220973541
13380,313.59591620978017,10570.871543070896
13381,314.480575530023,11531.85986516825
13382,315.357358827749,12492.848187265603
13383,316.27961254633345,12492.848187265603
13384,316.50052992103736,12492.848187265603
13385,316.67821668233387,12492.848187265603
13386,316.8460045143104,12492.848187265603
13387,317.0001566202261,12492.848187265603
13388,317.13961124097426,12492.848187265603
13389,317.2662590843091,12492.848187265603
13390,317.38631211048636,12492.848187265603
13391,317.51016851502055,12492.848187265603
13392,317.6490281304297,12492.848187265603
13393,317.7921658330648,12492.848187265603
13394,317.94725430499255,12492.848187265603
13395,318.09910698356066,12492.848187265603
13396,318.2706575179896,12492.848187265603
13397,318.4665182495145,12492.848187265603
13398,318.67256544568716,12492.848187265603
13399,318.87829959188394,12492.848187265603
13400,319.05360861467955,12492.848187265603
13401,319.19591432997,12492.848187265603
13402,319.3120424008193,12492.848187265603
13403,319.3784411443145,12492.848187265603
13404,319.39201984321613,12492.848187265603
13405,319.3364096817184,12492.848187265603
13406,319.2544407121582,12492.848187265603
13407,319.15061081722394,12492.848187265603
13408,319.051998488324,12492.848187265603
13409,318.9683439996421,12492.848187265603
13410,318.89228489718033,12492.848187265603
13411,318.8653938653505,11531.85986516825
13412,318.10527400975457,10570.871543070894
13413,317.2412960388165,9609.88322097354
13414,316.291623719958,8648.894898876186
13415,315.3095142669034,7687.906576778833
13416,314.35414907763,6726.918254681478
13417,313.45475627236044,5765.929932584123
13418,312.5585481650868,4804.94161048677
13419,311.65142554446345,3843.9532883894167
13420,310.729900423787,2882.9649662920615
13421,309.79502816349105,1921.976644194707
13422,308.8582319437786,960.9883220973535
13423,307.92385723867346,0.0
13424,306.9940035755371,0.0
13425,306.79167222904323,0.0
13426,306.635013723807,0.0
13427,306.4831657090121,0.0
13428,306.3440659165198,0.0
13429,306.2249796832766,0.0
13430,306.11984317957405,0.0
13431,306.02510063260394,0.0
13432,305.9386531146977,0.0
13433,305.86321201766066,0.0
13434,305.80306794858575,0.0
13435,305.74707647745873,0.0
13436,305.68032123812645,0.0
13437,305.59631623579673,0.0
13438,305.5080210755962,0.0
13439,305.41968572830683,0.0
13440,305.33300440367435,0.0
13441,305.2487487910531,0.0
13442,305.16596479285187,0.0
13443,305.0839333739302,0.0
13444,305.00233395863086,0.0
13445,304.9200262530113,0.0
13446,304.8357378587929,0.0
13447,304.7507335041392,0.0
13448,304.6669672320074,0.0
13449,304.5871289269481,0.0
13450,304.513309010889,0.0
13451,304.4446168731366,0.0
13452,304.3794846412604,0.0
13453,304.3192864479783,0.0
13454,304.2679963184933,0.0
13455,304.221428942739,0.0
13456,304.17360798407117,0.0
13457,304.11579169023196,0.0
13458,304.0443518716883,0.0
13459,303.9702228433122,0.0
13460,303.9100475498627,0.0
13461,303.8777076318637,0.0
13462,303.8732538539506,0.0
13463,303.8857459686146,0.0
13464,303.90221535505526,0.0
13465,303.9127072214913,0.0
13466,303.9263253723015,0.0
13467,303.94494622890454,0.0
13468,303.96802204193966,0.0
13469,303.99348620738215,0.0
13470,304.0196389363704,0.0
13471,304.0479304779202,2498.569637453121
13472,305.9837939144473,4997.139274906242
13473,308.09875517261287,7495.708912359363
13474,310.26502332160624,9994.278549812483
13475,312.4687328438634,12492.848187265603
13476,314.7027643625264,12492.848187265603
13477,315.0595966100413,12492.848187265603
13478,315.26768852943377,12492.848187265603
13479,315.454097078707,12492.848187265603
13480,315.63072269305724,12492.848187265603
13481,315.8044228763339,12492.848187265603
13482,315.9730929856918,12492.848187265603
13483,316.146333545993,12492.848187265603
13484,316.3498906150797,12492.848187265603
13485,316.5583818200164,12492.848187265603
13486,316.73552440630885,12492.848187265603
13487,316.87843394445736,12492.848187265603
13488,317.00197646455746,12492.848187265603
13489,317.1179055085893,12492.848187265603
13490,317.2487497526377,12492.848187265603
13491,317.3635939228771,12492.848187265603
13492,317.437783179952,12492.848187265603
13493,317.44010287456433,12492.848187265603
13494,317.3445762620774,12492.848187265603
13495,317.22520635139995,12492.848187265603
13496,317.164667123674,12492.848187265603
13497,317.2060868377658,12492.848187265603
13498,317.2995437908606,12492.848187265603
13499,317.4397994743093,12492.848187265603
13500,317.65566674029145,12492.848187265603
13501,317.861918663236,12492.848187265603
13502,318.0550848622806,12492.848187265603
13503,318.10654764864216,12492.848187265603
13504,317.9915271768703,12492.848187265603
13505,317.82158914313766,12492.848187265603
13506,317.6932068813212,12492.848187265603
13507,317.6912061154286,12492.848187265603
13508,317.74437919841193,12492.848187265603
13509,317.7909833270963,12492.848187265603
13510,317.80500923052426,12492.848187265603
13511,317.7766508151259,12492.848187265603
13512,317.734611898008,12492.848187265603
13513,317.69593196957544,12492.848187265603
13514,317.66481011949463,12492.848187265603
13515,317.62340128566757,12492.848187265603
13516,317.57607428778255,9994.278549812483
13517,315.62138768343954,7495.708912359361
13518,313.49572532178445,4997.13927490624
13519,311.34013695793897,2498.56963745312
13520,309.1595648016129,0.0
13521,306.95040475465566,0.0
13522,306.6110466750343,0.0
13523,306.41914329239677,0.0
13524,306.2554368945051,0.0
13525,306.11333498631836,0.0
13526,305.9859857916878,0.0
13527,305.8676075333714,0.0
13528,305.75327452503836,0.0
13529,305.6403731446687,0.0
13530,305.53031648235026,0.0
13531,305.4239193333015,0.0
13532,305.3211314489741,0.0
13533,305.2218711878613,0.0
13534,305.12589152440074,0.0
13535,305.0325735179127,0.0
13536,304.9415161639738,0.0
13537,304.854756683746,0.0
13538,304.77554403337336,0.0
13539,304.6994836422408,0.0
13540,304.6202818345853,0.0
13541,304.53258481570646,0.0
13542,304.43719352929605,0.0
13543,304.3385925277111,0.0
13544,304.2418881851939,0.0
13545,304.1505192027066,0.0
13546,304.06269423635246,0.0
13547,303.9760396397605,0.0
13548,303.8883621642242,0.0
13549,303.79495813884887,0.0
13550,303.69141888113734,0.0
13551,303.5842129286971,0.0
13552,303.482542814343,0.0
13553,303.3939255427301,0.0
13554,303.31910849747004,0.0
13555,303.26396929587565,2082.141364544267
13556,304.8386855160361,4164.282729088534
13557,306.59830032081163,6246.4240936328015
13558,308.4119975801404,8328.565458177069
13559,310.28471327053535,10410.706822721335
13560,312.2458542561245,12492.848187265603
13561,314.2319062071797,12492.848187265603
13562,314.64764563227385,12492.848187265603
13563,314.91820657585737,12492.848187265603
13564,315.1531815099122,12492.848187265603
13565,315.3720789998368,12492.848187265603
13566,315.58986755144736,12492.848187265603
13567,315.82377584828356,12492.848187265603
13568,316.05483193094426,12492.848187265603
13569,316.3096347323847,12492.848187265603
13570,316.53453232592557,12492.848187265603
13571,316.7492505443025,12492.848187265603
13572,316.95386389448606,12492.848187265603
13573,317.14089623453395,12492.848187265603
13574,317.3014001161619,12492.848187265603
13575,317.4317088825443,12492.848187265603
13576,317.5404450964152,12492.848187265603
13577,317.6209337143953,12492.848187265603
13578,317.693303966835,12492.848187265603
13579,317.7603866752955,12492.848187265603
13580,317.80896831921535,12492.848187265603
13581,317.8485326230206,12492.848187265603
13582,317.90117959997804,12492.848187265603
13583,317.9702838184768,12492.848187265603
13584,318.05589719177397,12492.848187265603
13585,318.14154853146783,12492.848187265603
13586,318.2287366963931,12492.848187265603
13587,318.31737050330725,12492.848187265603
13588,318.44652941146387,12492.848187265603
13589,318.6099433135843,12492.848187265603
13590,318.7630716970945,12492.848187265603
13591,318.86209042762056,12492.848187265603
13592,318.8891382814471,12492.848187265603
13593,318.85025585708553,12492.848187265603
13594,318.79981589363155,12492.848187265603
13595,318.7876136611226,12492.848187265603
13596,318.79188850196016,12492.848187265603
13597,318.8171975032803,12492.848187265603
13598,318.86324500293506,12492.848187265603
13599,318.90967801490746,10410.706822721337
13600,317.3476210766854,8328.56545817707
13601,315.6028964541705,6246.4240936328015
13602,313.7965770338102,4164.282729088535
13603,311.94819469731414,2082.141364544268
13604,310.06972032765333,0.0
13605,308.173530385075,0.0
13606,307.8471086309473,0.0
13607,307.6456889613962,0.0
13608,307.45696007164906,0.0
13609,307.2555127260355,0.0
13610,307.02649640106097,0.0
13611,306.7952630370673,0.0
13612,306.5977695175227,0.0
13613,306.4465404097619,0.0
13614,306.31754768557755,0.0
13615,306.20290235663003,0.0
13616,306.09595547138224,0.0
13617,305.9948675198689,0.0
13618,305.89907866956065,0.0
13619,305.80788339904933,0.0
13620,305.7199679130198,0.0
13621,305.6412001565353,0.0
13622,305.5806180317795,0.0
13623,305.52810272960323,0.0
13624,305.4690285205355,0.0
13625,305.387931914202,0.0
13626,305.28303057454804,0.0
13627,305.17085540734814,0.0
13628,305.0715153777798,0.0
13629,304.99386509232625,1135.7134715696004
13630,305.7874898000226,2271.426943139201
13631,306.6626775609163,3407.1404147088006
13632,307.5606126525806,4542.853886278402
13633,308.4753703209887,5678.567357848002
13634,309.4055702390207,6814.280829417601
13635,310.3497978881433,7949.994300987201
13636,311.30727659900845,9085.707772556803
13637,312.2777425642791,10221.421244126403
13638,313.2611613454857,11357.134715696004
13639,314.25663634148174,12492.848187265603
13640,315.262452160175,12492.848187265603
13641,315.4104917223491,12492.848187265603
13642,315.4856585147319,12492.848187265603
13643,315.5474904502131,12492.848187265603
13644,315.60340127801885,12492.848187265603
13645,315.6563416605382,12492.848187265603
13646,315.70675499251297,12492.848187265603
13647,315.753923443447,12492.848187265603
13648,315.7971563680522,12492.848187265603
13649,315.83541618684535,12492.848187265603
13650,315.8690849644143,12492.848187265603
13651,315.90149010791555,12492.848187265603
13652,315.9376293051196,12492.848187265603
13653,315.9779556175708,12492.848187265603
13654,316.02073159655174,12492.848187265603
13655,316.06571997975675,12492.848187265603
13656,316.1170500562147,12492.848187265603
13657,316.17935969112415,12492.848187265603
13658,316.25617905418943,12492.848187265603
13659,316.3592478050786,12492.848187265603
13660,316.50317889632794,12492.848187265603
13661,316.6619448462087,12492.848187265603
13662,316.8053844375638,12492.848187265603
13663,316.92397475431454,12492.848187265603
13664,317.0385611606675,12492.848187265603
13665,317.15470794788956,12492.848187265603
13666,317.2720232883631,11357.134715696002
13667,316.5231743131657,10221.4212441264
13668,315.695474276263,9085.707772556803
13669,314.85254690492917,7949.994300987201
13670,314.00469079269544,6814.280829417601
13671,313.177852078805,5678.567357848002
13672,312.3503759580894,4542.853886278402
13673,311.5351247160181,3407.1404147088006
13674,310.68662502122476,2271.4269431392
13675,309.80583619328644,1135.7134715695993
13676,308.8952793603207,0.0
13677,307.944004531529,0.0
13678,307.8299999277232,0.0
13679,307.7769379419033,0.0
13680,307.73523218787614,0.0
13681,307.70626652734427,0.0
13682,307.70792418355586,0.0
13683,307.7230361437189,0.0
13684,307.74858774943306,0.0
13685,307.77879190680073,0.0
13686,307.8067367217708,0.0
13687,307.8210978215663,0.0
13688,307.81409271027957,0.0
13689,307.7757404857917,0.0
13690,307.6939445074968,0.0
13691,307.596632072179,0.0
13692,307.45175669753735,0.0
13693,307.29849156205665,0.0
13694,307.1319920763567,0.0
13695,306.9914112360427,0.0
13696,306.86587267155096,0.0
13697,306.7302958782902,0.0
13698,306.55835378883063,0.0
13699,306.3670987182369,1784.6925981808004
13700,307.55624881138135,3569.3851963616007
13701,308.91065003472863,5354.077794542401
13702,310.31229027054695,7138.770392723201
13703,311.74512745921686,8923.462990904001
13704,313.204493932706,10708.155589084801
13705,314.68891397739964,12492.848187265603
13706,316.1984635319502,12492.848187265603
13707,316.3691188383555,12492.848187265603
13708,316.4331882104945,12492.848187265603
13709,316.47359615814526,12492.848187265603
13710,316.4985303540007,12492.848187265603
13711,316.5201870531436,12492.848187265603
13712,316.5456447071888,12492.848187265603
13713,316.5813749035716,12492.848187265603
13714,316.61796097088427,12492.848187265603
13715,316.6519232838626,12492.848187265603
13716,316.6815146879413,12492.848187265603
13717,316.7055562510721,12492.848187265603
13718,316.7248444281498,12492.848187265603
13719,316.7415654120107,12492.848187265603
13720,316.75814212664056,12492.848187265603
13721,316.776001804497,12492.848187265603
13722,316.79399663148655,10708.155589084803
13723,315.450095320448,8923.462990904003
13724,313.97854158966993,7138.770392723201
13725,312.471512312493,5354.0777945424015
13726,310.9384247897134,3569.385196361602
13727,309.3814257524346,1784.692598180801
13728,307.80130324319805,0.0
13729,306.19472989261646,0.0
13730,305.9183314962105,0.0
13731,305.7454365246051,0.0
13732,305.5951988052617,0.0
13733,305.4643744219791,0.0
13734,305.34441777484454,0.0
13735,305.2320976175733,0.0
13736,305.12641316813614,0.0
13737,305.0266960894214,0.0
13738,304.93224696061736,0.0
13739,304.8411627708045,0.0
13740,304.75152300215586,0.0
13741,304.6625582649417,0.0
13742,304.57539029269225,0.0
13743,304.4903167347066,0.0
13744,304.4073056093165,960.9883220973542
13745,305.0592280202185,1921.9766441947083
13746,305.7811275266558,2882.9649662920624
13747,306.525003925406,3843.9532883894167
13748,307.2890371670257,4804.9416104867705
13749,308.07094494423006,5765.929932584125
13750,308.8672101018372,6726.91825468148
13751,309.67558088761695,7687.906576778833
13752,310.4983639187309,8648.894898876186
13753,311.33949994180375,9609.883220973541
13754,312.2025753432995,10570.871543070896
13755,313.1010071743134,11531.85986516825
13756,314.04795674617776,12492.848187265603
13757,315.04048765386,12492.848187265603
13758,315.2862271419964,12492.848187265603
13759,315.4511966839674,12492.848187265603
13760,315.58346957343116,12492.848187265603
13761,315.702198448296,12492.848187265603
13762,315.8364220227553,12492.848187265603
13763,315.9722782977826,12492.848187265603
13764,316.1037969956639,12492.848187265603
13765,316.238714983786,12492.848187265603
13766,316.34667216825494,12492.848187265603
13767,316.4497750391733,12492.848187265603
13768,316.5512591969649,12492.848187265603
13769,316.6479557999244,12492.848187265603
13770,316.75536192117164,12492.848187265603
13771,316.85885946160585,12492.848187265603
13772,316.9558249729189,12492.848187265603
13773,317.0486542117532,12492.848187265603
13774,317.14133758948935,12492.848187265603
13775,317.2297264521543,12492.848187265603
13776,317.3070565384937,12492.848187265603
13777,317.3712757727674,12492.848187265603
13778,317.43451677752677,12492.848187265603
13779,317.50203349569404,12492.848187265603
13780,317.6058574649562,12492.848187265603
13781,317.741791681809,12492.848187265603
13782,317.86559567992396,12492.848187265603
13783,317.95503530850993,12492.848187265603
13784,318.0246802244518,12492.848187265603
13785,318.0719117415127,12492.848187265603
13786,318.0738200302106,12492.848187265603
13787,318.0819688647731,12492.848187265603
13788,318.0676035616907,12492.848187265603
13789,318.0456441641772,12492.848187265603
13790,318.03686062706066,12492.848187265603
13791,318.05885943387466,12492.848187265603
13792,318.10428805455217,12492.848187265603
13793,318.16214727814145,12492.848187265603
13794,318.23204376467334,12492.848187265603
13795,318.25660671711677,12492.848187265603
13796,318.25103737310417,12492.848187265603
13797,318.22369431176503,12492.848187265603
13798,318.1816689210365,12492.848187265603
13799,318.129372332553,12492.848187265603
13800,318.060585096318,12492.848187265603
13801,317.9459750095771,12492.848187265603
13802,317.8514962291884,12492.848187265603
13803,317.76208670150504,11531.85986516825
13804,316.93082287700287,10570.871543070894
13805,316.0366349757177,9609.88322097354
13806,315.1312199494728,8648.894898876186
13807,314.2237593339245,7687.906576778833
13808,313.32756286316294,6726.918254681478
13809,312.4516129260461,5765.929932584123
13810,311.5765218705782,4804.94161048677
13811,310.6946504471581,3843.9532883894167
13812,309.8028294059164,2882.9649662920615
13813,308.8996158297777,1921.976644194707
13814,307.9870571011237,960.9883220973535
13815,307.06611374008935,0.0
13816,306.13777328899926,0.0
13817,305.93680105904656,0.0
13818,305.79978276100917,0.0
13819,305.6757775523712,0.0
13820,305.55713678627933,0.0
13821,305.4377936144282,0.0
13822,305.3139802754059,0.0
13823,305.1919212707996,0.0
13824,305.07923258070457,0.0
13825,304.97992324868056,0.0
13826,304.8866351302337,0.0
13827,304.79715753812474,0.0
13828,304.71103203272753,0.0
13829,304.627811195257,0.0
13830,304.5469938326046,892.3462990904002
13831,305.1487076942749,1784.6925981808004
13832,305.8150390473491,2677.0388972712003
13833,306.4992592079757,3569.3851963616007
13834,307.196998902529,4461.731495452001
13835,307.90745751190417,5354.077794542401
13836,308.63006418185813,6246.4240936328015
13837,309.3648525253082,7138.770392723201
13838,310.1109067046724,8031.116691813601
13839,310.8675251158871,8923.462990904001
13840,311.63463541328906,9815.809289994402
13841,312.41236365828513,10708.155589084801
13842,313.2011571401183,11600.501888175202
13843,314.0093454921929,12492.848187265603
13844,314.8544778987205,12492.848187265603
13845,315.05211517852064,12492.848187265603
13846,315.21432550292775,12492.848187265603
13847,315.3542945464807,12492.848187265603
13848,315.52043186107176,12492.848187265603
13849,315.7228596353311,12492.848187265603
13850,315.9360507911257,12492.848187265603
13851,316.1332751703189,12492.848187265603
13852,316.2983291939047,12492.848187265603
13853,316.43919993954853,12492.848187265603
13854,316.58064840233243,12492.848187265603
13855,316.7625147868206,12492.848187265603
13856,317.0220649997073,12492.848187265603
13857,317.2982940629467,12492.848187265603
13858,317.5146604078673,12492.848187265603
13859,317.66592678927765,12492.848187265603
13860,317.77497878420525,12492.848187265603
13861,317.8343179956856,12492.848187265603
13862,317.9284358865252,12492.848187265603
13863,318.04185656941166,12492.848187265603
13864,318.15428341638216,12492.848187265603
13865,318.25966116432613,12492.848187265603
13866,318.35575884500804,12492.848187265603
13867,318.4426685351593,12492.848187265603
13868,318.52350024636155,12492.848187265603
13869,318.5986484324504,12492.848187265603
13870,318.6679392834354,12492.848187265603
13871,318.7353112616144,12492.848187265603
13872,318.80526212346723,12492.848187265603
13873,318.8877110526708,12492.848187265603
13874,318.9964257478302,12492.848187265603
13875,319.11113152971285,12492.848187265603
13876,319.22577742284415,12492.848187265603
13877,319.3574024888414,12492.848187265603
13878,319.49555386165565,12492.848187265603
13879,319.62941876032215,12492.848187265603
13880,319.7472632970419,12492.848187265603
13881,319.849169286356,12492.848187265603
13882,319.94455904590313,12492.848187265603
13883,320.0395728688227,12492.848187265603
13884,320.12054750786086,12492.848187265603
13885,320.19030254831586,12492.848187265603
13886,320.25452601683116,12492.848187265603
13887,320.31019834754846,12492.848187265603
13888,320.35457264001167,12492.848187265603
13889,320.3845080926217,12492.848187265603
13890,320.4017884240027,11600.501888175204
13891,319.7265473218174,10708.155589084803
13892,318.97693258160473,9815.809289994402
13893,318.17618657049786,8923.462990904003
13894,317.37625778576603,8031.116691813602
13895,316.5489645201646,7138.770392723201
13896,315.6385015741582,6246.4240936328015
13897,314.72832449372993,5354.0777945424015
13898,313.7649634016395,4461.731495452002
13899,312.8021561871707,3569.385196361602
13900,311.79204460933653,2677.0388972712008
13901,310.7893212464751,1784.692598180801
13902,309.7964010610663,892.3462990904012
13903,308.84993069888463,0.0
13904,307.91432232495345,0.0
13905,307.66790182834563,0.0
13906,307.48574463957516,0.0
13907,307.32144794250064,0.0
13908,307.1706284935423,0.0
13909,307.03327601391135,0.0
13910,306.9054292983291,0.0
13911,306.7827947263487,0.0
13912,306.66164488133626,0.0
13913,306.5397387762351,0.0
13914,306.4193436144198,0.0
13915,306.30069836615496,0.0
13916,306.1833070489046,1135.7134715696004
13917,306.93286532288005,2271.426943139201
13918,307.763682134051,3407.1404147088006
13919,308.61697925565323,4542.853886278402
13920,309.4874025440085,5678.567357848002
13921,310.3708764819325,6814.280829417601
13922,311.2631808814562,7949.994300987201
13923,312.1676232378311,9085.707772556803
13924,313.08923775088647,10221.421244126403
13925,314.03809001238153,11357.134715696004
13926,315.02287767570215,12492.848187265603
13927,316.0304491277159,12492.848187265603
13928,316.1779785654562,12492.848187265603
13929,316.24214547694555,12492.848187265603
13930,316.2907071620819,12492.848187265603
13931,316.3304695277578,12492.848187265603
13932,316.361325792466,12492.848187265603
13933,316.382930201003,12492.848187265603
13934,316.39669798912064,12492.848187265603
13935,316.4057363444469,12492.848187265603
13936,316.4138707820002,12492.848187265603
13937,316.4237032137896,12492.848187265603
13938,316.43605620760735,12492.848187265603
13939,316.4681041968319,12492.848187265603
13940,316.571101651019,12492.848187265603
13941,316.73394153909203,12492.848187265603
13942,316.8961703108263,11357.134715696002
13943,316.1998158685187,10221.4212441264
13944,315.45787172691405,9085.707772556803
13945,314.70926816340824,7949.994300987201
13946,313.9359109457665,6814.280829417601
13947,313.13454129587336,5678.567357848002
13948,312.3675605975794,4542.853886278402
13949,311.5588434438682,3407.1404147088006
13950,310.7143870043394,2271.4269431392
13951,309.8577309745662,1135.7134715695993
13952,308.990417350249,0.0
13953,308.08862462184146,0.0
13954,308.03469919093396,0.0
13955,308.04261312167637,0.0
13956,308.05467408985385,0.0
13957,308.0664021234097,0.0
13958,308.0774654109526,0.0
13959,308.0793985041236,0.0
13960,308.0718774387979,0.0
13961,308.0514211666492,0.0
13962,308.0025585476667,0.0
13963,307.9560696344968,0.0
13964,307.9158209598129,0.0
13965,307.8858945698995,0.0
13966,307.862552501333,0.0
13967,307.84614069496604,0.0
13968,307.840129098697,0.0
13969,307.84672860436046,0.0
13970,307.87342211007456,0.0
13971,307.912140097254,0.0
13972,307.9587468125391,0.0
13973,308.01034426856114,0.0
13974,308.0653434839111,0.0
13975,308.12161879581794,0.0
13976,308.1754973519953,0.0
13977,308.22692833011786,0.0
13978,308.28321725774487,0.0
13979,308.33254293110855,0.0
13980,308.36774916796145,0.0
13981,308.388208603342,0.0
13982,308.38942790769687,0.0
13983,308.3753249476214,0.0
13984,308.35251283666616,0.0
13985,308.31912298295873,0.0
13986,308.2754146261915,0.0
13987,308.20406631508473,0.0
13988,308.1196215815957,0.0
13989,308.04270377072953,0.0
13990,307.95332768134654,0.0
13991,307.84545672312754,0.0
13992,307.6715943244925,0.0
13993,307.49859960290587,0.0
13994,307.3144755105006,1784.6925981808004
13995,308.4385980625184,3569.3851963616007
13996,309.70000759137906,5354.077794542401
13997,310.96630514980495,7138.770392723201
13998,312.3077370751718,8923.462990904001
13999,313.73616527839073,10708.155589084801
14000,315.2074185323517,12492.848187265603
14001,316.7129522772344,12492.848187265603
14002,316.8832058901374,12492.848187265603
14003,316.9487691598861,12492.848187265603
14004,316.9979545847357,12492.848187265603
14005,317.0381068318366,12492.848187265603
14006,317.07076145988594,12492.848187265603
14007,317.0977448558591,12492.848187265603
14008,317.1208476288135,12492.848187265603
14009,317.14519081822436,12492.848187265603
14010,317.17678999345077,12492.848187265603
14011,317.21023662685474,12492.848187265603
14012,317.2375699259337,12492.848187265603
14013,317.25475074856206,12492.848187265603
14014,317.2675824507859,12492.848187265603
14015,317.27765673371664,12492.848187265603
14016,317.2852884383101,12492.848187265603
14017,317.29067040839834,12492.848187265603
14018,317.29395928583523,12492.848187265603
14019,317.2953040629938,12492.848187265603
14020,317.2947802338412,12492.848187265603
14021,317.28948075914775,12492.848187265603
14022,317.27481820590657,12492.848187265603
14023,317.2559435301624,12492.848187265603
14024,317.24016468047785,12492.848187265603
14025,317.23681600674917,12492.848187265603
14026,317.2496664955371,12492.848187265603
14027,317.26941477359213,12492.848187265603
14028,317.28424684876614,12492.848187265603
14029,317.28506905028553,12492.848187265603
14030,317.2760016037619,10708.155589084803
14031,315.9038564247285,8923.462990904003
14032,314.4121550394649,7138.770392723201
14033,312.8983308207565,5354.0777945424015
14034,311.36663048964533,3569.385196361602
14035,309.830316268448,1784.692598180801
14036,308.339224257874,0.0
14037,306.8579516470632,0.0
14038,306.7661944884627,0.0
14039,306.7722152479437,0.0
14040,306.808804477697,0.0
14041,306.8758473064994,0.0
14042,307.00592053575144,0.0
14043,307.14386831738693,0.0
14044,307.25671201635294,0.0
14045,307.3480545485235,0.0
14046,307.4332315100232,0.0
14047,307.52341132573815,0.0
14048,307.6432096799186,0.0
14049,307.73617271369676,0.0
14050,307.82176868037834,0.0
14051,307.90208771666755,0.0
14052,307.97643522019376,0.0
14053,308.04129309785657,0.0
14054,308.0950414565753,0.0
14055,308.1287425166931,0.0
14056,308.1430713873628,0.0
14057,308.1382265960568,0.0
14058,308.11566783693354,0.0
14059,308.0736281574556,0.0
14060,308.05002496032967,0.0
14061,308.05055461825185,0.0
14062,308.050597983838,0.0
14063,308.0514162242305,0.0
14064,308.05887338031084,0.0
14065,308.07584301716554,0.0
14066,308.1144948188044,0.0
14067,308.1660783965965,0.0
14068,308.22741813580996,0.0
14069,308.297002032526,0.0
14070,308.3721351075677,960.9883220973542
14071,309.1806077320229,1921.9766441947083
14072,310.0502397486788,2882.9649662920624
14073,310.9300645592596,3843.9532883894167
14074,311.81653702884637,4804.9416104867705
14075,312.70855116039365,5765.929932584125
14076,313.5993061079425,6726.91825468148
14077,314.48167207250526,7687.906576778833
14078,315.3640632969193,8648.894898876186
14079,316.2429584525063,9609.883220973541
14080,317.1205857780451,10570.871543070896
14081,317.9972277857976,11531.85986516825
14082,318.87294092448775,12492.848187265603
14083,319.72197374098977,12492.848187265603
14084,319.8500359643922,12492.848187265603
14085,319.9197866474449,12492.848187265603
14086,319.969169496165,12492.848187265603
14087,319.97689828560846,12492.848187265603
14088,319.9377849046851,12492.848187265603
14089,319.89531097207936,12492.848187265603
14090,319.802692939956,12492.848187265603
14091,319.7320755222641,12492.848187265603
14092,319.61654532438274,12492.848187265603
14093,319.5191151239062,12492.848187265603
14094,319.43530199599854,12492.848187265603
14095,319.3987933777112,12492.848187265603
14096,319.3686063067355,12492.848187265603
14097,319.3326497785133,12492.848187265603
14098,319.28055629684394,12492.848187265603
14099,319.22640367348373,12492.848187265603
14100,319.1894243550747,12492.848187265603
14101,319.1787675403488,12492.848187265603
14102,319.174904654966,12492.848187265603
14103,319.1728383028408,12492.848187265603
14104,319.1715579230506,12492.848187265603
14105,319.17022065985327,12492.848187265603
14106,319.16810730085103,12492.848187265603
14107,319.16520151796385,12492.848187265603
14108,319.1616902836029,12492.848187265603
14109,319.1581763917764,12492.848187265603
14110,319.1554425061404,12492.848187265603
14111,319.1530619075013,12492.848187265603
14112,319.15033625230535,12492.848187265603
14113,319.14874927633537,12492.848187265603
14114,319.152825474081,11531.85986516825
14115,318.42991742921043,10570.871543070894
14116,317.6441891287364,9609.88322097354
14117,316.859986819924,8648.894898876186
14118,316.10435264156024,7687.906576778833
14119,315.34966428347735,6726.918254681478
14120,314.5576960816902,5765.929932584123
14121,313.7112366021087,4804.94161048677
14122,312.84572229669357,3843.9532883894167
14123,311.9693964521667,2882.9649662920615
14124,311.0833387322318,1921.976644194707
14125,310.18819831223476,960.9883220973535
14126,309.2840432061733,0.0
14127,308.3719157368313,0.0
14128,308.18555795525083,0.0
14129,308.05653395776005,0.0
14130,307.9283497865732,0.0
14131,307.8005359168145,0.0
14132,307.6801317042674,0.0
14133,307.5713835728478,0.0
14134,307.4722905040151,0.0
14135,307.3848722345765,0.0
14136,307.3105231748829,0.0
14137,307.25380757181836,0.0
14138,307.2177976122693,0.0
14139,307.1939982164184,0.0
14140,307.1714853534188,0.0
14141,307.1444793561561,0.0
14142,307.11795005276593,0.0
14143,307.0930239803597,0.0
14144,307.0696765409325,0.0
14145,307.0449710097538,0.0
14146,307.01597016801645,0.0
14147,306.9886503029417,0.0
14148,306.97061957004786,0.0
14149,306.9647043430234,0.0
14150,306.96160818632967,0.0
14151,306.9586445641378,0.0
14152,306.9545409744784,0.0
14153,306.95012583774496,0.0
14154,306.9467072380897,0.0
14155,306.9426357578813,0.0
14156,306.933736643003,0.0
14157,306.92407630587064,0.0
14158,306.91974495531093,0.0
14159,306.94816360476426,0.0
14160,307.03896232426996,0.0
14161,307.1526623436274,1249.2848187265604
14162,308.19397663348025,2498.569637453121
14163,309.2848527976026,3747.8544561796816
14164,310.40381593110845,4997.139274906242
14165,311.5552594017335,6246.4240936328015
14166,312.71984068895733,7495.708912359363
14167,313.88529470303325,8744.993731085922
14168,315.04510850613235,9994.278549812483
14169,316.1947563729659,11243.563368539042
14170,317.3303192294277,12492.848187265603
14171,318.44122775832113,12492.848187265603
14172,318.54815258665116,12492.848187265603
14173,318.5636903055499,12492.848187265603
14174,318.56288782822696,12492.848187265603
14175,318.5883004372817,12492.848187265603
14176,318.6133281825278,12492.848187265603
14177,318.6255041338029,12492.848187265603
14178,318.6222280824427,12492.848187265603
14179,318.6062231521687,12492.848187265603
14180,318.58585326901937,12492.848187265603
14181,318.5652969699008,12492.848187265603
14182,318.54133715006185,12492.848187265603
14183,318.51507889216833,12492.848187265603
14184,318.4879009934148,12492.848187265603
14185,318.4627848613653,12492.848187265603
14186,318.4418357723772,12492.848187265603
14187,318.4237768773801,12492.848187265603
14188,318.4096479041606,12492.848187265603
14189,318.3955338741206,12492.848187265603
14190,318.38826801594695,11243.563368539042
14191,317.43496406640503,9994.278549812483
14192,316.3949347706532,8744.993731085922
14193,315.3318414156298,7495.708912359361
14194,314.25213487662865,6246.4240936328015
14195,313.15702718325866,4997.13927490624
14196,312.04604141453905,3747.8544561796803
14197,310.91798058304585,2498.56963745312
14198,309.7712646407431,1249.28481872656
14199,308.6100486066052,0.0
14200,307.4405635983786,0.0
14201,307.21904161821874,0.0
14202,307.0772736499863,0.0
14203,306.95027695194557,0.0
14204,306.8311443841707,0.0
14205,306.7181640913435,0.0
14206,306.61131521087714,0.0
14207,306.50903467085374,0.0
14208,306.40962606717045,0.0
14209,306.3091645692922,0.0
14210,306.2035709467947,0.0
14211,306.0967330902922,0.0
14212,305.99401882988775,0.0
14213,305.89858711289196,0.0
14214,305.80708174076534,0.0
14215,305.7188389835161,0.0
14216,305.63420430542607,0.0
14217,305.55361163142953,0.0
14218,305.47662862581353,0.0
14219,305.40179029798634,0.0
14220,305.32706950592274,0.0
14221,305.2509868300016,0.0
14222,305.1735437297926,0.0
14223,305.0956043934177,0.0
14224,305.0182056026229,0.0
14225,304.9372980005081,0.0
14226,304.84671561073304,0.0
14227,304.7527801292858,0.0
14228,304.6676047067491,0.0
14229,304.60824940022246,0.0
14230,304.58102654090226,0.0
14231,304.58451876267816,0.0
14232,304.5999527551413,0.0
14233,304.6207468832367,0.0
14234,304.64197944689425,0.0
14235,304.6623163921199,0.0
14236,304.68503123147127,0.0
14237,304.7109587289996,0.0
14238,304.7392532827064,0.0
14239,304.78863696489697,0.0
14240,304.9076400205355,6246.4240936328015
14241,309.81908203576876,12492.848187265603
14242,315.1487820042472,12492.848187265603
14243,315.78820907576386,12492.848187265603
14244,316.03792179263326,12492.848187265603
14245,316.2382573080146,12492.848187265603
14246,316.4426453536315,12492.848187265603
14247,316.6638742766985,12492.848187265603
14248,316.88665141239983,12492.848187265603
14249,317.0800685526299,12492.848187265603
14250,317.2631100288939,12492.848187265603
14251,317.4395238293426,12492.848187265603
14252,317.58558794266196,12492.848187265603
14253,317.70297217236174,12492.848187265603
14254,317.81341025265874,12492.848187265603
14255,317.9189282047268,12492.848187265603
14256,318.0030760748693,12492.848187265603
14257,318.0789610602584,12492.848187265603
14258,318.1843073177972,12492.848187265603
14259,318.29697176041685,12492.848187265603
14260,318.4215574134199,12492.848187265603
14261,318.5461970456613,12492.848187265603
14262,318.66214243919933,12492.848187265603
14263,318.7747147414163,12492.848187265603
14264,318.89877107570203,12492.848187265603
14265,319.0321341741907,12492.848187265603
14266,319.1614457916303,12492.848187265603
14267,319.27912408877523,12492.848187265603
14268,319.3796549236828,12492.848187265603
14269,319.46288566837825,12492.848187265603
14270,319.5234671632705,12492.848187265603
14271,319.57257690864134,6246.4240936328015
14272,314.8688807341472,0.0
14273,309.7262858731793,0.0
14274,309.207195854521,0.0
14275,308.9939784481763,0.0
14276,308.8089150417031,0.0
14277,308.6432665529653,0.0
14278,308.47516132804435,0.0
14279,308.2938876895096,0.0
14280,308.0429953921007,0.0
14281,307.8128882911465,0.0
14282,307.55248993023446,0.0
14283,307.3178913143204,0.0
14284,307.0463032134037,0.0
14285,306.7884293919265,0.0
14286,306.5529573817219,0.0
14287,306.3785126317372,0.0
14288,306.2249579984981,0.0
14289,306.08837082076207,0.0
14290,305.96176251318127,0.0
14291,305.841575015763,0.0
14292,305.7246365487538,0.0
14293,305.6096072778351,0.0
14294,305.4961705817386,0.0
14295,305.3853046349573,0.0
14296,305.27843093749925,0.0
14297,305.1779925795593,0.0
14298,305.08547991031594,0.0
14299,304.9974301769844,0.0
14300,304.9093617611439,0.0
14301,304.81771526494964,0.0
14302,304.72301966378905,0.0
14303,304.6278426696268,0.0
14304,304.53477933597674,0.0
14305,304.4501005320162,0.0
14306,304.3794957219095,0.0
14307,304.31522954393904,0.0
14308,304.2466829564982,0.0
14309,304.16545131971867,0.0
14310,304.0743970045683,960.9883220973542
14311,304.7132113062396,1921.9766441947083
14312,305.4242223188359,2882.9649662920624
14313,306.1637248023643,3843.9532883894167
14314,306.92491019361785,4804.9416104867705
14315,307.7020024877894,5765.929932584125
14316,308.48883901515296,6726.91825468148
14317,309.27452702723053,7687.906576778833
14318,310.0519004537876,8648.894898876186
14319,310.83793325384835,9609.883220973541
14320,311.6549728305411,10570.871543070896
14321,312.51296388505773,11531.85986516825
14322,313.3923550727542,12492.848187265603
14323,314.30020866081145,12492.848187265603
14324,314.55522263472614,12492.848187265603
14325,314.77699627314917,12492.848187265603
14326,315.03732339673934,12492.848187265603
14327,315.27206110203684,12492.848187265603
14328,315.50627192018555,12492.848187265603
14329,315.7436504587461,12492.848187265603
14330,316.0120432325203,12492.848187265603
14331,316.2753497589802,12492.848187265603
14332,316.4971905752069,12492.848187265603
14333,316.6912444440262,12492.848187265603
14334,316.873434576598,12492.848187265603
14335,317.05282154844446,12492.848187265603
14336,317.258203300022,12492.848187265603
14337,317.4299049311522,12492.848187265603
14338,317.5924077267771,12492.848187265603
14339,317.7473902237834,12492.848187265603
14340,317.89174227104775,12492.848187265603
14341,318.02456564617694,11531.85986516825
14342,317.41718354213566,10570.871543070894
14343,316.7257671215284,9609.88322097354
14344,316.0031775818467,8648.894898876186
14345,315.2519256241655,7687.906576778833
14346,314.46827547251337,6726.918254681478
14347,313.65998860580794,5765.929932584123
14348,312.83779022471185,4804.94161048677
14349,312.0070688167431,3843.9532883894167
14350,311.1669542236935,2882.9649662920615
14351,310.3197254539529,1921.976644194707
14352,309.4692499744933,960.9883220973535
14353,308.6225143154425,0.0
14354,307.79272445012634,0.0
14355,307.6925706334026,0.0
14356,307.66976300805663,0.0
14357,307.6621993226646,0.0
14358,307.66570824542504,0.0
14359,307.6784970760761,0.0
14360,307.69773793331893,0.0
14361,307.7291463263957,0.0
14362,307.7439378096788,0.0
14363,307.75097434118305,0.0
14364,307.7579307794673,0.0
14365,307.7588720304355,0.0
14366,307.7411666880285,0.0
14367,307.7100664048031,0.0
14368,307.668629852909,0.0
14369,307.62175875743014,0.0
14370,307.5735553778256,0.0
14371,307.5174427933102,0.0
14372,307.44412114976825,0.0
14373,307.32144916436425,0.0
14374,307.2119188411144,0.0
14375,307.0879317292922,0.0
14376,306.89075904068517,0.0
14377,306.70959553389406,0.0
14378,306.4888306219484,0.0
14379,306.28369786771793,0.0
14380,306.04434116601084,0.0
14381,305.8203500983249,4164.282729088534
14382,308.7865661753561,8328.565458177069
14383,312.10239594872644,12492.848187265603
14384,315.5247575985975,12492.848187265603
14385,315.8576150454022,12492.848187265603
14386,315.9600589926147,12492.848187265603
14387,316.03743765108624,12492.848187265603
14388,316.1038231834285,12492.848187265603
14389,316.1614351925554,12492.848187265603
14390,316.2115045409332,12492.848187265603
14391,316.2550338827381,12492.848187265603
14392,316.2928832459941,12492.848187265603
14393,316.32596709901554,12492.848187265603
14394,316.3553843419578,12492.848187265603
14395,316.3817643457116,12492.848187265603
14396,316.4055440506604,12492.848187265603
14397,316.42687344212374,12492.848187265603
14398,316.4455049572491,12492.848187265603
14399,316.46161049228766,12492.848187265603
14400,316.47539821721045,12492.848187265603
14401,316.4867081547352,12492.848187265603
14402,316.49537807992476,12492.848187265603
14403,316.502603146787,12492.848187265603
14404,316.50988352703536,12492.848187265603
14405,316.5177416263995,12492.848187265603
14406,316.52465598687445,12492.848187265603
14407,316.530394929144,12492.848187265603
14408,316.5350208973556,12492.848187265603
14409,316.53863674411,12492.848187265603
14410,316.5412090457099,12492.848187265603
14411,316.54286864402286,12492.848187265603
14412,316.543676919389,12492.848187265603
14413,316.5390769187296,12492.848187265603
14414,316.52174557811793,12492.848187265603
14415,316.4982541772167,12492.848187265603
14416,316.47918833608816,12492.848187265603
14417,316.47245429645096,12492.848187265603
14418,316.47783288491394,12492.848187265603
14419,316.5089963289982,8328.56545817707
14420,313.4428598097396,4164.282729088535
14421,310.114589126859,0.0
14422,306.76265575231866,0.0
14423,306.51561291607254,0.0
14424,306.52312242996965,0.0
14425,306.57002386171916,0.0
14426,306.64390884676004,0.0
14427,306.7383980241327,0.0
14428,306.8013505192012,0.0
14429,306.8571572447902,0.0
14430,306.91217051205103,0.0
14431,306.9720710515716,0.0
14432,307.06307602189054,0.0
14433,307.1327539966713,0.0
14434,307.1928815678875,0.0
14435,307.24629339177386,0.0
14436,307.29296972820606,0.0
14437,307.33663545800243,0.0
14438,307.3722445303989,0.0
14439,307.39865435684544,0.0
14440,307.41388723753573,0.0
14441,307.4124517968559,0.0
14442,307.41892878306476,0.0
14443,307.42470991859835,0.0
14444,307.4286923441322,0.0
14445,307.42241132768766,0.0
14446,307.40306381065466,0.0
14447,307.3803769910209,960.9883220973542
14448,308.1025214428903,1921.9766441947083
14449,308.9144228184408,2882.9649662920624
14450,309.77003653706754,3843.9532883894167
14451,310.65443343982105,4804.9416104867705
14452,311.56045650968724,5765.929932584125
14453,312.4943322009466,6726.91825468148
14454,313.44269453160274,7687.906576778833
14455,314.3955657613807,8648.894898876186
14456,315.34425468273275,9609.883220973541
14457,316.2868629012523,10570.871543070896
14458,317.2476961131221,11531.85986516825
14459,318.2269967957292,12492.848187265603
14460,319.2096272121811,12492.848187265603
14461,319.45373026061384,12492.848187265603
14462,319.61388709266095,12492.848187265603
14463,319.7475385910806,12492.848187265603
14464,319.8621686940074,12492.848187265603
14465,319.9592251355799,12492.848187265603
14466,320.04052827104965,12492.848187265603
14467,320.0863196963961,12492.848187265603
14468,320.12732123161186,12492.848187265603
14469,320.16919356579126,12492.848187265603
14470,320.19669787866917,12492.848187265603
14471,320.2048738178881,12492.848187265603
14472,320.14558082191604,12492.848187265603
14473,320.0775815352367,12492.848187265603
14474,319.9581714724366,12492.848187265603
14475,319.7668308091402,12492.848187265603
14476,319.5969336645539,12492.848187265603
14477,319.4277577384007,12492.848187265603
14478,319.31734389428993,12492.848187265603
14479,319.27494360539026,12492.848187265603
14480,319.2505578604539,12492.848187265603
14481,319.23422228247915,12492.848187265603
14482,319.2238020793095,12492.848187265603
14483,319.2167447967278,12492.848187265603
14484,319.20957092758056,12492.848187265603
14485,319.20116247652896,12492.848187265603
14486,319.1912693318351,12492.848187265603
14487,319.1803916562786,12492.848187265603
14488,319.1690617805951,12492.848187265603
14489,319.1576883070996,11531.85986516825
14490,318.41303572930667,10570.871543070894
14491,317.59970481811064,9609.88322097354
14492,316.7669669901732,8648.894898876186
14493,315.9201023608119,7687.906576778833
14494,315.06024587801164,6726.918254681478
14495,314.18847645696746,5765.929932584123
14496,313.30518999556585,4804.94161048677
14497,312.4115041739646,3843.9532883894167
14498,311.50852809132664,2882.9649662920615
14499,310.5968467155651,1921.976644194707
14500,309.6764337212536,960.9883220973535
14501,308.74790438841103,0.0
14502,307.81215175916583,0.0
14503,307.6021806663313,0.0
14504,307.4533853230351,0.0
14505,307.3167047203667,0.0
14506,307.1871123570011,0.0
14507,307.0639188771533,0.0
14508,306.94653099822955,0.0
14509,306.8344325092771,0.0
14510,306.7266247556946,0.0
14511,306.62326993659565,0.0
14512,306.5249598552183,0.0
14513,306.43129049842963,0.0
14514,306.34108834151016,0.0
14515,306.2554020022009,0.0
14516,306.1796783803402,0.0
14517,306.11409848775673,0.0
14518,306.0583067657737,0.0
14519,306.0694863888411,0.0
14520,306.23191990339393,0.0
14521,306.4424716769287,0.0
14522,306.6511596750668,0.0
14523,306.7677720411613,0.0
14524,306.90621698002195,0.0
14525,307.012679060751,0.0
14526,307.1068443025327,0.0
14527,307.22169076533885,0.0
14528,307.3016229975421,0.0
14529,307.3649742338299,0.0
14530,307.4248362077418,0.0
14531,307.48773161372634,0.0
14532,307.5494916229984,0.0
14533,307.59949978936066,0.0
14534,307.6261257947202,0.0
14535,307.58241753849444,0.0
14536,307.40522087656535,0.0
14537,307.18749875968143,0.0
14538,307.00666390665623,0.0
14539,307.02298806526704,0.0
14540,307.2304582375106,0.0
14541,307.4942158794846,0.0
14542,307.6681790162108,1388.0942430295113
14543,308.74211842499756,2776.1884860590226
14544,309.8428740222432,4164.282729088534
14545,310.95172667297425,5552.376972118045
14546,312.1245795743843,6940.471215147558
14547,313.36507601785866,8328.565458177069
14548,314.6412355995726,9716.65970120658
14549,315.9292497055856,11104.75394423609
14550,317.2048920861789,12492.848187265603
14551,318.47490278280463,12492.848187265603
14552,318.7063205648965,12492.848187265603
14553,318.8702884253017,12492.848187265603
14554,319.0261084365297,12492.848187265603
14555,319.13406134062694,12492.848187265603
14556,319.1245533132583,12492.848187265603
14557,319.04086574293444,12492.848187265603
14558,318.9726297390395,12492.848187265603
14559,318.969577565502,12492.848187265603
14560,318.9493835247925,12492.848187265603
14561,318.9224465973678,12492.848187265603
14562,318.8859338365191,12492.848187265603
14563,318.8212085137102,12492.848187265603
14564,318.7059214327877,12492.848187265603
14565,318.5678189399596,12492.848187265603
14566,318.4495560421655,12492.848187265603
14567,318.37503424504814,12492.848187265603
14568,318.31205273649545,12492.848187265603
14569,318.2562011416542,12492.848187265603
14570,318.2151434340467,12492.848187265603
14571,318.1871559440165,12492.848187265603
14572,318.1683740072416,12492.848187265603
14573,318.1578842794347,12492.848187265603
14574,318.1538081091368,12492.848187265603
14575,318.156320921705,12492.848187265603
14576,318.1618456738207,12492.848187265603
14577,318.1697774501953,12492.848187265603
14578,318.1802419638146,11104.75394423609
14579,317.1332549290624,9716.65970120658
14580,315.98715305542015,8328.56545817707
14581,314.8096138780338,6940.471215147558
14582,313.60358931232764,5552.376972118045
14583,312.3759840503173,4164.282729088535
14584,311.1352339417419,2776.188486059024
14585,309.885394386069,1388.094243029512
14586,308.62244822306434,0.0
14587,307.3455136576594,0.0
14588,307.1141052564022,0.0
14589,306.9681265794296,0.0
14590,306.8367843982689,0.0
14591,306.7134745324906,0.0
14592,306.5967523328376,0.0
14593,306.48502009134927,0.0
14594,306.3768303042445,0.0
14595,306.2723964334942,0.0
14596,306.1723389583359,0.0
14597,306.07698452365184,0.0
14598,305.9848381481273,0.0
14599,305.8954340872086,0.0
14600,305.80840199085264,0.0
14601,305.723316412784,0.0
14602,305.6398809211791,0.0
14603,305.5582848596283,0.0
14604,305.47912285786293,0.0
14605,305.40235949702605,0.0
14606,305.32728762521856,0.0
14607,305.25366427410137,0.0
14608,305.1818059044915,0.0
14609,305.1116645084061,0.0
14610,305.043024677222,0.0
14611,304.9766214916874,0.0
14612,304.91502784167625,0.0
14613,304.8593321467151,0.0
14614,304.8102916874443,0.0
14615,304.76770215813366,0.0
14616,304.729604481938,0.0
14617,304.6924625031793,0.0
14618,304.6508208135673,0.0
14619,304.6074825139975,0.0
14620,304.566625773967,0.0
14621,304.529438096285,0.0
14622,304.4919336626189,12492.848187265603
14623,313.9874635839887,12492.848187265603
14624,314.8521299865679,12492.848187265603
14625,315.0849291037248,12492.848187265603
14626,315.25972562925415,12492.848187265603
14627,315.41881635083746,12492.848187265603
14628,315.5663488763007,12492.848187265603
14629,315.70330586957147,12492.848187265603
14630,315.83039449514433,12492.848187265603
14631,315.95077637034154,12492.848187265603
14632,316.06759308149776,12492.848187265603
14633,316.1835332360147,12492.848187265603
14634,316.29680324807543,12492.848187265603
14635,316.40390983082744,12492.848187265603
14636,316.4998576511124,12492.848187265603
14637,316.59331974307986,12492.848187265603
14638,316.6963488019676,12492.848187265603
14639,316.84576648318904,12492.848187265603
14640,317.0878371998462,12492.848187265603
14641,317.3478611256485,12492.848187265603
14642,317.60056355297934,12492.848187265603
14643,317.78845700712924,12492.848187265603
14644,317.9371126481682,12492.848187265603
14645,318.06415978681935,12492.848187265603
14646,318.19074142267436,12492.848187265603
14647,318.3303422299977,12492.848187265603
14648,318.455892969746,12492.848187265603
14649,318.5756266730924,12492.848187265603
14650,318.6749253393177,12492.848187265603
14651,318.72782521874376,12492.848187265603
14652,318.66336068225905,12492.848187265603
14653,318.52145975878796,12492.848187265603
14654,318.41811492305374,12492.848187265603
14655,318.42504974779024,0.0
14656,308.9429761436291,0.0
14657,308.1195696739793,0.0
14658,307.96323457112703,0.0
14659,307.8226863583501,0.0
14660,307.6903183726079,0.0
14661,307.56697673332616,0.0
14662,307.4516123854642,0.0
14663,307.3382591353551,0.0
14664,307.21365205846934,0.0
14665,307.0717997017831,0.0
14666,306.91515430518746,0.0
14667,306.7334372395878,0.0
14668,306.50775754497613,0.0
14669,306.2302289481453,0.0
14670,305.9967816951432,0.0
14671,305.8383160430896,0.0
14672,305.71174676067136,0.0
14673,305.59386601913036,0.0
14674,305.47205758555583,0.0
14675,305.3487984326616,0.0
14676,305.23252391512995,0.0
14677,305.12711191729716,0.0
14678,305.0249050981646,0.0
14679,304.9238376829025,0.0
14680,304.82354220922997,0.0
14681,304.72383194853745,0.0
14682,304.6245473820978,0.0
14683,304.525566085182,0.0
14684,304.42676637688294,0.0
14685,304.3349450898087,0.0
14686,304.2614221707865,0.0
14687,304.1971875307656,0.0
14688,304.1288391931133,0.0
14689,304.04701141918207,0.0
14690,303.95740448508053,0.0
14691,303.86621028860617,0.0
14692,303.7789867181269,0.0
14693,303.6994456781853,0.0
14694,303.6247894360893,0.0
14695,303.5512761847924,0.0
14696,303.47551894581983,0.0
14697,303.3955495281185,0.0
14698,303.31345175156036,0.0
14699,303.2308474259439,0.0
14700,303.1488564128703,0.0
14701,303.0682572428978,0.0
14702,302.988749223945,0.0
14703,302.91077749034554,1135.7134715696004
14704,303.7019145487409,2271.426943139201
14705,304.5782251480017,3407.1404147088006
14706,305.48281528342767,4542.853886278402
14707,306.41119498832603,5678.567357848002
14708,307.366532824834,6814.280829417601
14709,308.34987475608216,7949.994300987201
14710,309.3667526140421,9085.707772556803
14711,310.44832601635295,10221.421244126403
14712,311.6458354427592,11357.134715696004
14713,312.88741800340347,12492.848187265603
14714,314.1755073567115,12492.848187265603
14715,314.54662479464196,12492.848187265603
14716,314.8157909536532,12492.848187265603
14717,315.04459606777834,12492.848187265603
14718,315.2566257353212,12492.848187265603
14719,315.4424678971387,12492.848187265603
14720,315.57766124860535,12492.848187265603
14721,315.65503850765845,12492.848187265603
14722,315.76693331654457,12492.848187265603
14723,315.94090042251355,12492.848187265603
14724,316.17671081209454,12492.848187265603
14725,316.44871742809386,12492.848187265603
14726,316.642635768791,11357.134715696002
14727,315.8924753543271,10221.4212441264
14728,315.030863446769,9085.707772556803
14729,314.1186108722078,7949.994300987201
14730,313.16891411580474,6814.280829417601
14731,312.19178961066353,5678.567357848002
14732,311.1813554021088,4542.853886278402
14733,310.17380646808164,3407.1404147088006
14734,309.20089732133505,2271.4269431392
14735,308.23693127970637,1135.7134715695993
14736,307.2489534543194,0.0
14737,306.21906439793037,0.0
14738,306.0366171843912,0.0
14739,305.8749028661532,0.0
14740,305.6241508120203,0.0
14741,305.3316418631079,0.0
14742,305.08248159189543,0.0
14743,304.92469786937795,0.0
14744,304.792422999256,0.0
14745,304.6693886553862,0.0
14746,304.5555280186186,0.0
14747,304.44567904439543,0.0
14748,304.3387861911281,0.0
14749,304.2312964872178,0.0
14750,304.123140909196,0.0
14751,304.01496538916604,0.0
14752,303.908680227798,0.0
14753,303.8053132267743,0.0
14754,303.7048386611736,0.0
14755,303.6066957281582,0.0
14756,303.51076216959046,0.0
14757,303.4175124801086,0.0
14758,303.32753868817707,0.0
14759,303.23913961835933,0.0
14760,303.14951796658164,0.0
14761,303.0574955622027,0.0
14762,302.9653726182807,0.0
14763,302.8749119411792,0.0
14764,302.78830507629465,0.0
14765,302.70516762991406,0.0
14766,302.6249683599557,0.0
14767,302.546517253481,0.0
14768,302.46927358307653,0.0
14769,302.39356499059375,0.0
14770,302.3200009063489,0.0
14771,302.2493091951677,0.0
14772,302.1805123089841,0.0
14773,302.11700301015816,960.9883220973542
14774,302.79611672875984,1921.9766441947083
14775,303.54739213364394,2882.9649662920624
14776,304.3131681579023,3843.9532883894167
14777,305.0850903741014,4804.9416104867705
14778,305.8683383688177,5765.929932584125
14779,306.6630276784913,6726.91825468148
14780,307.4690395906041,7687.906576778833
14781,308.2855344548273,8648.894898876186
14782,309.11190653781995,9609.883220973541
14783,309.94782162381114,10570.871543070896
14784,310.79276043464887,11531.85986516825
14785,311.6457564265737,12492.848187265603
14786,312.5051594453713,12492.848187265603
14787,312.6378588947399,12492.848187265603
14788,312.70936533381155,12492.848187265603
14789,312.76841874711914,12492.848187265603
14790,312.81899166683587,12492.848187265603
14791,312.8637478453591,12492.848187265603
14792,312.9053002725421,12492.848187265603
14793,312.94510097496703,12492.848187265603
14794,312.9817677943985,12492.848187265603
14795,313.0152870240151,12492.848187265603
14796,313.0459796893231,12492.848187265603
14797,313.0741339214772,12492.848187265603
14798,313.0999882980211,12492.848187265603
14799,313.12400093259004,12492.848187265603
14800,313.1467954323237,12492.848187265603
14801,313.169271589425,12492.848187265603
14802,313.19283875585256,12492.848187265603
14803,313.21902699637724,12492.848187265603
14804,313.250748762364,12492.848187265603
14805,313.2857630536432,12492.848187265603
14806,313.3221005006203,12492.848187265603
14807,313.36164876813905,12492.848187265603
14808,313.4112164838726,12492.848187265603
14809,313.4736434425827,12492.848187265603
14810,313.54688862125477,12492.848187265603
14811,313.66787467238413,12492.848187265603
14812,313.90494780874195,12492.848187265603
14813,314.16725002425073,12492.848187265603
14814,314.3966192917693,12492.848187265603
14815,314.5044268493514,12492.848187265603
14816,314.57027273764237,12492.848187265603
14817,314.62266867616916,12492.848187265603
14818,314.66596177020745,12492.848187265603
14819,314.7583235615149,12492.848187265603
14820,314.8782404823804,12492.848187265603
14821,314.9968381217556,12492.848187265603
14822,315.10122627992695,12492.848187265603
14823,315.19953677877874,12492.848187265603
14824,315.2996037957599,12492.848187265603
14825,315.4029621392879,12492.848187265603
14826,315.5234080655506,12492.848187265603
14827,315.6425654500524,12492.848187265603
14828,315.7522496172503,11531.85986516825
14829,315.11584434056385,10570.871543070894
14830,314.40423132436473,9609.88322097354
14831,313.669729134724,8648.894898876186
14832,312.91918270718213,7687.906576778833
14833,312.1554721616264,6726.918254681478
14834,311.38752712041037,5765.929932584123
14835,310.6063713114842,4804.94161048677
14836,309.8072109802422,3843.9532883894167
14837,308.9864534182589,2882.9649662920615
14838,308.1420511139146,1921.976644194707
14839,307.2771030719568,960.9883220973535
14840,306.3945830852052,0.0
14841,305.4961675301226,0.0
14842,305.3135533814768,0.0
14843,305.18234360749295,0.0
14844,305.05896607708604,0.0
14845,304.9501154743606,0.0
14846,304.83144387346977,0.0
14847,304.7141006762228,0.0
14848,304.59511309042443,0.0
14849,304.46217927019194,0.0
14850,304.35659508119096,0.0
14851,304.2543631175604,0.0
14852,304.14295902926017,0.0
14853,304.02019858925996,0.0
14854,303.8978504425082,0.0
14855,303.78318254509577,0.0
14856,303.67321320943097,0.0
14857,303.5637094772635,0.0
14858,303.450522480328,0.0
14859,303.3260203080997,0.0
14860,303.1857659212674,0.0
14861,303.0370494190426,0.0
14862,302.8979215437952,0.0
14863,302.775812091288,0.0
14864,302.66603119010324,0.0
14865,302.56172350484405,0.0
14866,302.4549518516424,0.0
14867,302.34800108849953,0.0
14868,302.2471389720391,0.0
14869,302.15654106757677,0.0
14870,302.0703594805178,0.0
14871,301.98667890475923,0.0
14872,301.90468647444925,0.0
14873,301.8232316947086,0.0
14874,301.7415970797771,0.0
14875,301.66099479075154,0.0
14876,301.583082826583,0.0
14877,301.5082637678043,0.0
14878,301.4342898174186,0.0
14879,301.3605552871024,0.0
14880,301.28699998377385,0.0
14881,301.2136107956403,0.0
14882,301.1403606537907,0.0
14883,301.0672321999035,0.0
14884,300.9942107423552,0.0
14885,300.9186729627421,0.0
14886,300.83662382393425,1249.2848187265604
14887,301.704151057795,2498.569637453121
14888,302.6622623869162,3747.8544561796816
14889,303.6495699069644,4997.139274906242
14890,304.6573247512868,6246.4240936328015
14891,305.6818852187748,7495.708912359363
14892,306.7212111976686,8744.993731085922
14893,307.772718560383,9994.278549812483
14894,308.83425901643415,11243.563368539042
14895,309.9078237893048,12492.848187265603
14896,310.99685542660865,12492.848187265603
14897,311.1536973527798,12492.848187265603
14898,311.24739304225517,12492.848187265603
14899,311.3442386276594,12492.848187265603
14900,311.4512620637696,12492.848187265603
14901,311.5687359051696,12492.848187265603
14902,311.688003555735,12492.848187265603
14903,311.80391105951315,12492.848187265603
14904,311.91974889803174,12492.848187265603
14905,312.03625251705546,12492.848187265603
14906,312.15373992498945,12492.848187265603
14907,312.2786712632385,12492.848187265603
14908,312.4205296772977,12492.848187265603
14909,312.5799482406254,12492.848187265603
14910,312.75903806711426,12492.848187265603
14911,312.9057548558652,12492.848187265603
14912,312.9669757050548,12492.848187265603
14913,312.96051428108575,12492.848187265603
14914,312.96447141227634,12492.848187265603
14915,313.0113411153298,12492.848187265603
14916,313.06963641064146,12492.848187265603
14917,313.127455389914,12492.848187265603
14918,313.1787899797641,12492.848187265603
14919,313.22681841771526,12492.848187265603
14920,313.28113936212594,12492.848187265603
14921,313.3437244753389,12492.848187265603
14922,313.4065175071782,12492.848187265603
14923,313.4672069265748,12492.848187265603
14924,313.5255995188505,12492.848187265603
14925,313.5815801421843,12492.848187265603
14926,313.6349992241388,12492.848187265603
14927,313.6852995430135,12492.848187265603
14928,313.7319624228354,12492.848187265603
14929,313.7748042343673,12492.848187265603
14930,313.8146529556767,12492.848187265603
14931,313.8500029653947,12492.848187265603
14932,313.87847836269003,12492.848187265603
14933,313.90833935775385,12492.848187265603
14934,313.94869509867203,12492.848187265603
14935,314.0250609134928,12492.848187265603
14936,314.1680874560125,12492.848187265603
14937,314.35291985922646,12492.848187265603
14938,314.55451851691527,12492.848187265603
14939,314.7294293540038,12492.848187265603
14940,314.93098222017903,11243.563368539042
14941,314.14685014365455,9994.278549812483
14942,313.2576160893019,8744.993731085922
14943,312.2750344710576,7495.708912359361
14944,311.23734586635123,6246.4240936328015
14945,310.1900518585019,4997.13927490624
14946,309.14943846716784,3747.8544561796803
14947,308.01434132070665,2498.56963745312
14948,306.7495224873053,1249.28481872656
14949,305.3706256542315,0.0
14950,303.96547577363685,0.0
14951,303.58980014817325,0.0
14952,303.34701366969585,0.0
14953,303.1674636015023,0.0
14954,303.027535708688,0.0
14955,302.9037759003434,0.0
14956,302.77460214031737,0.0
14957,302.63142737937113,0.0
14958,302.49174904008214,0.0
14959,302.36433354546716,0.0
14960,302.25034413901443,0.0
14961,302.1500342148634,0.0
14962,302.05819469902644,0.0
14963,301.9709745441638,0.0
14964,301.8850829256196,0.0
14965,301.7993427763294,0.0
14966,301.71446865979675,0.0
14967,301.6309548541862,0.0
14968,301.54890174368467,0.0
14969,301.4685575122581,0.0
14970,301.38991128648166,0.0
14971,301.31286735714417,0.0
14972,301.23734307378464,0.0
14973,301.16610522165445,0.0
14974,301.1028255295746,0.0
14975,301.04350749430967,0.0
14976,300.98174205481286,0.0
14977,300.9130328317392,0.0
14978,300.8395126236152,0.0
14979,300.7646843882294,0.0
14980,300.69188862828935,1561.6060234082004
14981,301.8140256245522,3123.2120468164007
14982,303.0485899676337,4684.818070224601
14983,304.3154845489063,6246.4240936328015
14984,305.6081305259371,7808.030117041002
14985,306.92500312548464,9369.636140449202
14986,308.2642469818335,10931.242163857403
14987,309.62275705267245,12492.848187265603
14988,310.99741077550755,12492.848187265603
14989,311.1953526613171,12492.848187265603
14990,311.29754039980116,12492.848187265603
14991,311.3837161484694,12492.848187265603
14992,311.4617949822098,12492.848187265603
14993,311.53249900547496,12492.848187265603
14994,311.5961265625825,12492.848187265603
14995,311.65554814915856,12492.848187265603
14996,311.7178982972553,12492.848187265603
14997,311.78858646567363,12492.848187265603
14998,311.8718017536664,12492.848187265603
14999,311.97940113891053,12492.848187265603
15000,312.12439306654886,12492.848187265603
15001,312.30651777301586,12492.848187265603
15002,312.4853597316294,12492.848187265603
15003,312.6854298807026,12492.848187265603
15004,312.905131344541,12492.848187265603
15005,313.10174730714925,12492.848187265603
15006,313.2829619860272,12492.848187265603
15007,313.47491183366947,12492.848187265603
15008,313.6309676705735,12492.848187265603
15009,313.77867068701136,10931.242163857403
15010,312.74087546554574,9369.636140449202
15011,311.6092854798327,7808.030117041002
15012,310.4840572246594,6246.4240936328015
15013,309.32309347203244,4684.818070224601
15014,308.08183165705765,3123.2120468164007
15015,306.75995298014556,1561.6060234082004
15016,305.3752525327348,0.0
15017,303.96303652145775,0.0
15018,303.74649401404525,0.0
15019,303.6333252292199,0.0
15020,303.53144647413376,0.0
15021,303.4284390055684,0.0
15022,303.3408209545117,0.0
15023,303.2209863935434,0.0
15024,303.01657981592723,0.0
15025,302.77701320434153,0.0
15026,302.581563220108,0.0
15027,302.4685295719957,0.0
15028,302.3796828710647,0.0
15029,302.29737654420194,0.0
15030,302.2156772768375,0.0
15031,302.1313851957492,0.0
15032,302.04620799299886,0.0
15033,301.9710790313171,0.0
15034,301.9210699950905,0.0
15035,301.91122002288114,0.0
15036,301.96213053970354,0.0
15037,302.03263329717595,0.0
15038,302.0960652389805,0.0
15039,302.1021851458107,0.0
15040,302.09862874192004,0.0
15041,302.09639663254654,0.0
15042,302.1157686167967,0.0
15043,302.12629209235183,0.0
15044,302.1731302839185,0.0
15045,302.2383485381323,0.0
15046,302.2488928005318,0.0
15047,302.19533941243935,0.0
15048,302.0884369809822,0.0
15049,301.9470162774695,0.0
15050,301.75368091224135,0.0
15051,301.587044428407,0.0
15052,301.3849052614016,0.0
15053,301.1348692931356,1561.6060234082004
15054,302.1129049095746,3123.2120468164007
15055,303.2674264498198,4684.818070224601
15056,304.4782110646315,6246.4240936328015
15057,305.72914339548424,7808.030117041002
15058,307.0089560978379,9369.636140449202
15059,308.31265996041236,10931.242163857403
15060,309.6378134644002,12492.848187265603
15061,310.98491259545114,12492.848187265603
15062,311.1626723271148,12492.848187265603
15063,311.24710388670934,12492.848187265603
15064,311.3135108061969,12492.848187265603
15065,311.36536053351495,12492.848187265603
15066,311.40473776773155,12492.848187265603
15067,311.4362428764367,12492.848187265603
15068,311.4647048652949,12492.848187265603
15069,311.49473409306074,12492.848187265603
15070,311.5266444644244,12492.848187265603
15071,311.5571054123867,12492.848187265603
15072,311.5821196497206,12492.848187265603
15073,311.59717916610396,12492.848187265603
15074,311.6018504625653,12492.848187265603
15075,311.60179710873126,12492.848187265603
15076,311.60387708023154,12492.848187265603
15077,311.6119902428451,12492.848187265603
15078,311.62287032680206,12492.848187265603
15079,311.6360553857348,12492.848187265603
15080,311.65201827661826,12492.848187265603
15081,311.67035331723736,12492.848187265603
15082,311.68901299995224,12492.848187265603
15083,311.70724910546664,12492.848187265603
15084,311.7246129775899,12492.848187265603
15085,311.73931792826545,12492.848187265603
15086,311.750003037379,12492.848187265603
15087,311.76098529725306,12492.848187265603
15088,311.7777600151211,12492.848187265603
15089,311.8063759087821,12492.848187265603
15090,311.85477816367853,12492.848187265603
15091,311.92219377872897,12492.848187265603
15092,312.0067758666678,12492.848187265603
15093,312.097787924329,12492.848187265603
15094,312.18893860449003,12492.848187265603
15095,312.27784787314994,12492.848187265603
15096,312.36621550526195,12492.848187265603
15097,312.4594321937593,12492.848187265603
15098,312.56315189290893,10931.242163857403
15099,311.4852791141688,9369.636140449202
15100,310.2996483521888,7808.030117041002
15101,309.08059681413397,6246.4240936328015
15102,307.8377397486787,4684.818070224601
15103,306.5730039391154,3123.2120468164007
15104,305.2929615882278,1561.6060234082004
15105,303.9966437809923,0.0
15106,302.68355604264946,0.0
15107,302.544760382855,0.0
15108,302.4988685445369,0.0
15109,302.4894751336683,0.0
15110,302.4937221297505,0.0
15111,302.514388278209,0.0
15112,302.5324080941006,0.0
15113,302.5279133427495,0.0
15114,302.52728881059176,0.0
15115,302.52085518268444,0.0
15116,302.50647330743686,0.0
15117,302.48625996806885,0.0
15118,302.4635221980094,0.0
15119,302.44132009663963,0.0
15120,302.41811892282664,0.0
15121,302.39709922713416,0.0
15122,302.3873879723075,0.0
15123,302.3387218065683,0.0
15124,302.1809291738856,0.0
15125,301.962843112737,0.0
15126,301.7809271948838,0.0
15127,301.6882447709839,0.0
15128,301.6191275169881,0.0
15129,301.5551463349951,0.0
15130,301.4903993845729,0.0
15131,301.42083014610773,0.0
15132,301.34720007152686,960.9883220973542
15133,301.9976119584278,1921.9766441947083
15134,302.69886742270273,2882.9649662920624
15135,303.438034842211,3843.9532883894167
15136,304.26976699874564,4804.9416104867705
15137,305.15534955478176,5765.929932584125
15138,306.02154856213446,6726.91825468148
15139,306.83596220144506,7687.906576778833
15140,307.6333626309739,8648.894898876186
15141,308.40158939425464,9609.883220973541
15142,309.19473654691456,10570.871543070896
15143,310.0012912543971,11531.85986516825
15144,310.8097456314637,12492.848187265603
15145,311.6194517190694,12492.848187265603
15146,311.7027190364348,12492.848187265603
15147,311.72643620947156,12492.848187265603
15148,311.7440840700376,12492.848187265603
15149,311.76327627164403,12492.848187265603
15150,311.78689987542634,12492.848187265603
15151,311.81642527787164,12492.848187265603
15152,311.8476389276951,12492.848187265603
15153,311.8795436576934,12492.848187265603
15154,311.9119639135492,12492.848187265603
15155,311.9441046582165,12492.848187265603
15156,311.9745390135122,12492.848187265603
15157,312.0030867956442,12492.848187265603
15158,312.02992740726665,12492.848187265603
15159,312.0551757705409,12492.848187265603
15160,312.07895745939544,12492.848187265603
15161,312.09914261229477,12492.848187265603
15162,312.11232598734694,12492.848187265603
15163,312.1219925385869,12492.848187265603
15164,312.13310111195676,11531.85986516825
15165,311.4211136500209,10570.871543070894
15166,310.6565918297381,9609.88322097354
15167,309.8801140493727,8648.894898876186
15168,309.0841852438638,7687.906576778833
15169,308.2607036110354,6726.918254681478
15170,307.4142784473083,5765.929932584123
15171,306.5533534288967,4804.94161048677
15172,305.68537872701927,3843.9532883894167
15173,304.8194515941999,2882.9649662920615
15174,303.9564296161379,1921.976644194707
15175,303.0878434513057,960.9883220973535
15176,302.2018770001426,0.0
15177,301.29118112335334,0.0
15178,301.0943407095431,0.0
15179,300.9542507765325,0.0
15180,300.82918473805154,0.0
15181,300.71768910108193,0.0
15182,300.61304062551255,0.0
15183,300.5132056546814,0.0
15184,300.4178510054355,0.0
15185,300.32544659538075,0.0
15186,300.2348528927315,0.0
15187,300.16156456149724,0.0
15188,300.140267828061,0.0
15189,300.17345350717085,0.0
15190,300.2269718313019,0.0
15191,300.3264208662533,0.0
15192,300.4403782882356,2498.569637453121
15193,302.46842858487014,4997.139274906242
15194,304.71081752985367,7495.708912359363
15195,306.95667805041603,9994.278549812483
15196,309.2583194288669,12492.848187265603
15197,311.5752686111485,12492.848187265603
15198,312.00269075229545,12492.848187265603
15199,312.26880762817797,12492.848187265603
15200,312.4989792161563,12492.848187265603
15201,312.70901909797135,12492.848187265603
15202,312.92341420299124,12492.848187265603
15203,313.1474009326869,12492.848187265603
15204,313.36396085367994,12492.848187265603
15205,313.54868650464783,12492.848187265603
15206,313.67969690543606,12492.848187265603
15207,313.7830689228428,12492.848187265603
15208,313.8945782912878,12492.848187265603
15209,314.0246557314439,12492.848187265603
15210,314.141025374621,12492.848187265603
15211,314.24165224820746,12492.848187265603
15212,314.34305251933523,12492.848187265603
15213,314.4393150929093,12492.848187265603
15214,314.52977897140227,12492.848187265603
15215,314.6031310254152,12492.848187265603
15216,314.66620483207595,12492.848187265603
15217,314.7207645925747,12492.848187265603
15218,314.8039011973914,12492.848187265603
15219,314.8809914441435,12492.848187265603
15220,314.97254567951455,12492.848187265603
15221,315.09007163845627,12492.848187265603
15222,315.23338681312566,12492.848187265603
15223,315.38079811732723,12492.848187265603
15224,315.50999101195515,12492.848187265603
15225,315.61224359500625,12492.848187265603
15226,315.6613716602794,12492.848187265603
15227,315.71286735076893,12492.848187265603
15228,315.7742018234041,12492.848187265603
15229,315.8620078219591,12492.848187265603
15230,315.95923219772453,12492.848187265603
15231,316.0495872431917,12492.848187265603
15232,316.12608381734236,12492.848187265603
15233,316.17802942041624,12492.848187265603
15234,316.2128431678504,12492.848187265603
15235,316.23147844588544,12492.848187265603
15236,316.25023243789775,9994.278549812483
15237,314.3610756913836,7495.708912359361
15238,312.29029407055,4997.13927490624
15239,310.1564914022505,2498.56963745312
15240,307.9455679009118,0.0
15241,305.6236088523803,0.0
15242,305.1913555111345,0.0
15243,304.89751345214,0.0
15244,304.6065626604176,0.0
15245,304.27807048170024,0.0
15246,303.99851339784897,0.0
15247,303.7948991500456,0.0
15248,303.6177391584655,0.0
15249,303.45967744206393,0.0
15250,303.3150990795799,0.0
15251,303.18187679922545,0.0
15252,303.0563748371285,0.0
15253,302.93753319906017,0.0
15254,302.8229269318694,0.0
15255,302.7114507733975,0.0
15256,302.602739188357,0.0
15257,302.4961499337609,0.0
15258,302.391362910827,0.0
15259,302.2882757041233,0.0
15260,302.18692858378233,0.0
15261,302.08819860218983,0.0
15262,301.993128311452,0.0
15263,301.9002756333916,0.0
15264,301.80747104300997,0.0
15265,301.7122384298312,0.0
15266,301.61359762728443,0.0
15267,301.51407825202267,0.0
15268,301.41676001285714,0.0
15269,301.3255694823463,0.0
15270,301.2420186929031,0.0
15271,301.16227485262607,0.0
15272,301.08132467367426,0.0
15273,300.99317104221075,960.9883220973542
15274,301.6288383225129,1921.9766441947083
15275,302.33192401154474,2882.9649662920624
15276,303.06272059506557,3843.9532883894167
15277,303.82174322482916,4804.9416104867705
15278,304.5997070553784,5765.929932584125
15279,305.39395352210823,6726.91825468148
15280,306.20402609625825,7687.906576778833
15281,307.0280501532594,8648.894898876186
15282,307.86520941527414,9609.883220973541
15283,308.717115257359,10570.871543070896
15284,309.5900189175182,11531.85986516825
15285,310.4847745464039,12492.848187265603
15286,311.40612399367023,12492.848187265603
15287,311.61397651238207,12492.848187265603
15288,311.76714399180076,12492.848187265603
15289,311.9371648048507,12492.848187265603
15290,312.1931817026396,12492.848187265603
15291,312.4997623464638,12492.848187265603
15292,312.8139102163321,12492.848187265603
15293,313.1261129695597,12492.848187265603
15294,313.4239997295015,12492.848187265603
15295,313.6842601155849,12492.848187265603
15296,313.9431874443974,12492.848187265603
15297,314.1599968958999,12492.848187265603
15298,314.3670912442334,12492.848187265603
15299,314.56878133090305,12492.848187265603
15300,314.7113434602061,12492.848187265603
15301,314.798577595131,12492.848187265603
15302,314.91441589003796,12492.848187265603
15303,315.06393902026554,12492.848187265603
15304,315.2135436668541,12492.848187265603
15305,315.3514756718278,12492.848187265603
15306,315.47294581395033,12492.848187265603
15307,315.57848585086305,12492.848187265603
15308,315.67084456702503,12492.848187265603
15309,315.7495549653029,12492.848187265603
15310,315.81279174824283,12492.848187265603
15311,315.8752590025256,12492.848187265603
15312,315.9689805273676,12492.848187265603
15313,316.07188723230325,12492.848187265603
15314,316.1911382601076,12492.848187265603
15315,316.3017147265478,12492.848187265603
15316,316.4145510595898,12492.848187265603
15317,316.53670550629164,12492.848187265603
15318,316.6710649644279,12492.848187265603
15319,316.8117151452328,12492.848187265603
15320,316.9477338053521,12492.848187265603
15321,317.07179743223713,12492.848187265603
15322,317.18609197206644,12492.848187265603
15323,317.2892270180639,12492.848187265603
15324,317.37982784589843,12492.848187265603
15325,317.4698042296512,12492.848187265603
15326,317.56096092693696,12492.848187265603
15327,317.64886717461957,12492.848187265603
15328,317.7177619846104,12492.848187265603
15329,317.7637129538057,12492.848187265603
15330,317.7776767097485,12492.848187265603
15331,317.7743143480479,11531.85986516825
15332,317.04665376195703,10570.871543070894
15333,316.23226938714856,9609.88322097354
15334,315.42237403124636,8648.894898876186
15335,314.5861049377735,7687.906576778833
15336,313.6655692762337,6726.918254681478
15337,312.7469355066442,5765.929932584123
15338,311.8079146499971,4804.94161048677
15339,310.83124570045516,3843.9532883894167
15340,309.80487953652425,2882.9649662920615
15341,308.71889198333645,1921.976644194707
15342,307.66431650256516,960.9883220973535
15343,306.6725371388179,0.0
15344,305.6896514403159,0.0
15345,305.4389281582745,0.0
15346,305.255545960787,0.0
15347,305.08861820157426,0.0
15348,304.9289086638544,0.0
15349,304.77853982095303,0.0
15350,304.64529522125065,0.0
15351,304.52445485704976,0.0
15352,304.40865744932904,0.0
15353,304.292479243191,0.0
15354,304.17766675878516,0.0
15355,304.0659453184047,0.0
15356,303.9589729910585,0.0
15357,303.85864769406976,0.0
15358,303.76498552052993,0.0
15359,303.67494386396703,0.0
15360,303.584836638981,4164.282729088534
15361,306.66889433036755,8328.565458177069
15362,310.0481470417453,12492.848187265603
15363,313.5086897289025,12492.848187265603
15364,313.8530451264078,12492.848187265603
15365,313.9572947164846,12492.848187265603
15366,314.0325053821779,12492.848187265603
15367,314.09609105557473,12492.848187265603
15368,314.1507290845945,12492.848187265603
15369,314.20517783392063,12492.848187265603
15370,314.271521647367,12492.848187265603
15371,314.33901741216,12492.848187265603
15372,314.39173945834364,12492.848187265603
15373,314.4193097110192,12492.848187265603
15374,314.4303718441268,12492.848187265603
15375,314.4330052155476,12492.848187265603
15376,314.4355439515281,12492.848187265603
15377,314.4429331885798,12492.848187265603
15378,314.4542946980306,12492.848187265603
15379,314.4792606422563,12492.848187265603
15380,314.55124228513955,12492.848187265603
15381,314.677552640813,12492.848187265603
15382,314.87090450156614,12492.848187265603
15383,315.0980468482686,12492.848187265603
15384,315.3385365535153,8328.56545817707
15385,312.4437976481274,4164.282729088535
15386,309.21251133190674,0.0
15387,305.8748664633584,0.0
15388,305.6369039776168,0.0
15389,305.6720726795625,0.0
15390,305.6978846697544,0.0
15391,305.7282907757951,0.0
15392,305.758576618785,0.0
15393,305.78405362421387,0.0
15394,305.8096449411694,0.0
15395,305.8423037600815,0.0
15396,305.8818196265747,0.0
15397,305.8922979238592,0.0
15398,305.9244135057644,0.0
15399,305.95660899227954,0.0
15400,306.0119417759492,0.0
15401,306.05308782700695,0.0
15402,306.08112534375954,0.0
15403,306.095472920613,0.0
15404,306.10007075783744,1561.6060234082004
15405,307.28842106996825,3123.2120468164007
15406,308.58304694245135,4684.818070224601
15407,309.9092115635612,6246.4240936328015
15408,311.2789391319087,7808.030117041002
15409,312.67441164582607,9369.636140449202
15410,314.10764817984636,10931.242163857403
15411,315.5649514331899,12492.848187265603
15412,317.0329983146538,12492.848187265603
15413,317.32372927654046,12492.848187265603
15414,317.52043324145785,12492.848187265603
15415,317.695445865893,12492.848187265603
15416,317.8592302080577,12492.848187265603
15417,318.0192370045491,12492.848187265603
15418,318.1737589992009,12492.848187265603
15419,318.32266044057593,12492.848187265603
15420,318.462311504279,12492.848187265603
15421,318.59279245849496,12492.848187265603
15422,318.71616646379374,12492.848187265603
15423,318.8315777593418,12492.848187265603
15424,318.9324038124193,12492.848187265603
15425,319.00545394049914,12492.848187265603
15426,319.06148020961035,10931.242163857403
15427,317.9063043471985,9369.636140449202
15428,316.6377866912881,7808.030117041002
15429,315.3085445401997,6246.4240936328015
15430,313.9729873596647,4684.818070224601
15431,312.60003086205876,3123.2120468164007
15432,311.1172826127316,1561.6060234082004
15433,309.6098673783027,0.0
15434,308.03510047041414,0.0
15435,307.6479366688931,0.0
15436,307.32600926533115,0.0
15437,307.05004026672174,0.0
15438,306.8146901362628,0.0
15439,306.64031106680807,0.0
15440,306.48302158113296,0.0
15441,306.3278224935567,0.0
15442,306.16312199718044,0.0
15443,306.0024565227608,0.0
15444,305.862759969143,0.0
15445,305.75225458956305,0.0
15446,305.65168857309607,0.0
15447,305.55504392241323,0.0
15448,305.4603235561224,0.0
15449,305.3659951568985,0.0
15450,305.2718716765388,1388.0942430295113
15451,306.23759993656813,2776.1884860590226
15452,307.30358680024256,4164.282729088534
15453,308.4180814714578,5552.376972118045
15454,309.60349336979624,6940.471215147558
15455,310.8288044597391,8328.565458177069
15456,312.0500275943521,9716.65970120658
15457,313.24547350667444,11104.75394423609
15458,314.4462640299777,12492.848187265603
15459,315.6584437194334,12492.848187265603
15460,315.82270951934385,12492.848187265603
15461,315.89931678679727,12492.848187265603
15462,315.9601034728981,12492.848187265603
15463,316.0128615924108,12492.848187265603
15464,316.0602099284284,12492.848187265603
15465,316.10367757767676,12492.848187265603
15466,316.1431980645073,12492.848187265603
15467,316.1786660879659,12492.848187265603
15468,316.2099825378528,12492.848187265603
15469,316.23707845141985,12492.848187265603
15470,316.2603172842802,12492.848187265603
15471,316.2812047583991,12492.848187265603
15472,316.3022522157662,12492.848187265603
15473,316.3221303308635,12492.848187265603
15474,316.33769518605794,12492.848187265603
15475,316.3523845371841,12492.848187265603
15476,316.37395116766913,12492.848187265603
15477,316.4077657506542,12492.848187265603
15478,316.4592209392798,12492.848187265603
15479,316.53310853791663,12492.848187265603
15480,316.6391504233444,12492.848187265603
15481,316.76957200269254,12492.848187265603
15482,316.9191184898666,12492.848187265603
15483,317.0453395923626,12492.848187265603
15484,317.1174244300588,12492.848187265603
15485,317.1431213279383,12492.848187265603
15486,317.1743856824927,12492.848187265603
15487,317.2292108980523,12492.848187265603
15488,317.291765528975,12492.848187265603
15489,317.3557789107394,12492.848187265603
15490,317.4180106219879,12492.848187265603
15491,317.4772047768702,12492.848187265603
15492,317.53597344814733,12492.848187265603
15493,317.5897537075241,12492.848187265603
15494,317.63188685510045,12492.848187265603
15495,317.6698223619244,12492.848187265603
15496,317.71514568533655,12492.848187265603
15497,317.7751500575591,12492.848187265603
15498,317.84289025403837,12492.848187265603
15499,317.9118850626305,12492.848187265603
15500,317.9747951118902,12492.848187265603
15501,318.0327164448981,12492.848187265603
15502,318.09182772267127,12492.848187265603
15503,318.18316835156514,12492.848187265603
15504,318.33941631927866,11104.75394423609
15505,317.4779365046488,9716.65970120658
15506,316.5269452284056,8328.56545817707
15507,315.5083668248634,6940.471215147558
15508,314.4286251202423,5552.376972118045
15509,313.2931128782033,4164.282729088535
15510,312.122490920975,2776.188486059024
15511,310.9639824363396,1388.094243029512
15512,309.8785307991988,0.0
15513,308.8276326556493,0.0
15514,308.79124642494236,0.0
15515,308.7288764322294,0.0
15516,308.55286711324567,0.0
15517,308.3103208400018,0.0
15518,308.0716525007608,0.0
15519,307.92667209100324,0.0
15520,307.80359424836377,0.0
15521,307.6632784884957,0.0
15522,307.5288445543265,0.0
15523,307.3900171787576,0.0
15524,307.25580408511894,0.0
15525,307.13937040392597,0.0
15526,307.05342714328793,0.0
15527,306.97849819337733,0.0
15528,306.8873306781011,0.0
15529,306.7634150931838,0.0
15530,306.6217988209771,0.0
15531,306.47539253239427,0.0
15532,306.34033517708457,0.0
15533,306.2267984581191,0.0
15534,306.1329292559087,0.0
15535,306.05098621667076,0.0
15536,305.96839734174625,0.0
15537,305.87473500020036,0.0
15538,305.76881339141875,0.0
15539,305.6594029121848,0.0
15540,305.55672640821524,0.0
15541,305.4662778619051,0.0
15542,305.3799673402766,0.0
15543,305.29650881737854,0.0
15544,305.21682221193646,0.0
15545,305.14095936885553,0.0
15546,305.06738279241875,0.0
15547,304.99576727795926,0.0
15548,304.9261573411952,0.0
15549,304.86020353193265,0.0
15550,304.7997079643757,0.0
15551,304.74091382139204,0.0
15552,304.6787889827059,0.0
15553,304.60872876791603,0.0
15554,304.5311290617195,0.0
15555,304.4507041060613,0.0
15556,304.3729424548993,0.0
15557,304.3010731954825,2498.569637453121
15558,306.13781453140155,4997.139274906242
15559,308.1523975141059,7495.708912359363
15560,310.2147420240307,9994.278549812483
15561,312.3103610457493,12492.848187265603
15562,314.4349468095699,12492.848187265603
15563,314.6826877166046,12492.848187265603
15564,314.7824839237458,12492.848187265603
15565,314.86864296366633,12492.848187265603
15566,314.9597667265023,12492.848187265603
15567,315.0497180743363,12492.848187265603
15568,315.12866704524424,12492.848187265603
15569,315.1857997181647,12492.848187265603
15570,315.2206041400759,12492.848187265603
15571,315.26954232974174,12492.848187265603
15572,315.4118653314243,12492.848187265603
15573,315.593383498446,12492.848187265603
15574,315.75432497687007,12492.848187265603
15575,315.8621238215411,12492.848187265603
15576,315.87865122968145,12492.848187265603
15577,315.89621848405915,12492.848187265603
15578,315.9872776687346,12492.848187265603
15579,316.1781779417554,12492.848187265603
15580,316.42813921542614,12492.848187265603
15581,316.7193468347774,12492.848187265603
15582,316.96242996462047,12492.848187265603
15583,317.20353411096454,9994.278549812483
15584,315.52328413723444,7495.708912359361
15585,313.67554410528203,4997.13927490624
15586,311.7446208511121,2498.56963745312
15587,309.7559804764582,0.0
15588,307.7004936645787,0.0
15589,307.4951290665748,0.0
15590,307.4265346806762,0.0
15591,307.3769145729981,0.0
15592,307.3326310795542,0.0
15593,307.2752416178025,0.0
15594,307.21724861652336,0.0
15595,307.16635357994426,0.0
15596,307.1330915251706,0.0
15597,307.11705497388806,0.0
15598,307.11523125499315,0.0
15599,307.12284315838247,0.0
15600,307.136939231058,0.0
15601,307.12818980200143,0.0
15602,307.1010563758969,0.0
15603,307.05679624892406,2498.569637453121
15604,308.9204907381555,4997.139274906242
15605,310.99184689772767,7495.708912359363
15606,313.16253095548575,9994.278549812483
15607,315.3961118609651,12492.848187265603
15608,317.65203914520674,12492.848187265603
15609,317.9641522114316,12492.848187265603
15610,318.02931134176407,12492.848187265603
15611,318.01435126772697,12492.848187265603
15612,317.96379501110005,12492.848187265603
15613,317.9912776189609,12492.848187265603
15614,318.07307866252506,12492.848187265603
15615,318.2026801025312,12492.848187265603
15616,318.33237738674865,12492.848187265603
15617,318.4412541647605,12492.848187265603
15618,318.5646664786355,12492.848187265603
15619,318.6694372912639,12492.848187265603
15620,318.7764585850849,12492.848187265603
15621,318.8885148380445,12492.848187265603
15622,318.9390543937091,12492.848187265603
15623,318.9173513607658,12492.848187265603
15624,318.8413573994244,12492.848187265603
15625,318.78928294031755,12492.848187265603
15626,318.7532780471654,12492.848187265603
15627,318.6963433500896,12492.848187265603
15628,318.5474132379515,12492.848187265603
15629,318.37420582259074,12492.848187265603
15630,318.2354765219318,12492.848187265603
15631,318.17783631014646,12492.848187265603
15632,318.1439288978464,12492.848187265603
15633,318.1190693350279,12492.848187265603
15634,318.1019642422134,12492.848187265603
15635,318.0903712333722,12492.848187265603
15636,318.0798916967334,12492.848187265603
15637,318.0695470479648,12492.848187265603
15638,318.05921469638315,12492.848187265603
15639,318.0494701887987,12492.848187265603
15640,318.04106593330135,12492.848187265603
15641,318.03490221899006,12492.848187265603
15642,318.0310601818703,12492.848187265603
15643,318.02820102478927,12492.848187265603
15644,318.0247346505872,12492.848187265603
15645,318.0196358371168,12492.848187265603
15646,318.0133778023568,12492.848187265603
15647,318.00599893939125,12492.848187265603
15648,317.99728848427895,9994.278549812483
15649,316.0789069483739,7495.708912359361
15650,313.97530493665255,4997.13927490624
15651,311.81951334210265,2498.56963745312
15652,309.62953242312847,0.0
15653,307.4123411809926,0.0
15654,307.0732554881784,0.0
15655,306.88431368469793,0.0
15656,306.7188677434137,0.0
15657,306.5655275829869,0.0
15658,306.4217827322402,0.0
15659,306.2862513225308,0.0
15660,306.1580452745453,0.0
15661,306.0363233184203,0.0
15662,305.92050135908073,0.0
15663,305.8111358499411,0.0
15664,305.70912599224516,0.0
15665,305.61468263838526,0.0
15666,305.53033369837254,0.0
15667,305.47468220824385,0.0
15668,305.4737513200753,0.0
15669,305.5040892015561,0.0
15670,305.5706392724378,0.0
15671,305.62661185791507,0.0
15672,305.7698902823652,0.0
15673,305.9053949903901,0.0
15674,306.0030540523625,0.0
15675,306.03678085806115,2082.141364544267
15676,307.62160108178034,4164.282729088534
15677,309.3008206189529,6246.4240936328015
15678,311.0395652565207,8328.565458177069
15679,312.78402336950114,10410.706822721335
15680,314.58375651020447,12492.848187265603
15681,316.4010933695382,12492.848187265603
15682,316.64976085856165,12492.848187265603
15683,316.8045683090941,12492.848187265603
15684,316.97006291802273,12492.848187265603
15685,317.15607023126074,12492.848187265603
15686,317.31987055591907,12492.848187265603
15687,317.47160083167466,12492.848187265603
15688,317.6213688205285,12492.848187265603
15689,317.7691420226271,12492.848187265603
15690,317.92179486149774,12492.848187265603
15691,318.06539512641064,12492.848187265603
15692,318.19724685793693,12492.848187265603
15693,318.3130349581619,10410.706822721337
15694,316.8205611519875,8328.56545817707
15695,315.1673911106363,6246.4240936328015
15696,313.46964294896975,4164.282729088535
15697,311.7460225143943,2082.141364544268
15698,310.00761696307256,0.0
15699,308.24420861203276,0.0
15700,308.0346306830717,0.0
15701,307.9162563811758,0.0
15702,307.7611851459558,0.0
15703,307.58899941323523,0.0
15704,307.4415558595007,0.0
15705,307.3371037377937,0.0
15706,307.248674341371,0.0
15707,307.1573846908722,0.0
15708,307.0634089285986,0.0
15709,306.9682925015672,0.0
15710,306.8720361125187,0.0
15711,306.77443689107974,0.0
15712,306.6708096853347,0.0
15713,306.54805092371066,0.0
15714,306.4363279233557,0.0
15715,306.3214495196706,0.0
15716,306.2050652043177,0.0
15717,306.0817714693703,0.0
15718,305.94486646385906,892.3462990904002
15719,306.4826087818802,1784.6925981808004
15720,307.08651499244166,2677.0388972712003
15721,307.7201834122307,3569.3851963616007
15722,308.3792916778802,4461.731495452001
15723,309.0546913522904,5354.077794542401
15724,309.7419344858023,6246.4240936328015
15725,310.4357550663678,7138.770392723201
15726,311.14187671407717,8031.116691813601
15727,311.86512986395104,8923.462990904001
15728,312.6066342240156,9815.809289994402
15729,313.3667488726976,10708.155589084801
15730,314.141085444509,11600.501888175202
15731,314.9273310984633,12492.848187265603
15732,315.72349941024805,12492.848187265603
15733,315.8484165571879,12492.848187265603
15734,315.91924049589073,12492.848187265603
15735,315.98034415138153,12492.848187265603
15736,316.03511868979535,12492.848187265603
15737,316.0835544105428,12492.848187265603
15738,316.1262665233666,12492.848187265603
15739,316.1649050678934,12492.848187265603
15740,316.2010927430213,12492.848187265603
15741,316.23638594752447,12492.848187265603
15742,316.27117635375805,12492.848187265603
15743,316.30464631617565,12492.848187265603
15744,316.3357820594467,12492.848187265603
15745,316.3635897994499,12492.848187265603
15746,316.3878226527158,12492.848187265603
15747,316.4086914400974,12492.848187265603
15748,316.42640283658574,12492.848187265603
15749,316.4402916656412,12492.848187265603
15750,316.4487825256138,12492.848187265603
15751,316.45276875181173,12492.848187265603
15752,316.45360488088215,11600.501888175204
15753,315.76814782155583,10708.155589084803
15754,315.00960127911594,9815.809289994402
15755,314.2315542461977,8923.462990904003
15756,313.4485667669171,8031.116691813602
15757,312.6664828504417,7138.770392723201
15758,311.8774112940797,6246.4240936328015
15759,311.07951699427014,5354.0777945424015
15760,310.27358205746054,4461.731495452002
15761,309.4600965222074,3569.385196361602
15762,308.64006494814583,2677.0388972712008
15763,307.8188849002195,1784.692598180801
15764,307.00674604067916,892.3462990904012
15765,306.2071189204808,0.0
15766,305.45255744357576,0.0
15767,305.46700005642026,0.0
15768,305.5325523218928,0.0
15769,305.63317559939316,0.0
15770,305.7235621793037,0.0
15771,305.7962153031986,0.0
15772,305.8757696685362,0.0
15773,305.9723774444437,0.0
15774,306.0400646989588,0.0
15775,306.1041035372206,0.0
15776,306.19628254653213,0.0
15777,306.26352699922893,0.0
15778,306.3253394816456,0.0
15779,306.3897366893764,0.0
15780,306.4613677973397,0.0
15781,306.5255680719771,0.0
15782,306.5707995827347,0.0
15783,306.5890711602182,0.0
15784,306.5853017562397,0.0
15785,306.56966787886944,0.0
15786,306.54778137066796,0.0
15787,306.52564476135024,0.0
15788,306.50246940698935,0.0
15789,306.4768806184839,0.0
15790,306.44623089996236,0.0
15791,306.4117194178636,0.0
15792,306.3719771428669,0.0
15793,306.3541960637598,0.0
15794,306.38934451313924,0.0
15795,306.4629633854186,0.0
15796,306.52607398598366,0.0
15797,306.5734009614789,0.0
15798,306.60901382736085,0.0
15799,306.62974000379836,0.0
15800,306.64030149022744,0.0
15801,306.64225120756134,0.0
15802,306.63609875041215,0.0
15803,306.6283563943293,1135.7134715696004
15804,307.46717239059427,2271.426943139201
15805,308.37430460129644,3407.1404147088006
15806,309.2946664814696,4542.853886278402
15807,310.2266456705121,5678.567357848002
15808,311.16926243265425,6814.280829417601
15809,312.10368887685905,7949.994300987201
15810,313.0330606820368,9085.707772556803
15811,313.9765987590092,10221.421244126403
15812,314.93786998540213,11357.134715696004
15813,315.9070608766922,12492.848187265603
15814,316.8762173954926,12492.848187265603
15815,316.96767874644706,12492.848187265603
15816,316.95904294103303,12492.848187265603
15817,316.9013689923289,12492.848187265603
15818,316.8482665127088,12492.848187265603
15819,316.81489207399244,12492.848187265603
15820,316.79555043049464,12492.848187265603
15821,316.78549649354505,12492.848187265603
15822,316.7824818786532,12492.848187265603
15823,316.783083983878,12492.848187265603
15824,316.7828663436146,12492.848187265603
15825,316.78184916638804,12492.848187265603
15826,316.7811327093141,12492.848187265603
15827,316.78111482762154,12492.848187265603
15828,316.7798960718636,12492.848187265603
15829,316.77802437888755,12492.848187265603
15830,316.77647447069177,12492.848187265603
15831,316.7749586334797,12492.848187265603
15832,316.77290579817014,11357.134715696002
15833,315.9042686647494,10221.4212441264
15834,314.9560909874459,9085.707772556803
15835,313.9866265095297,7949.994300987201
15836,313.0008407040146,6814.280829417601
15837,312.00254758730364,5678.567357848002
15838,310.99671434836273,4542.853886278402
15839,309.97920126819406,3407.1404147088006
15840,308.94444585169475,2271.4269431392
15841,307.8861698599273,1135.7134715695993
15842,306.80469114771586,0.0
15843,305.70657894226684,0.0
15844,305.46610992709554,0.0
15845,305.3030605168741,0.0
15846,305.1554993657345,0.0
15847,305.0178253313889,0.0
15848,304.88985542714806,0.0
15849,304.77411610364464,0.0
15850,304.6731402248121,0.0
15851,304.57984080927946,0.0
15852,304.4849017340133,0.0
15853,304.3815857244935,0.0
15854,304.2719629635002,0.0
15855,304.1618497286132,0.0
15856,304.0579738957866,0.0
15857,303.964631936045,0.0
15858,303.88080525101515,0.0
15859,303.8145148470748,0.0
15860,303.79412221582317,0.0
15861,303.81535851602587,0.0
15862,303.8609650683927,0.0
15863,303.9510980298575,0.0
15864,304.06704187474276,0.0
15865,304.17644439244424,0.0
15866,304.27777195918605,0.0
15867,304.4010619230116,0.0
15868,304.5144044514572,0.0
15869,304.6299566750117,0.0
15870,304.75966711876634,0.0
15871,304.91823847139096,0.0
15872,305.0450039082173,0.0
15873,305.1437268007409,0.0
15874,305.23518880654507,0.0
15875,305.3277418308562,0.0
15876,305.4213316782217,0.0
15877,305.50788089542976,0.0
15878,305.5766686787873,0.0
15879,305.6287989405601,1561.6060234082004
15880,306.8731947976014,3123.2120468164007
15881,308.2048000852615,4684.818070224601
15882,309.54695476887593,6246.4240936328015
15883,310.88413301440835,7808.030117041002
15884,312.2261500097127,9369.636140449202
15885,313.5865340535731,10931.242163857403
15886,314.97421781084546,12492.848187265603
15887,316.3932338268448,12492.848187265603
15888,316.65959804162935,12492.848187265603
15889,316.8433685644886,12492.848187265603
15890,317.034402702032,12492.848187265603
15891,317.21022681353395,12492.848187265603
15892,317.3032014603967,12492.848187265603
15893,317.34435583934805,12492.848187265603
15894,317.3816798046232,12492.848187265603
15895,317.4382955261312,12492.848187265603
15896,317.5102198843164,12492.848187265603
15897,317.5938890673275,12492.848187265603
15898,317.6759981796851,12492.848187265603
15899,317.74335661907736,10931.242163857403
15900,316.6015986225461,9369.636140449202
15901,315.3515935904962,7808.030117041002
15902,314.0613128422767,6246.4240936328015
15903,312.7657366976134,4684.818070224601
15904,311.483008361002,3123.2120468164007
15905,310.20669242466903,1561.6060234082004
15906,308.90331526578115,0.0
15907,307.5234289317986,0.0
15908,307.29739385774593,0.0
15909,307.1108389155572,0.0
15910,306.93532278554534,0.0
15911,306.74799881049483,0.0
15912,306.5426574109682,0.0
15913,306.32032894250653,0.0
15914,306.1403404591868,0.0
15915,305.99916714882204,0.0
15916,305.8740607257452,0.0
15917,305.7529306658669,0.0
15918,305.6352837189803,0.0
15919,305.52038982857806,0.0
15920,305.4048415003946,0.0
15921,305.2866265190333,0.0
15922,305.1631990175361,0.0
15923,305.0422184160104,0.0
15924,304.931391500841,0.0
15925,304.83674308384013,0.0
15926,304.7522781454709,0.0
15927,304.67156456666083,0.0
15928,304.58872577704153,0.0
15929,304.4998143497276,0.0
15930,304.40720052502843,0.0
15931,304.3138444143091,0.0
15932,304.2224773877511,0.0
15933,304.13550946459907,0.0
15934,304.0531470978516,0.0
15935,303.97427720254586,0.0
15936,303.89753676407884,0.0
15937,303.8248674531009,0.0
15938,303.76059542942556,0.0
15939,303.699781922475,0.0
15940,303.6353978686359,0.0
15941,303.5553529518604,0.0
15942,303.4524308445531,0.0
15943,303.34284524738257,0.0
15944,303.2478468800958,1041.0706822721336
15945,303.971914196479,2082.141364544267
15946,304.7776409349761,3123.2120468164007
15947,305.60537101735054,4164.282729088534
15948,306.4471558560874,5205.353411360667
15949,307.3001680573306,6246.4240936328015
15950,308.1648219861424,7287.494775904934
15951,309.0419729558008,8328.565458177069
15952,309.9328829741795,9369.636140449202
15953,310.8385306480399,10410.706822721335
15954,311.7594269116868,11451.777504993468
15955,312.7015111132594,12492.848187265603
15956,313.68330771171605,12492.848187265603
15957,313.90939593583266,12492.848187265603
15958,314.08376057643386,12492.848187265603
15959,314.2556508606854,12492.848187265603
15960,314.4396225678476,12492.848187265603
15961,314.6414380140688,12492.848187265603
15962,314.9012925317246,12492.848187265603
15963,315.15092648042867,12492.848187265603
15964,315.4301382845364,12492.848187265603
15965,315.69835869027395,12492.848187265603
15966,315.932476510769,12492.848187265603
15967,316.16296247616845,12492.848187265603
15968,316.34676052121415,12492.848187265603
15969,316.49910676063865,12492.848187265603
15970,316.65727225841295,12492.848187265603
15971,316.79931912863253,12492.848187265603
15972,316.9010525799448,12492.848187265603
15973,317.02028939995853,12492.848187265603
15974,317.14909522884096,12492.848187265603
15975,317.28244095816274,12492.848187265603
15976,317.4075624472347,12492.848187265603
15977,317.5037242657329,12492.848187265603
15978,317.5582360580431,12492.848187265603
15979,317.5881287221076,12492.848187265603
15980,317.6175839699259,12492.848187265603
15981,317.67843919774566,12492.848187265603
15982,317.7764486561126,12492.848187265603
15983,317.8882666056229,12492.848187265603
15984,317.98428415053263,12492.848187265603
15985,318.05511438977356,12492.848187265603
15986,318.142616036978,12492.848187265603
15987,318.23554899797824,12492.848187265603
15988,318.34167093085904,12492.848187265603
15989,318.455711485187,12492.848187265603
15990,318.566515032725,12492.848187265603
15991,318.67227414128814,12492.848187265603
15992,318.7801793365147,12492.848187265603
15993,318.89277445299314,12492.848187265603
15994,319.0128554302694,12492.848187265603
15995,319.13023128616487,12492.848187265603
15996,319.2407239861201,11451.777504993468
15997,318.5311612006779,10410.706822721337
15998,317.70875320358914,9369.636140449202
15999,316.83668565488284,8328.56545817707
16000,315.8920550446786,7287.4947759049355
16001,314.9163318090769,6246.4240936328015
16002,313.9483987380009,5205.353411360669
16003,312.99600273404513,4164.282729088535
16004,312.0044475926153,3123.2120468164007
16005,311.0151773734512,2082.141364544268
16006,310.0068939786099,1041.070682272134
16007,308.9849246043206,0.0
16008,307.9565395092697,0.0
16009,307.71862412067185,0.0
16010,307.5449531579605,0.0
16011,307.36153651576996,0.0
16012,307.14267178723566,0.0
16013,306.87493361213126,0.0
16014,306.6395299003135,0.0
16015,306.4707082459575,0.0
16016,306.32328007338486,0.0
16017,306.17881799548223,0.0
16018,306.02636352964464,0.0
16019,305.8767891410688,0.0
16020,305.74498918203284,0.0
16021,305.6395055202403,0.0
16022,305.54391294400966,0.0
16023,305.45199233299644,0.0
16024,305.3605768741563,0.0
16025,305.26825609048586,1784.6925981808004
16026,306.53811645528225,3569.3851963616007
16027,307.93460824255243,5354.077794542401
16028,309.3659239686913,7138.770392723201
16029,310.8210201243474,8923.462990904001
16030,312.29574484108065,10708.155589084801
16031,313.79041641392655,12492.848187265603
16032,315.30656415701964,12492.848187265603
16033,315.4856592129265,12492.848187265603
16034,315.5631701975909,12492.848187265603
16035,315.6258669911093,12492.848187265603
16036,315.6773119740887,12492.848187265603
16037,315.71081141795105,12492.848187265603
16038,315.7227481240674,12492.848187265603
16039,315.72584484736353,12492.848187265603
16040,315.7359198343065,12492.848187265603
16041,315.75983413203454,12492.848187265603
16042,315.783883757729,12492.848187265603
16043,315.805224605502,12492.848187265603
16044,315.8239684147168,12492.848187265603
16045,315.8403676459484,12492.848187265603
16046,315.85468632114555,12492.848187265603
16047,315.867190621071,12492.848187265603
16048,315.8790995143369,12492.848187265603
16049,315.89058672519235,12492.848187265603
16050,315.9004689610527,12492.848187265603
16051,315.93153492156927,12492.848187265603
16052,316.01828285822745,12492.848187265603
16053,316.1671224603141,12492.848187265603
16054,316.30131858059883,12492.848187265603
16055,316.432196701261,12492.848187265603
16056,316.57116886115983,10708.155589084803
16057,315.3571793709954,8923.462990904003
16058,314.02165848532866,7138.770392723201
16059,312.6233259169373,5354.0777945424015
16060,311.12966878819526,3569.385196361602
16061,309.54911179592904,1784.692598180801
16062,308.01004269816116,0.0
16063,306.5455819989685,0.0
16064,306.55596718044853,0.0
16065,306.6900748291207,0.0
16066,306.8304946252594,0.0
16067,306.8812323585969,0.0
16068,306.91930933681465,0.0
16069,306.9561650699984,0.0
16070,306.98957008980733,0.0
16071,307.0186870937871,0.0
16072,307.04675488989443,0.0
16073,307.07219944629406,0.0
16074,307.0894688505198,0.0
16075,307.0941819313999,0.0
16076,307.0799118134288,0.0
16077,307.04782132404637,0.0
16078,307.00706823792405,0.0
16079,306.96126688448174,0.0
16080,306.909737627994,0.0
16081,306.84978923102494,0.0
16082,306.82206904449583,0.0
16083,306.7695880583263,0.0
16084,306.7049432406074,0.0
16085,306.6266924568445,0.0
16086,306.54570471290253,0.0
16087,306.4698707015404,0.0
16088,306.4094567744546,0.0
16089,306.35970710373147,0.0
16090,306.30539176026986,0.0
16091,306.20938426048485,0.0
16092,306.03476694407595,0.0
16093,305.8262312759132,0.0
16094,305.65008204757726,0.0
16095,305.5409798420404,0.0
16096,305.45522523776066,0.0
16097,305.37868507254626,0.0
16098,305.3131817544608,0.0
16099,305.266855961911,0.0
16100,305.2451621651421,0.0
16101,305.233168890952,0.0
16102,305.2073805650814,0.0
16103,305.1539277895587,1561.6060234082004
16104,306.2783412130945,3123.2120468164007
16105,307.50379286720045,4684.818070224601
16106,308.75136217848404,6246.4240936328015
16107,310.00913489909317,7808.030117041002
16108,311.26854164622705,9369.636140449202
16109,312.53847017946316,10931.242163857403
16110,313.83935336658743,12492.848187265603
16111,315.1755435192375,12492.848187265603
16112,315.3466056030854,12492.848187265603
16113,315.4287259025865,12492.848187265603
16114,315.4994301137144,12492.848187265603
16115,315.5644018479041,12492.848187265603
16116,315.62400884610156,12492.848187265603
16117,315.6799445366886,12492.848187265603
16118,315.73267324719836,12492.848187265603
16119,315.7816354489413,12492.848187265603
16120,315.82611912429354,12492.848187265603
16121,315.8645409801088,12492.848187265603
16122,315.89616629223656,12492.848187265603
16123,315.9239240631316,12492.848187265603
16124,315.95145204656893,12492.848187265603
16125,315.98151045513583,12492.848187265603
16126,316.01296479907626,12492.848187265603
16127,316.0439584316027,12492.848187265603
16128,316.0725671689583,12492.848187265603
16129,316.09680756630695,12492.848187265603
16130,316.11688478860475,12492.848187265603
16131,316.13570540812583,12492.848187265603
16132,316.1567011522053,12492.848187265603
16133,316.18108540716656,12492.848187265603
16134,316.2055439805209,12492.848187265603
16135,316.2293266989363,12492.848187265603
16136,316.2524593508284,10931.242163857403
16137,315.0838948101677,9369.636140449202
16138,313.8040277341463,7808.030117041002
16139,312.4935062121232,6246.4240936328015
16140,311.1599841313286,4684.818070224601
16141,309.805444393724,3123.2120468164007
16142,308.43065203043824,1561.6060234082004
16143,307.0368658308906,0.0
16144,305.6263072739124,0.0
16145,305.3905122367775,0.0
16146,305.2469294689707,0.0
16147,305.12667258451506,0.0
16148,305.03527345844105,0.0
16149,304.97885461313695,0.0
16150,304.94625850941213,0.0
16151,304.9221466534682,0.0
16152,304.90069093952667,0.0
16153,304.8824449052621,0.0
16154,304.87521872750636,0.0
16155,304.881653818516,0.0
16156,304.897188816276,0.0
16157,304.91513742342977,0.0
16158,304.9285684129454,0.0
16159,304.940835111138,0.0
16160,304.96337958167504,0.0
16161,305.0039020021903,0.0
16162,305.0624816496671,0.0
16163,305.1556977778125,0.0
16164,305.3118178606983,0.0
16165,305.47705509846514,0.0
16166,305.5969125606595,0.0
16167,305.6359637688742,0.0
16168,305.6006616900701,0.0
16169,305.5523372718344,0.0
16170,305.5210380894148,0.0
16171,305.52894918287177,0.0
16172,305.5457554486485,0.0
16173,305.54948072527907,0.0
16174,305.5332134862447,0.0
16175,305.5101053145949,0.0
16176,305.5069890088887,0.0
16177,305.51850262461033,0.0
16178,305.55424606318337,0.0
16179,305.5972694221338,0.0
16180,305.62494504761804,0.0
16181,305.62515800060504,1041.0706822721336
16182,306.39829389031996,2082.141364544267
16183,307.23378178924224,3123.2120468164007
16184,308.08922701704824,4164.282729088534
16185,308.9696233584569,5205.353411360667
16186,309.87947806752493,6246.4240936328015
16187,310.7985548087777,7287.494775904934
16188,311.71500202169506,8328.565458177069
16189,312.61563260589935,9369.636140449202
16190,313.4994201286879,10410.706822721335
16191,314.37820929650997,11451.777504993468
16192,315.26891910695855,12492.848187265603
16193,316.1761662713625,12492.848187265603
16194,316.2855898467776,12492.848187265603
16195,316.33605052448047,12492.848187265603
16196,316.3808414306648,12492.848187265603
16197,316.42172216540325,12492.848187265603
16198,316.4609647005936,12492.848187265603
16199,316.49421850612555,12492.848187265603
16200,316.51435540464377,12492.848187265603
16201,316.51855043802817,12492.848187265603
16202,316.5141608955404,12492.848187265603
16203,316.5054035368716,12492.848187265603
16204,316.4996374170208,12492.848187265603
16205,316.50149393055653,12492.848187265603
16206,316.5108734119957,12492.848187265603
16207,316.5275389662339,12492.848187265603
16208,316.54813105282335,12492.848187265603
16209,316.56692310409306,12492.848187265603
16210,316.57710531155055,12492.848187265603
16211,316.584078082652,12492.848187265603
16212,316.594964675432,12492.848187265603
16213,316.6182962912296,12492.848187265603
16214,316.65326147944717,12492.848187265603
16215,316.6912042609992,12492.848187265603
16216,316.72216609845196,12492.848187265603
16217,316.74066155985906,12492.848187265603
16218,316.75306127015153,12492.848187265603
16219,316.76344433233066,12492.848187265603
16220,316.7746954786908,12492.848187265603
16221,316.78810970081133,12492.848187265603
16222,316.80169036691603,12492.848187265603
16223,316.8152759178963,12492.848187265603
16224,316.829306033551,12492.848187265603
16225,316.844802726265,11451.777504993468
16226,316.06829490846917,10410.706822721337
16227,315.2184750403404,9369.636140449202
16228,314.3465998144283,8328.56545817707
16229,313.45599618906334,7287.4947759049355
16230,312.5477753213271,6246.4240936328015
16231,311.6249950703628,5205.353411360669
16232,310.6902872172925,4164.282729088535
16233,309.74745000036387,3123.2120468164007
16234,308.7990644564269,2082.141364544268
16235,307.84165550533515,1041.070682272134
16236,306.8711122382265,0.0
16237,305.8793520349267,0.0
16238,305.6545251917181,0.0
16239,305.4861415147117,0.0
16240,305.3343935315805,0.0
16241,305.1999277132367,0.0
16242,305.0759942212489,0.0
16243,304.9727957843513,0.0
16244,304.9115992941017,0.0
16245,304.92029951922484,0.0
16246,304.96104869168454,0.0
16247,305.07861252089907,0.0
16248,305.23867248378735,0.0
16249,305.418557200564,0.0
16250,305.5631742743781,0.0
16251,305.6735769536218,0.0
16252,305.8116618631112,0.0
16253,305.9058566549748,0.0
16254,305.9955063006855,0.0
16255,306.07923231376105,0.0
16256,306.17505008987933,0.0
16257,306.24521709429825,0.0
16258,306.30757441371634,0.0
16259,306.35899782984484,0.0
16260,306.33133995350437,0.0
16261,306.24675603493836,0.0
16262,306.15475219273304,0.0
16263,306.09443412895666,0.0
16264,306.0224427201802,0.0
16265,305.9656000811741,0.0
16266,305.9061379374387,0.0
16267,305.864956423317,0.0
16268,305.8424375463486,0.0
16269,305.8394851068662,0.0
16270,305.84460261333436,0.0
16271,305.8486761645855,1249.2848187265604
16272,306.7961506893737,2498.569637453121
16273,307.81925914196125,3747.8544561796816
16274,308.8708497864675,4997.139274906242
16275,309.9613132963328,6246.4240936328015
16276,311.1105619324536,7495.708912359363
16277,312.3106624896168,8744.993731085922
16278,313.5392358446666,9994.278549812483
16279,314.78400773112816,11243.563368539042
16280,316.0639906519023,12492.848187265603
16281,317.3718894798311,12492.848187265603
16282,317.7211056928256,12492.848187265603
16283,317.94825588333674,12492.848187265603
16284,318.10856626292707,12492.848187265603
16285,318.22727306319126,12492.848187265603
16286,318.33081738249706,12492.848187265603
16287,318.4411110569678,12492.848187265603
16288,318.5367522552177,12492.848187265603
16289,318.62223796519896,12492.848187265603
16290,318.6926965321853,12492.848187265603
16291,318.74608174035063,12492.848187265603
16292,318.7980853975096,12492.848187265603
16293,318.81653749071904,12492.848187265603
16294,318.8476057064726,12492.848187265603
16295,318.86174132012474,12492.848187265603
16296,318.79327570428853,12492.848187265603
16297,318.71785902892117,12492.848187265603
16298,318.5994149657134,12492.848187265603
16299,318.49416795823765,12492.848187265603
16300,318.3444695280207,12492.848187265603
16301,318.2139571908039,12492.848187265603
16302,318.11203242936955,12492.848187265603
16303,318.07529232045516,12492.848187265603
16304,318.05142039353683,12492.848187265603
16305,318.0305595013747,12492.848187265603
16306,318.01369660074863,12492.848187265603
16307,318.00195046004666,12492.848187265603
16308,317.9924504661343,12492.848187265603
16309,317.98516228019247,12492.848187265603
16310,317.9782800842982,12492.848187265603
16311,317.9726021437297,12492.848187265603
16312,317.9696860571495,12492.848187265603
16313,317.97006992468135,12492.848187265603
16314,317.9718806345404,12492.848187265603
16315,317.97430287459093,12492.848187265603
16316,317.97687026825326,12492.848187265603
16317,317.9794062583287,12492.848187265603
16318,317.98200152296465,12492.848187265603
16319,317.98434658281326,12492.848187265603
16320,317.9860182438867,12492.848187265603
16321,317.9846743552872,12492.848187265603
16322,317.9777761951924,12492.848187265603
16323,317.969178805542,12492.848187265603
16324,317.9643844046691,12492.848187265603
16325,317.9684760596543,12492.848187265603
16326,317.98081677586,11243.563368539042
16327,317.04357189204933,9994.278549812483
16328,316.0154769276276,8744.993731085922
16329,314.958113558818,7495.708912359361
16330,313.88161220831887,6246.4240936328015
16331,312.7886446110402,4997.13927490624
16332,311.6802068816269,3747.8544561796803
16333,310.5574927565597,2498.56963745312
16334,309.42125872340404,1249.28481872656
16335,308.27250650381933,0.0
16336,307.1135104218397,0.0
16337,306.89856629819997,0.0
16338,306.76413830071846,0.0
16339,306.65676076432874,0.0
16340,306.5975420757999,0.0
16341,306.58382395181206,0.0
16342,306.6083450608466,0.0
16343,306.6502897832211,0.0
16344,306.69566620755353,0.0
16345,306.7351797554794,0.0
16346,306.7780119324395,0.0
16347,306.85998862837823,0.0
16348,306.91985087405703,0.0
16349,306.9800795363702,0.0
16350,307.0398783669216,0.0
16351,307.09353938836335,0.0
16352,307.17721293401326,0.0
16353,307.247392488593,0.0
16354,307.34690078750054,0.0
16355,307.4481078698741,0.0
16356,307.4918520514396,0.0
16357,307.4622325446543,0.0
16358,307.4574760713823,0.0
16359,307.4806728184883,1249.2848187265604
16360,308.46758607700457,2498.569637453121
16361,309.55054864821386,3747.8544561796816
16362,310.6573483536511,4997.139274906242
16363,311.778564371333,6246.4240936328015
16364,312.90862268529366,7495.708912359363
16365,314.04383254883146,8744.993731085922
16366,315.1860769028636,9994.278549812483
16367,316.32474960544073,11243.563368539042
16368,317.4597153597381,12492.848187265603
16369,318.60287484084887,12492.848187265603
16370,318.83752986100603,12492.848187265603
16371,319.03852000037136,12492.848187265603
16372,319.2366068070887,12492.848187265603
16373,319.4344536047857,12492.848187265603
16374,319.6371685890812,12492.848187265603
16375,319.82937738185603,12492.848187265603
16376,319.9934022151116,12492.848187265603
16377,320.13709345928345,12492.848187265603
16378,320.2661893116207,12492.848187265603
16379,320.36948664681904,12492.848187265603
16380,320.3966484562583,12492.848187265603
16381,320.3876114545785,12492.848187265603
16382,320.33221196560726,12492.848187265603
16383,320.3195987829537,12492.848187265603
16384,320.36747983227656,12492.848187265603
16385,320.46935398545605,12492.848187265603
16386,320.52832658941327,12492.848187265603
16387,320.4985664344388,12492.848187265603
16388,320.441024919081,12492.848187265603
16389,320.39770351525283,12492.848187265603
16390,320.34694831353613,12492.848187265603
16391,320.35652623852513,12492.848187265603
16392,320.3777766863877,12492.848187265603
16393,320.3938322170177,12492.848187265603
16394,320.4009258461207,12492.848187265603
16395,320.38887298387345,12492.848187265603
16396,320.3497364715074,12492.848187265603
16397,320.2602101730105,12492.848187265603
16398,320.1496445312581,12492.848187265603
16399,320.0502344472822,12492.848187265603
16400,319.9873561792013,12492.848187265603
16401,319.96653779287124,11243.563368539042
16402,319.0077970186138,9994.278549812483
16403,317.96542595900064,8744.993731085922
16404,316.8996174624497,7495.708912359361
16405,315.81592746101114,6246.4240936328015
16406,314.7159098566768,4997.13927490624
16407,313.60060485075235,3747.8544561796803
16408,312.47057572205176,2498.56963745312
16409,311.3185656438308,1249.28481872656
16410,310.1319509375194,0.0
16411,308.92522389505854,0.0
16412,308.67113094500286,0.0
16413,308.51619467326725,0.0
16414,308.38307801332485,0.0
16415,308.2596861931444,0.0
16416,308.1408627225317,0.0
16417,308.0241029460008,0.0
16418,307.9099706167454,0.0
16419,307.79824039074913,0.0
16420,307.68823155992965,0.0
16421,307.57383704418,0.0
16422,307.4468226168871,0.0
16423,307.31647624225144,0.0
16424,307.19608477865603,0.0
16425,307.09341504013224,0.0
16426,307.0018365132264,0.0
16427,306.9188363604471,0.0
16428,306.8437685416295,0.0
16429,306.7754628239676,0.0
16430,306.71151409853337,0.0
16431,306.6498093940462,0.0
16432,306.58839706044256,0.0
16433,306.5276729860479,0.0
16434,306.4712784812843,0.0
16435,306.42806347756954,0.0
16436,306.4243691868301,0.0
16437,306.45486077135917,0.0
16438,306.50542834404314,0.0
16439,306.6134610704951,0.0
16440,306.72523308716296,0.0
16441,306.88385703785127,0.0
16442,307.0067639935198,0.0
16443,307.10456614577197,0.0
16444,307.18459882260845,0.0
16445,307.281642121254,0.0
16446,307.3581848575666,1784.6925981808004
16447,308.73159243253724,3569.3851963616007
16448,310.2402397327062,5354.077794542401
16449,311.7369250499222,7138.770392723201
16450,313.2489443642882,8923.462990904001
16451,314.76060740962765,10708.155589084801
16452,316.30231933432844,12492.848187265603
16453,317.90472246531994,12492.848187265603
16454,318.2035089084907,12492.848187265603
16455,318.41589106198967,12492.848187265603
16456,318.6209310840758,12492.848187265603
16457,318.7797497230396,12492.848187265603
16458,318.8847441612866,12492.848187265603
16459,319.0118669133244,12492.848187265603
16460,319.2586215280208,12492.848187265603
16461,319.5645564515398,12492.848187265603
16462,319.81516669967345,12492.848187265603
16463,319.9650356743192,12492.848187265603
16464,320.0408381376198,12492.848187265603
16465,320.074583034651,12492.848187265603
16466,320.12802740846035,12492.848187265603
16467,320.22345936796603,12492.848187265603
16468,320.35001745253226,12492.848187265603
16469,320.50179012856086,12492.848187265603
16470,320.6574777172414,12492.848187265603
16471,320.80340676726735,12492.848187265603
16472,320.9382388598165,12492.848187265603
16473,321.06037823857275,12492.848187265603
16474,321.1722695125122,12492.848187265603
16475,321.2798449081657,12492.848187265603
16476,321.39317058083844,12492.848187265603
16477,321.5311152913333,12492.848187265603
16478,321.6310607474262,12492.848187265603
16479,321.6868580253037,12492.848187265603
16480,321.661156215229,12492.848187265603
16481,321.5972031493667,12492.848187265603
16482,321.49936496459173,12492.848187265603
16483,321.37689364393316,12492.848187265603
16484,321.2482814270792,12492.848187265603
16485,321.10926072541344,12492.848187265603
16486,320.9543781606899,10708.155589084803
16487,319.47581358215615,8923.462990904003
16488,317.891471432807,7138.770392723201
16489,316.3005163570552,5354.0777945424015
16490,314.69834907237447,3569.385196361602
16491,313.078230992359,1784.692598180801
16492,311.43335195899294,0.0
16493,309.766406324734,0.0
16494,309.4456192237379,0.0
16495,309.2413186443879,0.0
16496,309.0620753766491,0.0
16497,308.89964060148634,0.0
16498,308.7508541080462,0.0
16499,308.61525048646655,0.0
16500,308.49240249155037,0.0
16501,308.3817959380961,0.0
16502,308.2787312294968,0.0
16503,308.1804425261764,0.0
16504,308.08492433550646,0.0
16505,307.9909934381475,0.0
16506,307.899346036614,0.0
16507,307.8099481337452,0.0
16508,307.72268133152,0.0
16509,307.63738468467983,0.0
16510,307.55403426633643,0.0
16511,307.4732636356807,0.0
16512,307.39581805193046,1561.6060234082004
16513,308.5167127244716,3123.2120468164007
16514,309.760562056734,4684.818070224601
16515,311.04203779133263,6246.4240936328015
16516,312.34682168076307,7808.030117041002
16517,313.66856153274387,9369.636140449202
16518,315.0088546827642,10931.242163857403
16519,316.36519601042767,12492.848187265603
16520,317.7344835235691,12492.848187265603
16521,317.9196501931018,12492.848187265603
16522,317.99606570937294,12492.848187265603
16523,318.05100631639175,12492.848187265603
16524,318.1013904091535,12492.848187265603
16525,318.154807304274,12492.848187265603
16526,318.20663650628205,12492.848187265603
16527,318.25465289661975,12492.848187265603
16528,318.297565823536,12492.848187265603
16529,318.33365701767883,12492.848187265603
16530,318.36336288110573,12492.848187265603
16531,318.3906515377446,12492.848187265603
16532,318.4241164812206,12492.848187265603
16533,318.47208485367,12492.848187265603
16534,318.5415042569816,12492.848187265603
16535,318.6421942565158,12492.848187265603
16536,318.7830217000743,12492.848187265603
16537,318.94774526313233,12492.848187265603
16538,319.1029414709346,12492.848187265603
16539,319.2525882205772,12492.848187265603
16540,319.40441004493624,12492.848187265603
16541,319.5655827362092,12492.848187265603
16542,319.74380477942594,12492.848187265603
16543,319.9294169285678,12492.848187265603
16544,320.1281661886316,10931.242163857403
16545,319.1018597979556,9369.636140449202
16546,317.94654958874116,7808.030117041002
16547,316.7283576821492,6246.4240936328015
16548,315.4092098431439,4684.818070224601
16549,314.0672737861282,3123.2120468164007
16550,312.7120142890305,1561.6060234082004
16551,311.3842830558179,0.0
16552,310.05708181893164,0.0
16553,309.9015914887422,0.0
16554,309.82679348815225,0.0
16555,309.7605819506673,0.0
16556,309.7081875892296,0.0
16557,309.67276107724445,0.0
16558,309.64706540186717,0.0
16559,309.6240652497068,0.0
16560,309.6025207183077,0.0
16561,309.5785869047832,0.0
16562,309.5650430281814,0.0
16563,309.55602802737303,0.0
16564,309.5453613868994,0.0
16565,309.52536118602137,0.0
16566,309.48570708952764,0.0
16567,309.43392529676476,0.0
16568,309.37833228249286,0.0
16569,309.3393994469937,0.0
16570,309.3258612465539,0.0
16571,309.3398847992195,0.0
16572,309.3818358007511,0.0
16573,309.42798685005573,0.0
16574,309.4150539927025,0.0
16575,309.3205859178696,0.0
16576,309.13659947228655,0.0
16577,308.9629302551918,0.0
16578,308.80658609952786,0.0
16579,308.7051187772235,0.0
16580,308.6139508038024,0.0
16581,308.5118098872642,0.0
16582,308.40459991876537,0.0
16583,308.2942905356478,0.0
16584,308.18063487644986,0.0
16585,308.0654572818938,0.0
16586,307.95082517929944,0.0
16587,307.8344523759199,0.0
16588,307.7179663100022,0.0
16589,307.59065975956264,0.0
16590,307.4346144597001,0.0
16591,307.2732718621758,0.0
16592,307.13083251884893,0.0
16593,307.0200149933494,0.0
16594,306.919565014805,0.0
16595,306.82586132296865,0.0
16596,306.74222069576524,1249.2848187265604
16597,307.6216607241571,2498.569637453121
16598,308.5921071819789,3747.8544561796816
16599,309.58774453804693,4997.139274906242
16600,310.6023951404191,6246.4240936328015
16601,311.634020328433,7495.708912359363
16602,312.6814129369674,8744.993731085922
16603,313.74322192140124,9994.278549812483
16604,314.8190497187471,11243.563368539042
16605,315.9087418445944,12492.848187265603
16606,317.01362504356894,12492.848187265603
16607,317.1791454520576,12492.848187265603
16608,317.2683481566808,12492.848187265603
16609,317.3480476608426,12492.848187265603
16610,317.4303317579387,12492.848187265603
16611,317.5086837160755,12492.848187265603
16612,317.5730742145352,12492.848187265603
16613,317.61252560087155,12492.848187265603
16614,317.6260699574502,12492.848187265603
16615,317.62557769124584,12492.848187265603
16616,317.6251744761573,12492.848187265603
16617,317.63195987997693,12492.848187265603
16618,317.63761967214856,12492.848187265603
16619,317.64320978289663,12492.848187265603
16620,317.65242813653543,12492.848187265603
16621,317.66639041686517,12492.848187265603
16622,317.680558809507,12492.848187265603
16623,317.69428700468006,12492.848187265603
16624,317.7080377028876,12492.848187265603
16625,317.7216338387762,12492.848187265603
16626,317.73466430042345,12492.848187265603
16627,317.7487706433279,12492.848187265603
16628,317.7675622684126,12492.848187265603
16629,317.79161838763895,12492.848187265603
16630,317.81998065558497,12492.848187265603
16631,317.85183311141134,12492.848187265603
16632,317.8864716197061,12492.848187265603
16633,317.924079455532,12492.848187265603
16634,317.9651733133875,12492.848187265603
16635,318.0095734968287,12492.848187265603
16636,318.05594561401733,12492.848187265603
16637,318.10136029397836,12492.848187265603
16638,318.1420895037037,12492.848187265603
16639,318.1811845103622,12492.848187265603
16640,318.2243230865418,12492.848187265603
16641,318.2769366745762,12492.848187265603
16642,318.3392889258815,12492.848187265603
16643,318.4057047446131,12492.848187265603
16644,318.46905710434686,12492.848187265603
16645,318.52605417961587,12492.848187265603
16646,318.58080092712913,12492.848187265603
16647,318.63352648608935,12492.848187265603
16648,318.68280274494236,11243.563368539042
16649,317.7757614275767,9994.278549812483
16650,316.77769531404863,8744.993731085922
16651,315.7531516262171,7495.708912359361
16652,314.70609824257485,6246.4240936328015
16653,313.64244632537213,4997.13927490624
16654,312.56810285104564,3747.8544561796803
16655,311.5258895934975,2498.56963745312
16656,310.5707715606886,1249.28481872656
16657,309.63962851692304,0.0
16658,308.6592158856892,0.0
16659,308.4998632619523,0.0
16660,308.2876042272814,0.0
16661,308.0154993668318,0.0
16662,307.7672638315935,0.0
16663,307.6087231496528,0.0
16664,307.4878359210801,0.0
16665,307.3925669814704,0.0
16666,307.30249515672944,0.0
16667,307.2122395038528,0.0
16668,307.124935000509,0.0
16669,307.0406397000652,0.0
16670,306.95822099023115,0.0
16671,306.874848366132,0.0
16672,306.78899265120384,0.0
16673,306.69845734153,0.0
16674,306.6032909818081,0.0
16675,306.5047800642803,0.0
16676,306.40511553374387,2498.569637453121
16677,308.21123980955355,4997.139274906242
16678,310.194406722531,7495.708912359363
16679,312.2260695847042,9994.278549812483
16680,314.2941855207946,12492.848187265603
16681,316.39533780861694,12492.848187265603
16682,316.6212994426879,12492.848187265603
16683,316.6991213010637,12492.848187265603
16684,316.75841348106934,12492.848187265603
16685,316.809326467627,12492.848187265603
16686,316.8513218520212,12492.848187265603
16687,316.88759105785465,12492.848187265603
16688,316.9208333130899,12492.848187265603
16689,316.95333675832535,12492.848187265603
16690,316.9842315247985,12492.848187265603
16691,317.0130000417933,12492.848187265603
16692,317.038769414253,12492.848187265603
16693,317.06424356051565,12492.848187265603
16694,317.0942596295894,12492.848187265603
16695,317.1262552292004,12492.848187265603
16696,317.1558959065123,12492.848187265603
16697,317.18092389821766,12492.848187265603
16698,317.20369670285953,12492.848187265603
16699,317.2250775749171,12492.848187265603
16700,317.2452979418098,9994.278549812483
16701,315.358807860031,7495.708912359361
16702,313.2940144171103,4997.13927490624
16703,311.1800771720391,2498.56963745312
16704,309.02932386111644,0.0
16705,306.84772315202497,0.0
16706,306.5470129018693,0.0
16707,306.39665667870213,0.0
16708,306.2654931892964,0.0
16709,306.1395871685475,0.0
16710,306.0195369121744,0.0
16711,305.90576121272846,0.0
16712,305.7982382128663,0.0
16713,305.69670608730775,0.0
16714,305.60005810187823,0.0
16715,305.50760966132947,0.0
16716,305.4192967889803,0.0
16717,305.3354789717197,0.0
16718,305.25667213347947,0.0
16719,305.1813128139089,0.0
16720,305.1071903368251,0.0
16721,305.03322458277006,0.0
16722,304.96114090197443,0.0
16723,304.8923544328271,0.0
16724,304.82971814267916,0.0
16725,304.77353704666376,0.0
16726,304.72355921866114,0.0
16727,304.67902094035173,0.0
16728,304.6387679390864,0.0
16729,304.6040703993755,0.0
16730,304.5774977974038,0.0
16731,304.5575160135223,0.0
16732,304.54064104311004,0.0
16733,304.5251379006139,0.0
16734,304.5110553116454,0.0
16735,304.49827923713366,0.0
16736,304.4871237282708,0.0
16737,304.47763529766826,0.0
16738,304.4695133866872,0.0
16739,304.46202886801433,4164.282729088534
16740,307.630001704244,8328.565458177069
16741,311.09275670379674,12492.848187265603
16742,314.63603154409975,12492.848187265603
16743,315.0621679863156,12492.848187265603
16744,315.2463006179412,12492.848187265603
16745,315.3983644657777,12492.848187265603
16746,315.5347542076177,12492.848187265603
16747,315.65968727468737,12492.848187265603
16748,315.7761759104175,12492.848187265603
16749,315.88618884880896,12492.848187265603
16750,315.98885316803734,12492.848187265603
16751,316.0846101254111,12492.848187265603
16752,316.17395034314916,12492.848187265603
16753,316.2573393254495,12492.848187265603
16754,316.3367148759517,12492.848187265603
16755,316.41194433149263,12492.848187265603
16756,316.4824906758928,12492.848187265603
16757,316.54836375851704,12492.848187265603
16758,316.6097425586653,12492.848187265603
16759,316.66677407883043,12492.848187265603
16760,316.7195858481643,12492.848187265603
16761,316.7670472840134,12492.848187265603
16762,316.80731669863553,12492.848187265603
16763,316.8423972116857,12492.848187265603
16764,316.8754226899657,12492.848187265603
16765,316.90733848743116,12492.848187265603
16766,316.93583338971956,12492.848187265603
16767,316.9605919875774,12492.848187265603
16768,316.9825397868118,12492.848187265603
16769,317.0020185342163,12492.848187265603
16770,317.0190508656758,12492.848187265603
16771,317.0335910070051,12492.848187265603
16772,317.04619936108975,12492.848187265603
16773,317.05534303451446,12492.848187265603
16774,317.05833157504685,12492.848187265603
16775,317.05768595019055,12492.848187265603
16776,317.05669759442833,8328.56545817707
16777,313.8811172039601,4164.282729088535
16778,310.41134310667525,0.0
16779,306.8611802470674,0.0
16780,306.4279506512713,0.0
16781,306.23437655611406,0.0
16782,306.06790903240915,0.0
16783,305.9151503630642,0.0
16784,305.7766900619974,0.0
16785,305.6531504855848,0.0
16786,305.5400671546029,0.0
16787,305.4352973577608,0.0
16788,305.3369672616782,0.0
16789,305.244704057249,0.0
16790,305.1584314351121,0.0
16791,305.07614386077995,0.0
16792,304.9954543206672,0.0
16793,304.9146168831023,0.0
16794,304.8344314878888,0.0
16795,304.7556317514249,0.0
16796,304.67891348692814,0.0
16797,304.6046744355408,0.0
16798,304.53255251817023,0.0
16799,304.46222797339817,0.0
16800,304.39353620438163,0.0
16801,304.3282709405494,0.0
16802,304.2691525834356,0.0
16803,304.2129721434241,0.0
16804,304.15496984016517,0.0
16805,304.0910439673375,0.0
16806,304.02167419267994,0.0
16807,303.95072529812126,0.0
16808,303.8825828573398,0.0
16809,303.81959971777377,0.0
16810,303.7593481869023,0.0
16811,303.7000126476749,0.0
16812,303.6402533041825,0.0
16813,303.57884484867213,0.0
16814,303.51569883549485,0.0
16815,303.4523932148741,0.0
16816,303.3912849510993,0.0
16817,303.33578175592345,0.0
16818,303.28785996916645,0.0
16819,303.26204523642457,0.0
16820,303.30686909413976,1249.2848187265604
16821,304.33577645843263,2498.569637453121
16822,305.44662101880346,3747.8544561796816
16823,306.5785470836973,4997.139274906242
16824,307.7439258578145,6246.4240936328015
16825,308.96086096009736,7495.708912359363
16826,310.1898607784575,8744.993731085922
16827,311.3779471416635,9994.278549812483
16828,312.4867057590011,11243.563368539042
16829,313.6224206712533,12492.848187265603
16830,314.7830296067491,12492.848187265603
16831,315.1383648681609,12492.848187265603
16832,315.47804039548885,12492.848187265603
16833,315.8336106693655,12492.848187265603
16834,316.1817072544752,12492.848187265603
16835,316.4765912784732,12492.848187265603
16836,316.7480891019858,12492.848187265603
16837,316.9419539962017,12492.848187265603
16838,317.08017701232495,12492.848187265603
16839,317.1929045568255,12492.848187265603
16840,317.317532852861,12492.848187265603
16841,317.4298769351327,12492.848187265603
16842,317.4968507861371,12492.848187265603
16843,317.5098654911477,12492.848187265603
16844,317.46728505980576,12492.848187265603
16845,317.4245542705669,12492.848187265603
16846,317.4438099745699,12492.848187265603
16847,317.56233161627483,12492.848187265603
16848,317.74447227513275,12492.848187265603
16849,317.9599341234317,12492.848187265603
16850,318.1841676364843,12492.848187265603
16851,318.40079207140343,12492.848187265603
16852,318.5636211495034,12492.848187265603
16853,318.6772030909686,12492.848187265603
16854,318.8053813934941,12492.848187265603
16855,318.95056590562234,11243.563368539042
16856,318.1147300041578,9994.278549812483
16857,317.1525810153011,8744.993731085922
16858,316.1660987442023,7495.708912359361
16859,315.1779966830571,6246.4240936328015
16860,314.18262483999763,4997.13927490624
16861,313.19321108121477,3747.8544561796803
16862,312.14745170958196,2498.56963745312
16863,311.0680784480816,1249.28481872656
16864,309.9725092430054,0.0
16865,308.863588746927,0.0
16866,308.7057848617688,0.0
16867,308.5743267856426,0.0
16868,308.4673354175061,0.0
16869,308.36616262866073,0.0
16870,308.2550995058881,0.0
16871,308.1292493017586,0.0
16872,307.95178973260994,0.0
16873,307.8050618466814,0.0
16874,307.66123384050434,0.0
16875,307.4756450525511,0.0
16876,307.23033639739117,0.0
16877,306.94959255776314,0.0
16878,306.7106296281199,0.0
16879,306.5501724504907,0.0
16880,306.4156360981329,0.0
16881,306.29247544154504,0.0
16882,306.1795644068768,0.0
16883,306.0749755170203,0.0
16884,305.9730983984073,0.0
16885,305.8783413352364,0.0
16886,305.80028612893494,0.0
16887,305.7310163339795,0.0
16888,305.6586407265545,0.0
16889,305.5734111948499,0.0
16890,305.47777524906957,0.0
16891,305.37964705960826,0.0
16892,305.28738201242584,0.0
16893,305.20656308761863,0.0
16894,305.13267020556657,0.0
16895,305.06101221030923,0.0
16896,304.9873758580896,0.0
16897,304.9075522627746,0.0
16898,304.82163874275193,0.0
16899,304.7351718082535,0.0
16900,304.6546363227527,0.0
16901,304.58322778695043,0.0
16902,304.51566164140246,0.0
16903,304.44926052314696,0.0
16904,304.3823220704887,0.0
16905,304.31401315301054,0.0
16906,304.2452139304526,1561.6060234082004
16907,305.3677508462764,3123.2120468164007
16908,306.60101342773015,4684.818070224601
16909,307.86532447926396,6246.4240936328015
16910,309.1527714406919,7808.030117041002
16911,310.46134277044115,9369.636140449202
16912,311.7892621198603,10931.242163857403
16913,313.1370711391437,12492.848187265603
16914,314.5046224205449,12492.848187265603
16915,314.707899033743,12492.848187265603
16916,314.8581245620203,12492.848187265603
16917,315.0310165359778,12492.848187265603
16918,315.2657236325347,12492.848187265603
16919,315.51810759302947,12492.848187265603
16920,315.8245206736111,12492.848187265603
16921,316.1116836898913,12492.848187265603
16922,316.3858291534334,12492.848187265603
16923,316.6471069358476,12492.848187265603
16924,316.9260948913916,12492.848187265603
16925,317.15230196347125,12492.848187265603
16926,317.36401567511876,12492.848187265603
16927,317.5632637522119,12492.848187265603
16928,317.7824107122623,12492.848187265603
16929,317.9669428343298,12492.848187265603
16930,318.13695697661814,12492.848187265603
16931,318.29875674335716,12492.848187265603
16932,318.45495742890614,12492.848187265603
16933,318.60417601584805,12492.848187265603
16934,318.7436738064802,12492.848187265603
16935,318.87457282454363,12492.848187265603
16936,318.9884782117627,12492.848187265603
16937,319.08888993191596,12492.848187265603
16938,319.17695830919416,12492.848187265603
16939,319.25595314103725,12492.848187265603
16940,319.3276017216061,12492.848187265603
16941,319.39426628916266,10931.242163857403
16942,318.26656514588245,9369.636140449202
16943,317.03582138303545,7808.030117041002
16944,315.7950918755954,6246.4240936328015
16945,314.55039281608265,4684.818070224601
16946,313.3093301052109,3123.2120468164007
16947,312.0626581042768,1561.6060234082004
16948,310.800381729537,0.0
16949,309.5332559225949,0.0
16950,309.42310461270796,0.0
16951,309.3835838180655,0.0
16952,309.3051175101374,0.0
16953,309.1841458594391,0.0
16954,309.06712159878174,0.0
16955,308.99872820375685,0.0
16956,309.0099805048161,0.0
16957,309.0707410244959,0.0
16958,309.1516697219395,0.0
16959,309.1549352560413,0.0
16960,309.12823125217864,0.0
16961,309.0671895421058,0.0
16962,308.9651386781242,0.0
16963,308.8313154114768,0.0
16964,308.680115134388,0.0
16965,308.5752006081443,0.0
16966,308.4387899196929,0.0
16967,308.2958862830506,0.0
16968,308.08856243330587,0.0
16969,307.86231974406456,0.0
16970,307.6505198013279,0.0
16971,307.5033666991815,0.0
16972,307.36844593417334,0.0
16973,307.2312906547854,0.0
16974,307.0822486119988,0.0
16975,306.9352586836855,0.0
16976,306.8064239751416,0.0
16977,306.70519146210745,2082.141364544267
16978,308.2026269849296,4164.282729088534
16979,309.85338456134815,6246.4240936328015
16980,311.54606601350565,8328.565458177069
16981,313.2696733783202,10410.706822721335
16982,315.02119773051635,12492.848187265603
16983,316.79786822286945,12492.848187265603
16984,317.0098258329136,12492.848187265603
16985,317.08964438933333,12492.848187265603
16986,317.1355736533563,12492.848187265603
16987,317.16843723792704,12492.848187265603
16988,317.20572224007685,12492.848187265603
16989,317.259937828424,12492.848187265603
16990,317.3250342886573,12492.848187265603
16991,317.3922332031181,12492.848187265603
16992,317.45269012083077,12492.848187265603
16993,317.50211286431414,12492.848187265603
16994,317.5467603392516,12492.848187265603
16995,317.5874466886192,12492.848187265603
16996,317.6234950511075,12492.848187265603
16997,317.6531601968096,12492.848187265603
16998,317.67596893078934,12492.848187265603
16999,317.6956739190503,12492.848187265603
17000,317.7168787814666,12492.848187265603
17001,317.74212294038847,12492.848187265603
17002,317.7682861447333,12492.848187265603
17003,317.7938091982774,12492.848187265603
17004,317.8176768588088,12492.848187265603
17005,317.83939498550143,12492.848187265603
17006,317.85975511845106,12492.848187265603
17007,317.87956298018156,12492.848187265603
17008,317.9001323554429,12492.848187265603
17009,317.9223240558082,12492.848187265603
17010,317.9468356710112,12492.848187265603
17011,317.97668089599114,12492.848187265603
17012,318.0186277596534,12492.848187265603
17013,318.0714722701561,12492.848187265603
17014,318.13917820774066,12492.848187265603
17015,318.25129972772754,12492.848187265603
17016,318.4560150302481,12492.848187265603
17017,318.7085290307366,12492.848187265603
17018,318.9303235876253,12492.848187265603
17019,319.12360885870015,12492.848187265603
17020,319.31369768114973,12492.848187265603
17021,319.5049770377466,10410.706822721337
17022,318.1086224234995,8328.56545817707
17023,316.5559292143123,6246.4240936328015
17024,314.97348241977045,4164.282729088535
17025,313.346696627577,2082.141364544268
17026,311.67789282558596,0.0
17027,309.9831542626592,0.0
17028,309.84869098115956,0.0
17029,309.8306325404991,0.0
17030,309.8183811164809,0.0
17031,309.79272582898557,0.0
17032,309.74384392030515,0.0
17033,309.68196305845214,0.0
17034,309.610407475308,0.0
17035,309.56833274572654,0.0
17036,309.5483527597965,0.0
17037,309.54631295171464,0.0
17038,309.5511420764716,0.0
17039,309.5344358669296,1041.0706822721336
17040,310.2641202052621,2082.141364544267
17041,311.047719181682,3123.2120468164007
17042,311.85621987716985,4164.282729088534
17043,312.73397565404855,5205.353411360667
17044,313.6828421104233,6246.4240936328015
17045,314.6911754933335,7287.494775904934
17046,315.72118974715687,8328.565458177069
17047,316.73389478272577,9369.636140449202
17048,317.7294761664643,10410.706822721335
17049,318.7171888747566,11451.777504993468
17050,319.7212908196638,12492.848187265603
17051,320.7499769465539,12492.848187265603
17052,320.986737422174,12492.848187265603
17053,321.16395652100994,12492.848187265603
17054,321.29764464755715,12492.848187265603
17055,321.40398053346183,12492.848187265603
17056,321.49120477950146,12492.848187265603
17057,321.5678871410998,12492.848187265603
17058,321.6626872158836,12492.848187265603
17059,321.74849858046036,12492.848187265603
17060,321.81629678230075,12492.848187265603
17061,321.86639758261293,12492.848187265603
17062,321.8904826330743,12492.848187265603
17063,321.8905633752096,12492.848187265603
17064,321.83629181357685,12492.848187265603
17065,321.80285513862214,12492.848187265603
17066,321.7662938928272,12492.848187265603
17067,321.7011894085143,12492.848187265603
17068,321.54934859425504,12492.848187265603
17069,321.3670875059836,12492.848187265603
17070,321.1776842602356,12492.848187265603
17071,321.0472018830155,12492.848187265603
17072,320.956474367088,12492.848187265603
17073,320.92052509895814,12492.848187265603
17074,320.9274652667737,12492.848187265603
17075,320.9520237730379,12492.848187265603
17076,320.9635243840773,12492.848187265603
17077,320.9402477195956,12492.848187265603
17078,320.8895639845339,12492.848187265603
17079,320.83310961733997,12492.848187265603
17080,320.7942878877056,12492.848187265603
17081,320.78369756188954,12492.848187265603
17082,320.78052545371014,11451.777504993468
17083,319.98414646225683,10410.706822721337
17084,319.11234122542936,9369.636140449202
17085,318.2171897596696,8328.56545817707
17086,317.30510233264346,7287.4947759049355
17087,316.3790402819386,6246.4240936328015
17088,315.4412214930519,5205.353411360669
17089,314.49491838705745,4164.282729088535
17090,313.5411541239135,3123.2120468164007
17091,312.57836021778195,2082.141364544268
17092,311.60477975465517,1041.070682272134
17093,310.61809052822144,0.0
17094,309.61846452032125,0.0
17095,309.40234240583356,0.0
17096,309.25250389638416,0.0
17097,309.1216750930182,0.0
17098,309.01083830197626,0.0
17099,308.91104665599767,0.0
17100,308.81059484065514,0.0
17101,308.6983410880904,0.0
17102,308.5735623477201,0.0
17103,308.44750210324594,0.0
17104,308.33280457042883,0.0
17105,308.23666895390903,0.0
17106,308.14947282225484,0.0
17107,308.06715042992835,0.0
17108,307.9888307646779,0.0
17109,307.9135137415749,0.0
17110,307.8438956063675,0.0
17111,307.77994963137496,0.0
17112,307.72040005730986,0.0
17113,307.66446584340696,0.0
17114,307.611661517289,0.0
17115,307.5631666098964,0.0
17116,307.5194883033561,0.0
17117,307.4817934632434,0.0
17118,307.4489298171631,0.0
17119,307.4193035663061,0.0
17120,307.3919763993015,0.0
17121,307.3662621290416,0.0
17122,307.34235076648616,0.0
17123,307.3197887339189,0.0
17124,307.297402220898,0.0
17125,307.2770701888769,0.0
17126,307.2619390328358,0.0
17127,307.24871269117074,0.0
17128,307.23190492327547,0.0
17129,307.20619064813894,0.0
17130,307.1700363638005,0.0
17131,307.12889834612326,0.0
17132,307.0894347066675,0.0
17133,307.057141046672,0.0
17134,307.03059522250874,0.0
17135,307.00399719211265,0.0
17136,306.9710948647171,0.0
17137,306.92862278005055,0.0
17138,306.88196116147736,0.0
17139,306.83283114603904,3123.2120468164007
17140,309.162295306606,6246.4240936328015
17141,311.7143650052282,9369.636140449202
17142,314.3307316712825,12492.848187265603
17143,317.03133449731047,12492.848187265603
17144,317.47713845687815,12492.848187265603
17145,317.7772307398739,12492.848187265603
17146,318.003641559001,12492.848187265603
17147,318.1346314473071,12492.848187265603
17148,318.236462154673,12492.848187265603
17149,318.3278695508151,12492.848187265603
17150,318.4159217999478,12492.848187265603
17151,318.4974603514912,12492.848187265603
17152,318.5620757039956,12492.848187265603
17153,318.59829240396306,12492.848187265603
17154,318.6311703499889,12492.848187265603
17155,318.6474200560772,12492.848187265603
17156,318.6442154544935,12492.848187265603
17157,318.6081951573251,12492.848187265603
17158,318.51933331190867,12492.848187265603
17159,318.42626206640307,12492.848187265603
17160,318.41027104265646,12492.848187265603
17161,318.45288309622197,12492.848187265603
17162,318.5184896672895,12492.848187265603
17163,318.5487518081105,9369.636140449202
17164,316.1210641113919,6246.4240936328015
17165,313.41154582991277,3123.2120468164007
17166,310.6454968550277,0.0
17167,307.89141836988523,0.0
17168,307.500727641353,0.0
17169,307.312009192452,0.0
17170,307.1593586948796,0.0
17171,307.02357142825724,0.0
17172,306.8959994068317,0.0
17173,306.7726255854336,0.0
17174,306.6530624488173,0.0
17175,306.5367729070282,0.0
17176,306.4229962764114,0.0
17177,306.3055438935862,0.0
17178,306.1765435661704,0.0
17179,306.046645265667,0.0
17180,305.93019434837686,0.0
17181,305.8348078726895,0.0
17182,305.74919631171997,0.0
17183,305.6691028717722,0.0
17184,305.5925809731329,0.0
17185,305.51949223464914,0.0
17186,305.45132759824173,0.0
17187,305.3853697189711,0.0
17188,305.31794095483343,0.0
17189,305.2386664334534,0.0
17190,305.13688949317145,0.0
17191,305.02608086648905,0.0
17192,304.92495275462005,0.0
17193,304.84292449904507,0.0
17194,304.766304532393,0.0
17195,304.690850433185,0.0
17196,304.61535768944447,0.0
17197,304.5392212918785,0.0
17198,304.46308418889845,0.0
17199,304.387275025846,0.0
17200,304.31212346920813,0.0
17201,304.23843189652206,0.0
17202,304.170230007293,0.0
17203,304.1395633526775,0.0
17204,304.1676809497424,0.0
17205,304.2186508521491,0.0
17206,304.2386396529329,1135.7134715696004
17207,305.0853542094512,2271.426943139201
17208,305.97167911534007,3407.1404147088006
17209,306.884687860714,4542.853886278402
17210,307.847197036243,5678.567357848002
17211,308.8659524720002,6814.280829417601
17212,309.92345560656025,7949.994300987201
17213,311.01067930206995,9085.707772556803
17214,312.12280660409516,10221.421244126403
17215,313.2468254173474,11357.134715696004
17216,314.3780104235417,12492.848187265603
17217,315.50987190568213,12492.848187265603
17218,315.77834540723956,12492.848187265603
17219,316.03906992622734,12492.848187265603
17220,316.4306730571128,12492.848187265603
17221,316.86525078196354,12492.848187265603
17222,317.2729134422556,12492.848187265603
17223,317.53846651352984,12492.848187265603
17224,317.6986629476722,12492.848187265603
17225,317.7968003906185,12492.848187265603
17226,317.8605156427986,12492.848187265603
17227,317.93042950006435,12492.848187265603
17228,318.00399264573406,12492.848187265603
17229,318.07700058685,12492.848187265603
17230,318.1350405959576,12492.848187265603
17231,318.1722502207887,12492.848187265603
17232,318.1851170390471,12492.848187265603
17233,318.20429093795735,12492.848187265603
17234,318.26945346350294,12492.848187265603
17235,318.3669552192289,12492.848187265603
17236,318.5008658667275,12492.848187265603
17237,318.67544085129816,12492.848187265603
17238,318.8581039726685,12492.848187265603
17239,319.0183427361348,11357.134715696002
17240,318.28262539722107,10221.4212441264
17241,317.45617520568686,9085.707772556803
17242,316.6044821989445,7949.994300987201
17243,315.75394664787945,6814.280829417601
17244,314.8745673440296,5678.567357848002
17245,313.96364986786745,4542.853886278402
17246,313.03580234136314,3407.1404147088006
17247,312.0934191617662,2271.4269431392
17248,311.12902499094736,1135.7134715695993
17249,310.1294887473044,0.0
17250,309.0876623023276,0.0
17251,308.881230703818,0.0
17252,308.75407912225745,0.0
17253,308.6214805722206,0.0
17254,308.5184967543937,0.0
17255,308.39842315956446,0.0
17256,308.1969448837698,0.0
17257,307.9940112592045,0.0
17258,307.7462498449165,0.0
17259,307.51450931549044,0.0
17260,307.24179838401875,0.0
17261,306.9920343776524,0.0
17262,306.7715637641424,1388.0942430295113
17263,307.67363931372915,2776.1884860590226
17264,308.6941046970662,4164.282729088534
17265,309.7491732910287,5552.376972118045
17266,310.83093386597113,6940.471215147558
17267,311.9400119059867,8328.565458177069
17268,313.0737353587694,9716.65970120658
17269,314.23810317345533,11104.75394423609
17270,315.43874136598015,12492.848187265603
17271,316.6649093386744,12492.848187265603
17272,316.8441016206741,12492.848187265603
17273,316.92954222974623,12492.848187265603
17274,316.99910621631784,12492.848187265603
17275,317.06082222081403,12492.848187265603
17276,317.115604948449,12492.848187265603
17277,317.1641120072863,12492.848187265603
17278,317.20759112038434,12492.848187265603
